id,Income,Age,Dependents,Occupation,City_Tier,Rent,Loan_Repayment,Insurance,Groceries,Transport,Eating_Out,Entertainment,Utilities,Healthcare,Education,Miscellaneous,Total_Expenses,Desired_Savings_Percentage,Desired_Savings,Disposable_Income,Potential_Savings_Rent,Potential_Savings_Loan_Repayment,Potential_Savings_Insurance,Potential_Savings_Groceries,Potential_Savings_Transport,Potential_Savings_Eating_Out,Potential_Savings_Entertainment,Potential_Savings_Utilities,Potential_Savings_Healthcare,Potential_Savings_Education,Potential_Savings_Miscellaneous
1,116200,32,2,Business Owner,Tier_1,26180,0,2180,13540,3670,4730,4180,5630,2830,8220,6090,77250,8.2,9530,38950,790,0,70,410,370,1660,1250,170,80,250,1520
2,62700,19,1,Freelancer,Tier_2,11320,0,870,8650,4150,4800,2460,2810,3970,430,2640,42100,30.4,19060,20600,340,0,30,260,420,1680,740,80,120,10,660
3,77300,20,0,Self-Employed,Tier_3,10390,3960,1090,6360,5270,4220,1920,2190,1800,1300,3550,42050,24.4,18860,35250,310,120,30,190,530,1480,580,70,50,40,890
4,94700,36,2,Salaried,Tier_2,20860,0,4140,13410,4140,2110,2140,3370,2260,1610,5210,59250,16.5,15630,35450,630,0,120,400,410,740,640,100,70,50,1300
5,121600,43,0,Business Owner,Tier_1,23390,0,5580,11180,5250,13110,3690,2870,1500,240,5480,72290,29.4,35750,49310,700,0,170,340,520,4590,1110,90,40,10,1370
6,189300,41,0,Salaried,Tier_1,64180,35850,1980,22270,13420,10900,3910,8640,2950,1480,7220,172800,33.8,63980,16500,1930,1080,60,670,1340,3810,1170,260,90,40,1800
7,8100,20,0,Student,Tier_1,2190,0,130,980,510,600,250,160,210,0,460,5490,31.7,2570,2610,70,0,0,30,50,210,80,0,10,0,120
8,81000,53,2,Freelancer,Tier_1,23930,13650,1230,9210,5100,3120,3640,3470,1930,5240,3980,74500,13.4,10850,6500,720,410,40,280,510,1090,1090,100,60,160,1000
9,30200,32,0,Salaried,Tier_3,4280,1490,710,3230,1320,1070,390,1370,650,490,1640,16640,9.9,2990,13560,130,40,20,100,130,370,120,40,20,10,410
10,106300,35,2,Salaried,Tier_2,28210,4450,1480,11650,5890,5600,4160,5790,7300,190,3840,78560,17.2,18280,27740,850,130,40,350,590,1960,1250,170,220,10,960
11,8500,21,0,Student,Tier_1,2800,0,380,880,280,760,370,500,480,130,230,6810,21.1,1790,1690,80,0,10,30,30,270,110,20,10,0,60
12,107000,37,2,Salaried,Tier_1,32130,0,2880,16950,9600,6300,4140,3250,3080,12440,4620,95390,22.6,24180,11610,960,0,90,510,960,2200,1240,100,90,370,1160
13,161500,23,0,Business Owner,Tier_1,24970,0,5460,18410,7120,5500,7370,4820,6420,1800,5940,87810,23.8,38440,73690,750,0,160,550,710,1920,2210,140,190,50,1480
14,105400,29,2,Self-Employed,Tier_3,25390,6960,2390,14690,3620,6590,5260,7320,1670,2700,3230,79820,33.2,34990,25580,760,210,70,440,360,2310,1580,220,50,80,810
15,4500,21,0,Student,Tier_3,1340,0,50,560,220,300,210,110,70,10,190,3060,15.4,690,1440,40,0,0,20,20,100,60,0,0,0,50
16,67400,38,3,Self-Employed,Tier_2,9210,0,1420,5040,5140,5220,1380,4150,3140,520,1370,36590,10.0,6740,30810,280,0,40,150,510,1830,410,120,90,20,340
17,6000,18,0,Student,Tier_3,1050,1190,250,770,500,210,120,140,290,100,220,4840,24.8,1490,1160,30,40,10,20,50,70,40,0,10,0,60
18,4500,31,3,Salaried,Tier_3,560,0,100,750,350,360,190,170,280,10,250,3020,31.2,1400,1480,20,0,0,20,40,130,60,10,10,0,60
19,55800,25,1,Salaried,Tier_3,8640,4030,2490,8280,2610,3620,1450,3570,2220,940,1370,39220,34.2,19080,16580,260,120,70,250,260,1270,440,110,70,30,340
20,62400,27,1,Salaried,Tier_3,15670,4310,2140,6800,3310,3770,1260,3260,680,1040,2590,44830,27.4,17100,17570,470,130,60,200,330,1320,380,100,20,30,650
21,62800,31,1,Business Owner,Tier_2,15670,4150,1400,6290,3400,3070,950,2500,3870,770,3520,45590,24.6,15450,17210,470,120,40,190,340,1070,280,80,120,20,880
22,68100,26,2,Salaried,Tier_2,15280,9810,1950,7530,2920,3620,3140,4100,1460,100,2770,52680,25.1,17090,15420,460,290,60,230,290,1270,940,120,40,0,690
23,53500,34,0,Salaried,Tier_3,8780,5590,2350,3520,2940,3430,950,2560,1860,230,2470,34680,8.1,4330,18820,260,170,70,110,290,1200,280,80,60,10,620
24,105500,40,2,Business Owner,Tier_3,22500,1170,2110,15650,6050,9630,3870,7280,4870,1800,5870,80800,24.5,25850,24700,680,40,60,470,600,3370,1160,220,150,50,1470
25,187200,40,0,Business Owner,Tier_2,31200,10180,6650,22700,11470,14350,3930,4320,4550,920,6140,116410,22.6,42310,70790,940,310,200,680,1150,5020,1180,130,140,30,1540
26,28300,24,0,Salaried,Tier_1,6290,3380,750,2170,1560,2360,940,1350,1500,390,1000,21690,8.2,2320,6610,190,100,20,70,160,830,280,40,40,10,250
27,21600,48,0,Salaried,Tier_2,4940,1050,410,2050,690,940,800,780,390,180,540,12770,24.8,5360,8830,150,30,10,60,70,330,240,20,10,10,140
28,87800,42,1,Salaried,Tier_1,20510,0,2210,7300,4360,6430,2210,4750,4890,2660,2040,57360,8.5,7460,30440,620,0,70,220,440,2250,660,140,150,80,510
29,63600,25,3,Self-Employed,Tier_3,18500,0,690,5690,2390,5100,2070,2260,3550,880,1700,42830,24.4,15520,20770,560,0,20,170,240,1780,620,70,110,30,420
30,8100,19,3,Business Owner,Tier_1,1160,560,300,1370,440,680,110,480,420,10,410,5940,31.0,2510,2160,30,20,10,40,40,240,30,10,10,0,100
31,60400,51,1,Self-Employed,Tier_1,12600,11290,2590,4460,5290,4670,2610,3150,2070,5320,3540,57590,15.3,9240,2810,380,340,80,130,530,1630,780,90,60,160,880
32,51300,42,0,Freelancer,Tier_2,8630,0,2220,3430,4250,1900,1470,2280,1490,30,2770,28470,12.9,6620,22830,260,0,70,100,420,660,440,70,40,0,690
33,45200,22,3,Salaried,Tier_3,13140,850,1750,5550,3410,3090,1620,2220,2780,80,1300,35790,26.7,12070,9410,390,30,50,170,340,1080,490,70,80,0,320
34,74600,26,0,Salaried,Tier_2,18970,5430,2840,6090,3360,2120,1320,1850,2740,1020,2040,47780,13.8,10290,26820,570,160,90,180,340,740,400,60,80,30,510
35,67700,46,1,Self-Employed,Tier_2,10310,210,2120,5990,5990,4770,2570,1830,3910,3990,3720,45410,23.5,15910,22290,310,10,60,180,600,1670,770,50,120,120,930
36,85400,38,1,Self-Employed,Tier_2,22890,0,1110,10180,2840,3120,2780,2970,5510,1210,4320,56930,24.4,20840,28470,690,0,30,310,280,1090,830,90,170,40,1080
37,8100,23,1,Freelancer,Tier_1,1630,0,280,1040,700,280,150,410,160,30,190,4870,8.1,660,3230,50,0,10,30,70,100,40,10,0,0,50
38,90400,40,1,Salaried,Tier_2,18240,0,4240,12010,6100,5990,4280,3610,3630,1050,5090,64240,30.3,27390,26160,550,0,130,360,610,2100,1280,110,110,30,1270
39,59500,28,3,Salaried,Tier_1,16690,9160,2840,7380,3550,1530,690,2750,1930,270,1410,48200,34.0,20230,11300,500,270,90,220,360,540,210,80,60,10,350
40,12000,30,6,Freelancer,Tier_2,1530,0,350,1990,1020,390,400,810,610,130,410,7640,17.0,2040,4360,50,0,10,60,100,140,120,20,20,0,100
41,41200,26,3,Business Owner,Tier_3,9020,0,930,4390,3630,2390,1260,3040,2190,400,1510,28760,13.1,5400,12440,270,0,30,130,360,840,380,90,70,10,380
42,29700,57,0,Salaried,Tier_2,6500,6060,820,3440,1110,2620,1020,880,530,290,1250,24520,10.5,3120,5180,200,180,20,100,110,920,310,30,20,10,310
43,13200,63,2,Retired,Tier_3,2230,0,650,1220,830,620,620,620,830,1370,410,9400,29.3,3870,3800,70,0,20,40,80,220,190,20,20,40,100
44,46900,19,1,Salaried,Tier_3,14060,0,750,5220,2380,2750,1490,1940,1320,160,2250,32320,23.4,10970,14580,420,0,20,160,240,960,450,60,40,0,560
45,61700,42,3,Salaried,Tier_3,11690,0,2640,10590,3680,1390,1860,3340,4090,970,2320,42570,22.2,13700,19130,350,0,80,320,370,490,560,100,120,30,580
46,88400,21,2,Salaried,Tier_2,16000,0,3180,13140,7170,7090,2230,3350,4710,1210,4850,62930,9.0,7960,25470,480,0,100,390,720,2480,670,100,140,40,1210
47,15300,43,5,Salaried,Tier_2,2110,0,690,2050,1100,1270,180,1110,530,690,400,10130,22.3,3410,5170,60,0,20,60,110,440,50,30,20,20,100
48,86300,35,2,Self-Employed,Tier_3,12580,8760,1740,8050,2640,7900,3970,4720,1790,690,2920,55760,23.9,20630,30540,380,260,50,240,260,2760,1190,140,50,20,730
49,230200,23,1,Business Owner,Tier_2,43560,24470,4490,26290,14850,24720,5020,14700,10670,1140,9820,179730,26.5,61000,50470,1310,730,130,790,1480,8650,1510,440,320,30,2460
50,192200,24,0,Business Owner,Tier_1,50680,0,6820,21080,13580,16250,6990,10290,7960,3130,8810,145590,16.3,31330,46610,1520,0,200,630,1360,5690,2100,310,240,90,2200
51,54200,29,1,Salaried,Tier_2,8220,1580,1710,8060,3350,4550,2340,1770,3000,470,2830,37880,28.2,15280,16320,250,50,50,240,340,1590,700,50,90,10,710
52,175600,39,1,Salaried,Tier_1,59390,0,4330,23370,5410,10110,4950,8900,8270,1850,9290,135870,33.4,58650,39730,1780,0,130,700,540,3540,1480,270,250,60,2320
53,105800,29,4,Salaried,Tier_1,19450,0,4540,18540,5090,5140,1650,8080,3520,940,2530,69480,32.0,33860,36320,580,0,140,560,510,1800,500,240,110,30,630
54,99500,26,0,Salaried,Tier_2,14710,0,1390,9870,5420,8620,1130,3460,3200,1700,5390,54890,10.7,10650,44610,440,0,40,300,540,3020,340,100,100,50,1350
55,85800,30,2,Business Owner,Tier_2,12180,16010,2420,11250,5880,6360,930,5120,2210,1300,3650,67310,9.9,8490,18490,370,480,70,340,590,2230,280,150,70,40,910
56,54000,38,4,Freelancer,Tier_1,17050,0,820,5710,2190,3580,600,1470,3530,1540,1780,38270,12.7,6860,15730,510,0,20,170,220,1250,180,40,110,50,440
57,59400,38,0,Salaried,Tier_2,15450,6710,850,5960,5150,1370,2450,3250,2140,490,3480,47300,9.6,5700,12100,460,200,30,180,520,480,740,100,60,10,870
58,117200,29,0,Self-Employed,Tier_1,30930,1690,2460,12970,7370,6010,5830,4830,3830,1280,2810,80010,26.9,31530,37190,930,50,70,390,740,2100,1750,140,110,40,700
59,6000,31,1,Freelancer,Tier_2,970,450,170,600,210,300,220,230,110,660,140,4060,30.5,1830,1940,30,10,10,20,20,100,70,10,0,20,40
60,38000,32,0,Salaried,Tier_1,7840,0,920,4300,2850,3070,1480,2230,1520,240,1640,26090,13.7,5210,11910,240,0,30,130,280,1070,440,70,50,10,410
61,243100,29,3,Business Owner,Tier_1,62440,43170,10650,41590,19230,18360,8680,6350,17020,3630,7460,238580,12.9,31360,4520,1870,1300,320,1250,1920,6430,2600,190,510,110,1860
62,211800,33,1,Business Owner,Tier_1,56990,1430,8440,17660,11690,11150,5250,11180,11170,14430,4960,154350,9.4,19910,57450,1710,40,250,530,1170,3900,1580,340,340,430,1240
63,45400,24,1,Salaried,Tier_2,9420,0,950,5900,1670,2270,970,2310,1680,550,990,26710,18.7,8490,18690,280,0,30,180,170,790,290,70,50,20,250
64,127600,31,2,Self-Employed,Tier_1,37340,4930,3220,17210,7660,11990,5390,3390,7860,650,2650,102290,32.9,41980,25310,1120,150,100,520,770,4200,1620,100,240,20,660
65,8600,18,0,Student,Tier_2,1530,1520,300,1090,730,230,380,260,340,80,310,6770,16.4,1410,1830,50,50,10,30,70,80,110,10,10,0,80
66,136800,36,2,Salaried,Tier_1,44530,10510,5350,19920,10790,5000,2170,4430,6370,12480,6320,127870,12.8,17510,8930,1340,320,160,600,1080,1750,650,130,190,370,1580
67,6000,34,0,Freelancer,Tier_2,1410,0,270,660,230,150,170,190,140,10,240,3470,16.4,980,2530,40,0,10,20,20,50,50,10,0,0,60
68,76800,41,1,Salaried,Tier_1,20380,0,2190,8650,5950,6350,2150,4350,3530,440,3000,56990,12.1,9290,19810,610,0,70,260,600,2220,640,130,110,10,750
69,80400,41,0,Salaried,Tier_1,15220,7740,2220,8190,3180,3710,1710,2920,2160,870,4150,52070,25.5,20500,28330,460,230,70,250,320,1300,510,90,60,30,1040
70,60000,22,1,Salaried,Tier_1,16430,0,2700,5620,3900,1790,1440,3800,2910,420,2630,41640,33.3,19980,18360,490,0,80,170,390,630,430,110,90,10,660
71,52700,38,0,Salaried,Tier_1,14750,0,1890,4950,2730,2390,910,1510,3020,460,1530,34140,11.7,6170,18560,440,0,60,150,270,840,270,50,90,10,380
72,75500,19,3,Salaried,Tier_3,21070,0,1770,11360,2860,3500,1240,4990,4550,1100,2010,54450,19.8,14950,21050,630,0,50,340,290,1220,370,150,140,30,500
73,56400,34,3,Salaried,Tier_2,9910,10030,1620,8870,2940,4870,2780,2690,1680,2580,2320,50290,34.1,19230,6110,300,300,50,270,290,1700,830,80,50,80,580
74,49000,50,2,Freelancer,Tier_3,10770,0,2150,7280,2310,3600,1020,3200,990,390,2830,34540,14.0,6860,14460,320,0,60,220,230,1260,310,100,30,10,710
75,60100,37,1,Salaried,Tier_1,8640,0,2620,7270,4660,1780,1290,3450,2910,1000,2900,36520,20.1,12080,23580,260,0,80,220,470,620,390,100,90,30,720
76,173700,33,1,Salaried,Tier_1,42950,4250,3740,15780,5710,8580,7250,7180,2920,2830,7620,108810,8.4,14590,64890,1290,130,110,470,570,3000,2180,220,90,80,1900
77,63400,40,2,Self-Employed,Tier_1,9870,13590,810,7510,3830,6790,2040,2620,2460,730,3760,54010,14.8,9380,9390,300,410,20,230,380,2380,610,80,70,20,940
78,83300,29,0,Salaried,Tier_3,21560,0,1940,5290,5230,6410,1420,4260,2770,1040,3770,53690,29.9,24910,29610,650,0,60,160,520,2240,430,130,80,30,940
79,66400,25,1,Salaried,Tier_3,19120,7530,3290,7420,3000,4830,1170,2460,3520,1030,2210,55580,11.4,7570,10820,570,230,100,220,300,1690,350,70,110,30,550
80,4500,35,1,Salaried,Tier_3,940,490,210,490,350,320,60,210,250,40,150,3510,10.2,460,990,30,10,10,10,40,110,20,10,10,0,40
81,95700,25,0,Business Owner,Tier_1,30440,7420,4780,7840,8500,9920,1240,4350,2700,1380,4510,83080,33.7,32250,12620,910,220,140,240,850,3470,370,130,80,40,1130
82,59600,25,1,Salaried,Tier_2,15500,4800,1510,6780,3950,4030,2860,2250,3100,620,2450,47850,18.7,11150,11750,460,140,50,200,400,1410,860,70,90,20,610
83,34800,46,2,Business Owner,Tier_1,6680,0,1730,3340,2960,2270,520,2180,1320,3750,1320,26070,10.4,3620,8730,200,0,50,100,300,790,160,70,40,110,330
84,115200,34,1,Business Owner,Tier_3,32310,21580,4430,16690,7860,10450,3500,3090,2490,1920,5950,110270,8.7,10020,4930,970,650,130,500,790,3660,1050,90,70,60,1490
85,77500,38,0,Self-Employed,Tier_1,26730,12260,2400,9420,6150,2340,3790,3540,2520,950,2620,72720,31.7,24570,4780,800,370,70,280,620,820,1140,110,80,30,660
86,119100,31,3,Freelancer,Tier_2,15480,3250,1920,10810,5880,8300,2840,8510,8090,1810,3580,70470,25.1,29890,48630,460,100,60,320,590,2900,850,260,240,50,900
87,60300,29,3,Self-Employed,Tier_1,16540,0,2060,9530,3850,5630,670,1630,3150,4170,2780,50010,28.7,17310,10290,500,0,60,290,380,1970,200,50,90,130,700
88,68600,33,0,Salaried,Tier_2,20040,7290,2890,7880,3280,1720,850,2580,2350,250,3040,52170,16.4,11250,16430,600,220,90,240,330,600,260,80,70,10,760
89,140900,51,0,Business Owner,Tier_2,25000,0,2920,11250,5050,6820,3570,6290,3160,2190,3720,69970,16.8,23670,70930,750,0,90,340,500,2390,1070,190,90,70,930
90,26100,41,1,Self-Employed,Tier_1,5270,130,1250,2830,2300,1100,630,620,980,2760,1210,19080,20.7,5400,7020,160,0,40,80,230,380,190,20,30,80,300
91,45900,19,2,Self-Employed,Tier_3,8820,5760,820,5550,1580,3050,1860,1660,3170,560,1140,33970,34.3,15740,11930,260,170,20,170,160,1070,560,50,100,20,280
92,99100,19,0,Salaried,Tier_3,15440,0,2970,6310,3790,4290,2870,3790,4000,920,3280,47660,24.6,24380,51440,460,0,90,190,380,1500,860,110,120,30,820
93,27700,33,0,Salaried,Tier_3,6860,1830,1180,2480,1950,2450,920,1440,1280,340,580,21310,20.8,5760,6390,210,50,40,70,200,860,280,40,40,10,140
94,25000,64,0,Retired,Tier_3,5830,3410,1090,1800,1770,560,1200,610,270,140,650,17330,26.6,6650,7670,170,100,30,50,180,200,360,20,10,0,160
95,27700,20,3,Salaried,Tier_3,3630,0,510,2950,1930,1570,620,920,1910,170,950,15160,28.8,7980,12540,110,0,20,90,190,550,190,30,60,10,240
96,113700,29,0,Business Owner,Tier_2,18250,0,2490,9450,4830,9460,2580,3860,6450,1630,3520,62520,11.3,12850,51180,550,0,70,280,480,3310,770,120,190,50,880
97,106500,41,3,Business Owner,Tier_1,21100,0,4110,11580,6020,4850,3110,3710,4880,1790,5100,66250,11.7,12460,40250,630,0,120,350,600,1700,930,110,150,50,1280
98,9100,34,3,Self-Employed,Tier_2,2270,200,370,680,570,930,240,650,610,520,250,7290,34.0,3090,1810,70,10,10,20,60,330,70,20,20,20,60
99,60400,31,2,Salaried,Tier_2,15110,0,2810,5190,5010,1950,2830,4200,2090,3590,3470,46250,34.0,20540,14150,450,0,80,160,500,680,850,130,60,110,870
100,19700,21,0,Student,Tier_3,5870,0,590,2660,1600,1040,350,480,360,160,600,13710,13.0,2560,5990,180,0,20,80,160,360,100,10,10,0,150
101,117900,19,0,Business Owner,Tier_3,31700,0,1590,13390,4840,4220,2710,3530,2720,500,5910,71110,33.8,39850,46790,950,0,50,400,480,1480,810,110,80,20,1480
102,71300,51,3,Salaried,Tier_2,10070,0,1870,8860,5970,4940,1600,2180,4930,2520,3180,46120,13.9,9910,25180,300,0,60,270,600,1730,480,70,150,80,800
103,44700,33,0,Salaried,Tier_1,11140,6530,840,3570,3370,3630,590,1690,2020,60,1900,35340,9.7,4340,9360,330,200,30,110,340,1270,180,50,60,0,480
104,60700,40,0,Self-Employed,Tier_2,12970,1550,1110,6470,2150,4060,2570,2310,2160,500,1350,37200,20.5,12440,23500,390,50,30,190,220,1420,770,70,60,20,340
105,47000,19,3,Freelancer,Tier_2,8550,660,2340,7850,1600,4010,530,2120,2820,650,2780,33910,25.4,11940,13090,260,20,70,240,160,1400,160,60,80,20,700
106,83600,20,0,Salaried,Tier_3,15680,0,3050,8620,5790,3710,1430,3470,3050,1100,2420,48320,8.1,6770,35280,470,0,90,260,580,1300,430,100,90,30,600
107,13000,28,0,Salaried,Tier_1,2730,790,620,1530,480,1000,350,660,700,0,370,9230,10.7,1390,3770,80,20,20,50,50,350,100,20,20,0,90
108,58300,30,1,Salaried,Tier_2,9460,0,2600,4060,3510,2350,2490,3100,1630,4180,2730,36110,16.7,9740,22190,280,0,80,120,350,820,750,90,50,130,680
109,87000,30,0,Salaried,Tier_1,27850,0,3050,8190,5200,7660,4150,4080,4290,500,3190,68160,12.0,10440,18840,840,0,90,250,520,2680,1240,120,130,20,800
110,78300,37,0,Salaried,Tier_2,19370,13880,3650,8220,6900,4620,1200,2330,1580,910,4450,67110,30.9,24190,11190,580,420,110,250,690,1620,360,70,50,30,1110
111,47900,36,2,Salaried,Tier_2,12320,0,1550,5460,3940,2070,2310,1150,3160,5530,1180,38670,35.0,16760,9230,370,0,50,160,390,720,690,30,90,170,300
112,72100,21,0,Self-Employed,Tier_1,18190,0,1820,7400,3720,3310,2200,2880,1080,1270,2800,44670,30.7,22130,27430,550,0,50,220,370,1160,660,90,30,40,700
113,22200,22,0,Student,Tier_1,7360,0,590,1600,1110,1030,960,890,950,270,670,15430,30.2,6700,6770,220,0,20,50,110,360,290,30,30,10,170
114,26300,63,1,Retired,Tier_2,7500,0,940,1840,840,2080,1260,1330,1370,1300,1410,19870,14.2,3730,6430,220,0,30,60,80,730,380,40,40,40,350
115,24800,24,1,Business Owner,Tier_1,5900,0,250,2790,760,1700,520,1580,290,360,1160,15310,29.8,7390,9490,180,0,10,80,80,600,160,50,10,10,290
116,20900,21,0,Student,Tier_1,4040,0,520,1930,1340,1870,400,990,1100,250,1140,13580,28.5,5960,7320,120,0,20,60,130,650,120,30,30,10,280
117,87000,45,1,Salaried,Tier_1,21010,8310,3600,9890,7090,2320,2710,2040,1930,9060,4830,72790,20.8,18100,14210,630,250,110,300,710,810,810,60,60,270,1210
118,81500,53,0,Salaried,Tier_1,16550,0,2730,9790,5930,3900,1070,2160,1790,1220,2900,48040,32.2,26240,33460,500,0,80,290,590,1360,320,60,50,40,720
119,141600,32,4,Salaried,Tier_2,41830,0,3890,23760,7140,10450,6820,6700,9100,500,4380,114570,34.8,49280,27030,1250,0,120,710,710,3660,2050,200,270,20,1100
120,59000,43,1,Self-Employed,Tier_1,17890,9260,780,4610,4290,4560,2340,2080,980,10,1910,48710,17.7,10440,10290,540,280,20,140,430,1600,700,60,30,0,480
121,135400,20,2,Salaried,Tier_1,30120,0,3270,10590,8920,5780,3440,4970,4620,210,7590,79510,32.4,43870,55890,900,0,100,320,890,2020,1030,150,140,10,1900
122,51000,67,2,Retired,Tier_2,10110,4720,1500,3910,2300,1900,1790,2590,1170,650,1640,32280,33.6,17140,18720,300,140,40,120,230,660,540,80,40,20,410
123,38100,36,0,Salaried,Tier_2,11250,0,870,5170,1600,1600,1850,2240,940,480,1510,27510,23.5,8950,10590,340,0,30,160,160,560,560,70,30,10,380
124,52400,49,2,Salaried,Tier_1,13650,6290,1950,6320,4570,2740,2010,2280,1490,4360,2760,48420,29.5,15460,3980,410,190,60,190,460,960,600,70,40,130,690
125,40500,29,0,Salaried,Tier_2,5400,0,1180,3730,2450,3420,1530,1690,2010,260,2260,23930,22.5,9110,16570,160,0,40,110,240,1200,460,50,60,10,560
126,8100,20,1,Business Owner,Tier_1,2200,80,400,1000,440,710,390,330,90,40,330,6010,22.0,1780,2090,70,0,10,30,40,250,120,10,0,0,80
127,80400,24,2,Self-Employed,Tier_2,14640,430,1140,8700,7050,2710,3830,2390,2390,660,2270,46210,21.0,16880,34190,440,10,30,260,700,950,1150,70,70,20,570
128,34700,20,1,Self-Employed,Tier_2,9220,880,1530,4190,2450,1310,1710,1120,700,100,1470,24680,33.9,11760,10020,280,30,50,130,240,460,510,30,20,0,370
129,82200,39,3,Salaried,Tier_1,21420,0,3140,7790,6180,6300,1030,2450,5460,1840,2720,58330,20.4,16770,23870,640,0,90,230,620,2200,310,70,160,60,680
130,45100,35,0,Salaried,Tier_3,10370,0,1080,5760,3020,3470,1720,1440,1840,70,1140,29910,11.2,5050,15190,310,0,30,170,300,1210,520,40,60,0,280
131,71300,29,0,Salaried,Tier_1,12580,9970,2690,7960,6420,4200,2110,1830,1830,580,1580,51750,17.7,12620,19550,380,300,80,240,640,1470,630,50,50,20,400
132,8100,36,2,Salaried,Tier_1,2270,740,350,930,280,180,330,300,220,520,220,6340,20.3,1640,1760,70,20,10,30,30,60,100,10,10,20,60
133,186100,29,1,Business Owner,Tier_2,49890,0,7210,20840,16630,6070,8040,10060,5000,22320,7070,153130,17.4,32380,32970,1500,0,220,630,1660,2120,2410,300,150,670,1770
134,46000,45,3,Freelancer,Tier_2,10390,3550,1770,6310,1840,1370,840,1610,740,290,1440,30150,22.5,10350,15850,310,110,50,190,180,480,250,50,20,10,360
135,126400,32,2,Salaried,Tier_2,37070,0,5910,20440,10370,3650,5640,4400,6680,12570,6380,113110,26.3,33240,13290,1110,0,180,610,1040,1280,1690,130,200,380,1600
136,118200,19,1,Self-Employed,Tier_2,27670,22890,1620,12930,5520,12130,2930,7410,3370,10,6020,102500,27.8,32860,15700,830,690,50,390,550,4250,880,220,100,0,1500
137,174800,29,0,Business Owner,Tier_2,34490,8150,3630,22070,8790,12680,5710,6890,4750,2150,3830,113140,10.7,18700,61660,1030,240,110,660,880,4440,1710,210,140,60,960
138,89700,38,3,Freelancer,Tier_2,26230,3990,3370,7850,6190,2790,4240,3440,4750,2700,3130,68680,32.4,29060,21020,790,120,100,240,620,980,1270,100,140,80,780
139,98100,28,3,Salaried,Tier_1,13560,0,1500,9500,6950,2030,3710,6410,7230,750,2480,54120,9.9,9710,43980,410,0,40,280,700,710,1110,190,220,20,620
140,84600,48,2,Salaried,Tier_2,21930,0,1300,13680,3260,4830,870,4510,3140,7330,3820,64670,12.1,10240,19930,660,0,40,410,330,1690,260,140,90,220,960
141,111200,36,1,Salaried,Tier_2,32620,0,1730,9870,3900,6530,3780,5320,5880,9210,6000,84840,25.8,28690,26360,980,0,50,300,390,2290,1130,160,180,280,1500
142,64800,43,0,Salaried,Tier_2,8410,12800,3120,6450,2380,3560,2190,2670,3820,1150,3720,50270,11.6,7520,14530,250,380,90,190,240,1250,660,80,110,30,930
143,6000,23,0,Student,Tier_2,740,0,120,380,200,450,180,270,210,40,290,2880,10.2,610,3120,20,0,0,10,20,160,50,10,10,0,70
144,41700,32,2,Self-Employed,Tier_2,7940,0,1810,5540,1420,3450,1630,2610,620,430,1560,27010,20.2,8420,14690,240,0,50,170,140,1210,490,80,20,10,390
145,8100,33,1,Self-Employed,Tier_1,2290,290,390,890,620,680,140,220,430,40,450,6440,28.8,2330,1660,70,10,10,30,60,240,40,10,10,0,110
146,43600,33,2,Salaried,Tier_3,8060,4790,1420,4520,1980,1190,1440,2470,1080,2660,950,30560,31.3,13650,13040,240,140,40,140,200,420,430,70,30,80,240
147,80200,21,1,Salaried,Tier_2,22000,0,3730,10330,4420,3410,2140,4230,2040,110,2800,55210,21.6,17320,24990,660,0,110,310,440,1190,640,130,60,0,700
148,15000,18,0,Student,Tier_1,2950,0,350,1560,460,510,490,480,620,130,660,8210,21.3,3200,6790,90,0,10,50,50,180,150,10,20,0,160
149,64900,47,0,Freelancer,Tier_1,12090,4950,2830,8450,5650,1300,2360,3500,3010,120,2670,46930,14.4,9350,17970,360,150,80,250,560,450,710,100,90,0,670
150,95400,35,3,Self-Employed,Tier_1,30880,10910,3630,10620,8440,2970,1320,3000,6030,130,4070,82000,19.7,18790,13400,930,330,110,320,840,1040,400,90,180,0,1020
151,11500,67,2,Retired,Tier_1,2230,0,210,1630,750,360,190,520,400,740,670,7700,13.6,1560,3800,70,0,10,50,80,130,60,20,10,20,170
152,60200,38,2,Salaried,Tier_1,18720,0,820,5580,3090,3370,2230,2120,4160,220,2180,42490,20.2,12160,17710,560,0,20,170,310,1180,670,60,120,10,540
153,168500,19,0,Business Owner,Tier_1,23670,30780,8310,11870,13380,9310,5930,7720,6590,790,8850,127200,8.6,14490,41300,710,920,250,360,1340,3260,1780,230,200,20,2210
154,88300,29,1,Salaried,Tier_3,17920,3260,2910,11990,4740,1950,3300,2570,1980,1980,2750,55350,31.9,28170,32950,540,100,90,360,470,680,990,80,60,60,690
155,94800,23,1,Salaried,Tier_2,20770,1270,2010,7270,3980,7770,2940,4630,5130,1360,5650,62780,29.1,27590,32020,620,40,60,220,400,2720,880,140,150,40,1410
156,36300,19,1,Salaried,Tier_2,6440,1750,1660,4790,1220,3250,1130,1990,2350,640,870,26090,25.7,9330,10210,190,50,50,140,120,1140,340,60,70,20,220
157,47000,33,1,Salaried,Tier_3,12800,0,1140,6450,3790,1520,1580,2650,2280,5150,990,38350,26.9,12640,8650,380,0,30,190,380,530,470,80,70,150,250
158,10800,20,0,Student,Tier_2,1900,0,150,850,470,610,110,610,220,30,530,5480,32.8,3540,5320,60,0,0,30,50,210,30,20,10,0,130
159,125400,47,1,Freelancer,Tier_1,42240,0,5980,12410,4520,5160,1940,3560,7780,1790,7330,92710,25.5,31980,32690,1270,0,180,370,450,1810,580,110,230,50,1830
160,4500,25,0,Salaried,Tier_3,720,0,80,380,320,130,180,260,260,30,270,2630,34.1,1530,1870,20,0,0,10,30,50,50,10,10,0,70
161,75500,57,0,Salaried,Tier_2,10970,0,1470,10460,3030,6190,1020,3650,3170,1200,2860,44020,15.2,11480,31480,330,0,40,310,300,2170,310,110,100,40,720
162,112400,46,1,Salaried,Tier_1,32560,23960,5100,12070,5930,6540,1580,4760,6460,8780,5340,113080,12.4,13940,-680,980,720,150,360,590,2290,470,140,190,260,1340
163,60000,31,2,Salaried,Tier_3,15110,7220,2760,4690,3940,3780,1760,1480,3980,1190,3340,49250,12.2,7320,10750,450,220,80,140,390,1320,530,40,120,40,840
164,153900,32,2,Salaried,Tier_1,29690,0,3000,11420,9900,12130,2480,6150,5600,820,7150,88340,24.2,37240,65560,890,0,90,340,990,4250,740,180,170,20,1790
165,164300,37,2,Salaried,Tier_1,39310,23890,2240,19730,6750,13470,4070,7210,4410,9170,4770,135020,15.3,25140,29280,1180,720,70,590,680,4710,1220,220,130,280,1190
166,56200,43,1,Salaried,Tier_2,16560,7290,1810,7720,4450,2770,1770,3320,2050,5950,2190,55880,10.1,5680,320,500,220,50,230,440,970,530,100,60,180,550
167,6000,20,0,Student,Tier_2,850,0,100,830,530,460,90,220,360,50,360,3850,24.9,1490,2150,30,0,0,20,50,160,30,10,10,0,90
168,101400,52,0,Freelancer,Tier_1,20840,6160,2870,13170,7830,6450,3130,3730,3120,270,4410,71980,28.5,28900,29420,630,180,90,400,780,2260,940,110,90,10,1100
169,7300,20,0,Student,Tier_3,1420,0,210,790,240,290,120,320,330,10,410,4140,17.0,1240,3160,40,0,10,20,20,100,40,10,10,0,100
170,35400,46,4,Salaried,Tier_2,6180,2180,1050,5410,1270,2860,540,2760,1500,530,1090,25370,19.3,6830,10030,190,70,30,160,130,1000,160,80,40,20,270
171,119200,38,3,Business Owner,Tier_1,29160,0,2680,14860,4550,11380,5380,3130,2900,1790,6370,82200,14.7,17520,37000,870,0,80,450,460,3980,1610,90,90,50,1590
172,32600,19,1,Salaried,Tier_3,6880,0,490,2200,1710,2010,560,1930,1390,210,870,18250,32.2,10500,14350,210,0,10,70,170,700,170,60,40,10,220
173,142500,31,2,Business Owner,Tier_2,33710,0,2960,15330,4450,12760,5800,3360,9190,1660,6280,95500,8.2,11680,47000,1010,0,90,460,440,4470,1740,100,280,50,1570
174,109900,45,0,Salaried,Tier_3,21570,0,2630,8810,6370,7410,4720,3940,1660,1010,5110,63230,30.8,33850,46670,650,0,80,260,640,2590,1420,120,50,30,1280
175,77000,27,0,Salaried,Tier_2,18120,0,1570,9000,6430,3150,1230,3900,4230,1120,4010,52760,24.2,18630,24240,540,0,50,270,640,1100,370,120,130,30,1000
176,6000,36,1,Business Owner,Tier_2,1170,0,70,760,390,240,230,190,240,570,340,4200,26.1,1570,1800,40,0,0,20,40,80,70,10,10,20,80
177,60400,45,0,Self-Employed,Tier_3,10060,10740,2450,4510,4280,3150,820,2070,2850,330,3110,44370,16.9,10210,16030,300,320,70,140,430,1100,250,60,90,10,780
178,52600,38,2,Salaried,Tier_1,17540,0,2400,6100,4320,2460,1150,1350,3220,870,1470,40880,19.0,9990,11720,530,0,70,180,430,860,340,40,100,30,370
179,41400,25,1,Self-Employed,Tier_3,9670,1610,1460,2700,1920,3640,690,2260,1540,570,970,27030,24.6,10180,14370,290,50,40,80,190,1270,210,70,50,20,240
180,108200,19,2,Business Owner,Tier_1,19400,8880,1140,10770,8660,4330,4010,5660,2820,1350,3650,70670,11.5,12440,37530,580,270,30,320,870,1520,1200,170,80,40,910
181,60100,43,3,Salaried,Tier_2,10870,0,2990,6510,5050,2710,1050,4320,4170,2910,1750,42330,27.6,16590,17770,330,0,90,200,500,950,320,130,130,90,440
182,57600,41,0,Salaried,Tier_2,13660,470,2600,4630,3580,1350,2870,2680,2460,20,2740,37060,19.3,11120,20540,410,10,80,140,360,470,860,80,70,0,680
183,52800,28,1,Salaried,Tier_2,12620,7700,1100,6180,2020,4130,750,2780,910,110,1280,39580,13.4,7080,13220,380,230,30,190,200,1450,220,80,30,0,320
184,87600,20,0,Salaried,Tier_1,17440,0,2620,6710,7530,3780,890,4110,4850,1320,4100,53350,12.0,10510,34250,520,0,80,200,750,1320,270,120,150,40,1020
185,67100,33,1,Salaried,Tier_2,13660,0,1140,4580,3180,5110,1510,3590,1070,6110,1470,41420,31.0,20800,25680,410,0,30,140,320,1790,450,110,30,180,370
186,207400,41,0,Business Owner,Tier_1,66340,0,8830,15480,11210,21740,4330,7350,10900,2990,9530,158700,29.5,61180,48700,1990,0,260,460,1120,7610,1300,220,330,90,2380
187,85900,56,2,Salaried,Tier_2,20800,0,2160,8840,2730,5830,3740,5870,1650,1420,2110,55150,19.1,16410,30750,620,0,60,270,270,2040,1120,180,50,40,530
188,153800,42,0,Salaried,Tier_1,45660,0,5010,21260,10800,6720,4760,7390,2270,1830,4610,110310,17.3,26610,43490,1370,0,150,640,1080,2350,1430,220,70,50,1150
189,159800,40,0,Business Owner,Tier_1,27240,0,7040,20700,5510,10430,3140,9400,2000,640,7310,93410,18.9,30200,66390,820,0,210,620,550,3650,940,280,60,20,1830
190,34900,33,2,Salaried,Tier_2,4930,0,1260,2760,1910,2060,350,960,1630,2590,1120,19570,21.7,7570,15330,150,0,40,80,190,720,100,30,50,80,280
191,89400,43,1,Salaried,Tier_2,20700,9310,3240,11320,3290,6540,1690,3250,4970,10350,2830,77490,22.1,19760,11910,620,280,100,340,330,2290,510,100,150,310,710
192,172900,36,1,Business Owner,Tier_1,27690,0,3030,25100,9260,10790,7130,9090,2870,1290,9870,106120,30.6,52910,66780,830,0,90,750,930,3780,2140,270,90,40,2470
193,71500,20,2,Self-Employed,Tier_3,15410,760,3390,10540,4220,4770,3350,2250,3230,940,1800,50660,18.5,13230,20840,460,20,100,320,420,1670,1000,70,100,30,450
194,53100,32,0,Self-Employed,Tier_3,15130,0,1110,7280,4680,3290,810,1940,2390,720,1700,39050,26.9,14280,14050,450,0,30,220,470,1150,240,60,70,20,420
195,22700,19,0,Student,Tier_2,4130,0,1120,2540,1990,1250,860,750,360,140,890,14030,23.4,5310,8670,120,0,30,80,200,440,260,20,10,0,220
196,87200,33,0,Business Owner,Tier_1,21470,0,1380,9910,3660,7590,1430,2740,1960,1320,4150,55610,16.0,13950,31590,640,0,40,300,370,2660,430,80,60,40,1040
197,87800,52,1,Business Owner,Tier_1,27830,0,2850,7490,6770,8000,1890,4420,5340,610,5120,70320,34.3,30120,17480,830,0,90,220,680,2800,570,130,160,20,1280
198,27500,41,1,Salaried,Tier_2,7810,0,990,3580,1730,1710,1130,1740,730,90,1300,20810,13.0,3580,6690,230,0,30,110,170,600,340,50,20,0,320
199,91600,22,0,Salaried,Tier_2,13140,0,1850,7920,6650,2820,1480,3010,1150,1540,4090,43650,25.9,23720,47950,390,0,60,240,660,990,440,90,30,50,1020
200,58900,23,3,Self-Employed,Tier_2,7790,6550,1570,7520,2090,2510,1090,2430,2050,230,2950,36780,22.3,13130,22120,230,200,50,230,210,880,330,70,60,10,740
201,20600,63,1,Retired,Tier_3,4780,0,770,1910,1750,1770,520,930,540,340,1090,14400,18.1,3730,6200,140,0,20,60,180,620,160,30,20,10,270
202,65400,24,4,Freelancer,Tier_2,13900,13640,1090,11780,4070,1340,830,4040,4200,1020,2420,58330,10.8,7060,7070,420,410,30,350,410,470,250,120,130,30,600
203,7500,51,1,Self-Employed,Tier_2,1520,0,100,520,580,530,250,240,190,350,340,4620,19.7,1480,2880,50,0,0,20,60,190,80,10,10,10,80
204,58000,19,0,Salaried,Tier_2,14850,0,2210,3820,4970,1590,2410,1860,830,800,2180,35520,18.7,10850,22480,450,0,70,110,500,560,720,60,20,20,540
205,6000,28,1,Business Owner,Tier_2,1760,190,220,860,470,510,150,380,240,60,150,4990,8.1,490,1010,50,10,10,30,50,180,40,10,10,0,40
206,59500,45,2,Self-Employed,Tier_2,10820,0,2130,6970,2360,2530,2580,1920,1320,860,3220,34710,31.0,18440,24790,320,0,60,210,240,890,770,60,40,30,800
207,11200,21,0,Student,Tier_3,2810,1200,260,790,780,300,390,630,290,90,500,8040,16.3,1830,3160,80,40,10,20,80,100,120,20,10,0,120
208,68000,28,2,Self-Employed,Tier_2,10870,11070,1870,10030,2590,5820,3070,3040,2200,370,2860,53790,12.7,8640,14210,330,330,60,300,260,2040,920,90,70,10,720
209,39600,34,2,Self-Employed,Tier_3,11070,670,520,2820,2390,1050,1320,1660,1810,4310,1670,29290,22.7,8990,10310,330,20,20,80,240,370,400,50,50,130,420
210,71900,58,1,Retired,Tier_2,14640,0,1860,7780,5020,5710,3040,3460,1420,4440,2720,50090,12.8,9200,21810,440,0,60,230,500,2000,910,100,40,130,680
211,12800,20,0,Student,Tier_2,2660,0,320,810,540,1070,310,500,420,10,760,7400,16.7,2140,5400,80,0,10,20,50,370,90,20,10,0,190
212,87700,43,0,Business Owner,Tier_2,20840,7050,3170,11120,5350,4880,4060,3570,2420,1370,3460,67290,21.0,18420,20410,630,210,100,330,540,1710,1220,110,70,40,860
213,92800,46,2,Self-Employed,Tier_2,14670,3820,2270,12640,3440,4020,3940,5250,3670,800,2640,57160,12.4,11510,35640,440,110,70,380,340,1410,1180,160,110,20,660
214,95000,46,2,Freelancer,Tier_1,14210,5400,1630,15060,6270,5650,1020,5380,4750,3230,2230,64830,20.1,19100,30170,430,160,50,450,630,1980,310,160,140,100,560
215,7000,67,3,Retired,Tier_3,1670,0,270,760,400,430,130,310,130,170,380,4650,21.6,1510,2350,50,0,10,20,40,150,40,10,0,10,100
216,119700,23,2,Salaried,Tier_1,17490,0,3610,9640,7050,3490,4090,7370,7620,1670,5500,67530,22.1,26450,52170,520,0,110,290,700,1220,1230,220,230,50,1380
217,116400,26,1,Salaried,Tier_1,30260,18990,4710,14550,4170,3420,3390,3680,6660,590,6410,96830,19.0,22120,19570,910,570,140,440,420,1200,1020,110,200,20,1600
218,27200,19,2,Salaried,Tier_2,3300,3920,1020,2690,1410,840,980,950,1660,210,940,17920,15.4,4190,9280,100,120,30,80,140,290,290,30,50,10,240
219,28100,19,2,Business Owner,Tier_2,4660,0,670,3800,2080,2690,1020,1630,1050,350,740,18690,13.8,3880,9410,140,0,20,110,210,940,310,50,30,10,180
220,70900,35,0,Salaried,Tier_1,12140,0,720,4770,2750,6010,1940,1600,1500,100,1530,33060,18.4,13050,37840,360,0,20,140,280,2100,580,50,40,0,380
221,10200,61,0,Retired,Tier_2,2400,0,180,1150,800,410,120,450,370,40,270,6190,9.0,920,4010,70,0,10,30,80,140,40,10,10,0,70
222,99300,52,5,Salaried,Tier_1,24350,16100,1270,9340,4670,7750,4630,4720,8090,3290,4390,88600,13.3,13210,10700,730,480,40,280,470,2710,1390,140,240,100,1100
223,14400,20,0,Student,Tier_2,4180,0,700,1870,1130,870,540,840,550,200,720,11600,34.0,4900,2800,130,0,20,60,110,300,160,30,20,10,180
224,64100,36,1,Salaried,Tier_2,15000,14020,2380,5430,3140,5570,1970,1410,3570,1910,1520,55920,26.2,16790,8180,450,420,70,160,310,1950,590,40,110,60,380
225,12800,44,0,Freelancer,Tier_1,4280,1920,590,1280,540,910,570,360,260,60,570,11340,12.2,1560,1460,130,60,20,40,50,320,170,10,10,0,140
226,19400,50,0,Salaried,Tier_3,5000,0,230,1910,1300,1060,960,1080,1040,170,1150,13900,32.7,6340,5500,150,0,10,60,130,370,290,30,30,10,290
227,106800,31,1,Salaried,Tier_1,23440,16130,1810,15930,7680,5580,4010,2360,2370,7450,3530,90290,24.5,26170,16510,700,480,50,480,770,1950,1200,70,70,220,880
228,104000,23,1,Salaried,Tier_2,19330,0,1920,13040,5440,8300,2200,3050,1860,1080,3030,59250,10.7,11130,44750,580,0,60,390,540,2900,660,90,60,30,760
229,158300,25,2,Salaried,Tier_1,48250,6150,4750,25640,12820,8890,6150,9440,4590,1600,6760,135040,18.8,29760,23260,1450,180,140,770,1280,3110,1840,280,140,50,1690
230,29300,54,2,Business Owner,Tier_1,6070,0,950,4570,1330,750,440,1860,1980,700,1260,19910,25.5,7470,9390,180,0,30,140,130,260,130,60,60,20,320
231,11900,24,3,Salaried,Tier_3,2240,0,420,1060,480,910,280,670,570,180,270,7080,12.4,1480,4820,70,0,10,30,50,320,80,20,20,10,70
232,124700,35,1,Salaried,Tier_1,28690,0,3060,14400,10970,6110,2160,2820,6250,9910,7180,91550,26.9,33540,33150,860,0,90,430,1100,2140,650,80,190,300,1800
233,131200,36,1,Salaried,Tier_1,38880,2400,2690,10260,9090,10760,2940,4240,3430,9860,3310,97860,30.6,40150,33340,1170,70,80,310,910,3770,880,130,100,300,830
234,46200,25,2,Salaried,Tier_2,13650,5490,970,5120,4070,3180,790,2350,2230,530,1970,40350,22.1,10210,5850,410,160,30,150,410,1110,240,70,70,20,490
235,162600,26,2,Business Owner,Tier_1,31180,10860,1630,23620,13150,8600,4680,3840,10580,2770,6350,117260,8.2,13330,45340,940,330,50,710,1320,3010,1400,120,320,80,1590
236,97000,23,1,Salaried,Tier_1,21650,11960,2500,7650,7200,4590,2440,3200,3260,420,4910,69780,32.6,31620,27220,650,360,80,230,720,1610,730,100,100,10,1230
237,59200,30,3,Freelancer,Tier_2,10190,0,2050,6000,3990,1960,640,1610,2700,1320,1430,31890,15.3,9060,27310,310,0,60,180,400,690,190,50,80,40,360
238,134800,24,1,Business Owner,Tier_2,24470,9240,5660,20360,7790,12200,3130,7820,8380,140,6880,106070,9.9,13350,28730,730,280,170,610,780,4270,940,230,250,0,1720
239,111800,44,0,Self-Employed,Tier_1,21190,0,3100,13310,3580,7010,4570,4570,6610,950,5280,70170,16.4,18340,41630,640,0,90,400,360,2450,1370,140,200,30,1320
240,87700,29,4,Salaried,Tier_2,20600,3830,3990,14940,3780,2450,3100,3820,2130,2910,2170,63720,29.3,25700,23980,620,110,120,450,380,860,930,110,60,90,540
241,57600,36,0,Salaried,Tier_1,9830,1160,2000,7750,5170,3670,710,2640,2600,820,1440,37790,14.3,8240,19810,290,30,60,230,520,1280,210,80,80,20,360
242,19400,63,0,Retired,Tier_3,3580,0,890,1920,1090,790,730,540,380,120,960,11000,15.4,2990,8400,110,0,30,60,110,280,220,20,10,0,240
243,33100,36,1,Freelancer,Tier_3,5540,2670,330,3970,1750,1090,360,1940,1740,950,1620,21960,25.8,8540,11140,170,80,10,120,180,380,110,60,50,30,400
244,17800,22,1,Self-Employed,Tier_1,4820,430,550,1260,1430,620,800,540,660,30,760,11900,30.6,5450,5900,140,10,20,40,140,220,240,20,20,0,190
245,43700,29,1,Business Owner,Tier_2,5800,8940,800,4690,3640,1340,1840,1060,1790,740,1600,32240,18.0,7870,11460,170,270,20,140,360,470,550,30,50,20,400
246,111600,33,1,Business Owner,Tier_3,15340,0,3490,9060,6870,5010,3910,3270,5720,830,2700,56200,25.2,28120,55400,460,0,100,270,690,1750,1170,100,170,20,680
247,10900,37,0,Salaried,Tier_2,1660,960,260,790,980,560,260,360,650,60,380,6920,28.6,3120,3980,50,30,10,20,100,200,80,10,20,0,100
248,80300,24,0,Salaried,Tier_2,13310,0,2240,7370,5910,7130,2720,3270,4790,440,2570,49750,14.0,11240,30550,400,0,70,220,590,2500,820,100,140,10,640
249,9100,50,2,Freelancer,Tier_1,2300,1850,150,670,470,270,220,460,230,890,220,7730,18.8,1710,1370,70,60,0,20,50,90,70,10,10,30,60
250,25200,18,0,Student,Tier_2,5640,0,850,2120,1860,1520,330,560,1220,160,1330,15590,19.2,4840,9610,170,0,30,60,190,530,100,20,40,0,330
251,8500,23,0,Student,Tier_3,1610,0,100,880,330,470,160,190,400,60,320,4520,24.1,2050,3980,50,0,0,30,30,160,50,10,10,0,80
252,114200,31,2,Self-Employed,Tier_1,25200,0,3430,16150,4320,4030,3700,5230,5640,2690,5100,75490,27.9,31860,38710,760,0,100,480,430,1410,1110,160,170,80,1280
253,54200,37,1,Salaried,Tier_1,15020,0,1300,5010,3560,1180,1200,3480,2390,6440,2040,41620,11.9,6450,12580,450,0,40,150,360,410,360,100,70,190,510
254,53300,37,2,Salaried,Tier_3,15500,10870,2390,7770,1640,3650,770,2350,690,1340,2210,49180,13.5,7200,4120,460,330,70,230,160,1280,230,70,20,40,550
255,107700,19,0,Self-Employed,Tier_1,30440,440,3590,12180,3510,4130,2300,5550,4400,100,4970,71610,8.2,8830,36090,910,10,110,370,350,1450,690,170,130,0,1240
256,97400,42,0,Salaried,Tier_1,26530,0,2460,13450,3500,4100,4350,4020,1880,880,3730,64900,33.0,32140,32500,800,0,70,400,350,1440,1300,120,60,30,930
257,84600,32,0,Salaried,Tier_1,14420,6450,2040,9310,3740,7490,2540,4440,3490,1340,4710,59970,30.0,25380,24630,430,190,60,280,370,2620,760,130,100,40,1180
258,105400,32,2,Salaried,Tier_2,30870,14200,3690,9560,4680,3230,5150,6890,3240,6860,2980,91350,11.7,12330,14050,930,430,110,290,470,1130,1540,210,100,210,740
259,31900,25,2,Self-Employed,Tier_3,6840,0,1590,5110,1230,3270,1490,1210,1400,540,790,23470,16.6,5300,8430,210,0,50,150,120,1140,450,40,40,20,200
260,16200,18,0,Student,Tier_2,4670,0,770,1330,1240,450,280,820,660,80,690,10990,14.2,2300,5210,140,0,20,40,120,160,80,20,20,0,170
261,30600,24,3,Salaried,Tier_2,7590,0,1350,3770,1170,1030,350,1920,410,150,1120,18860,28.0,8570,11740,230,0,40,110,120,360,100,60,10,0,280
262,78000,73,2,Retired,Tier_2,15780,4230,2040,5730,5780,3640,1760,4020,4260,5560,3200,56000,31.6,24650,22000,470,130,60,170,580,1270,530,120,130,170,800
263,64800,32,0,Freelancer,Tier_2,19390,7390,1670,7700,4110,3640,2280,1420,1590,460,2090,51740,30.3,19630,13060,580,220,50,230,410,1270,680,40,50,10,520
264,47200,31,1,Self-Employed,Tier_2,11800,0,1940,6880,3390,1670,1250,1940,970,3340,2290,35470,13.5,6370,11730,350,0,60,210,340,580,380,60,30,100,570
265,8100,33,0,Salaried,Tier_1,2320,0,120,780,420,460,210,420,290,140,280,5440,18.3,1480,2660,70,0,0,20,40,160,60,10,10,0,70
266,62600,20,0,Freelancer,Tier_3,15540,5780,1400,7610,3550,4000,920,1580,1260,700,1890,44230,20.4,12770,18370,470,170,40,230,360,1400,280,50,40,20,470
267,50200,50,4,Freelancer,Tier_2,10320,4530,660,7160,2240,2930,1750,2800,3400,290,1300,37380,25.6,12850,12820,310,140,20,210,220,1030,520,80,100,10,320
268,34800,24,0,Salaried,Tier_3,6790,1360,1280,3790,2490,2150,1440,940,1140,360,1990,23730,10.5,3650,11070,200,40,40,110,250,750,430,30,30,10,500
269,102900,55,1,Salaried,Tier_1,20440,3050,3890,9110,6340,5840,3890,4940,1720,9010,4650,72880,34.7,35710,30020,610,90,120,270,630,2040,1170,150,50,270,1160
270,57700,60,0,Self-Employed,Tier_2,12380,12630,1390,4060,3680,3900,2040,2290,1100,630,2790,46890,34.4,19850,10810,370,380,40,120,370,1360,610,70,30,20,700
271,76500,47,1,Salaried,Tier_1,26380,0,1790,8660,5220,1590,1380,2580,4090,420,3080,55190,16.7,12780,21310,790,0,50,260,520,560,410,80,120,10,770
272,62200,25,3,Salaried,Tier_2,11160,4620,2300,10280,4840,4060,1820,3480,4210,600,2080,49450,29.2,18160,12750,330,140,70,310,480,1420,550,100,130,20,520
273,44800,32,2,Salaried,Tier_2,9700,0,1680,6440,3730,2000,2190,1620,600,5290,2020,35270,30.7,13750,9530,290,0,50,190,370,700,660,50,20,160,500
274,98100,19,0,Self-Employed,Tier_1,14180,8930,2930,7750,5600,10190,1830,3150,1530,1390,5010,62490,32.7,32080,35610,430,270,90,230,560,3570,550,90,50,40,1250
275,97300,19,0,Salaried,Tier_1,32030,15680,3010,11870,3760,7880,4170,5600,4270,230,4770,93270,20.4,19850,4030,960,470,90,360,380,2760,1250,170,130,10,1190
276,58800,57,1,Business Owner,Tier_2,7540,6730,2140,5400,3800,2950,2690,2090,1250,1950,1930,38470,19.9,11700,20330,230,200,60,160,380,1030,810,60,40,60,480
277,99300,21,1,Salaried,Tier_1,24270,0,2380,9170,3820,6880,2120,3200,1450,1100,3330,57720,20.0,19860,41580,730,0,70,280,380,2410,640,100,40,30,830
278,99800,31,1,Salaried,Tier_2,22620,18360,3790,11780,4860,7710,3840,5050,3950,11660,5010,98630,20.6,20560,1170,680,550,110,350,490,2700,1150,150,120,350,1250
279,38000,37,2,Salaried,Tier_3,9420,3890,730,3430,3100,2400,1770,1570,1980,450,1960,30700,31.8,12080,7300,280,120,20,100,310,840,530,50,60,10,490
280,66100,24,1,Salaried,Tier_1,17390,0,930,8950,5140,2830,2380,3690,2620,480,2420,46830,24.8,16390,19270,520,0,30,270,510,990,710,110,80,10,600
281,74500,35,0,Self-Employed,Tier_3,16860,0,2040,9160,4670,3270,2720,1720,4210,770,2940,48360,24.0,17880,26140,510,0,60,270,470,1140,820,50,130,20,740
282,88400,36,0,Self-Employed,Tier_2,23560,15000,2220,8800,6150,2790,3770,4910,4880,1010,1770,74860,12.0,10610,13540,710,450,70,260,620,980,1130,150,150,30,440
283,94800,32,0,Salaried,Tier_2,23010,6600,3110,12610,4580,8160,2600,5620,2580,150,1930,70950,34.6,32800,23850,690,200,90,380,460,2860,780,170,80,0,480
284,78200,31,2,Salaried,Tier_1,16610,0,3490,7150,5640,3720,1780,3200,2640,770,3640,48640,20.8,16270,29560,500,0,100,210,560,1300,530,100,80,20,910
285,54000,33,3,Salaried,Tier_1,14940,1600,690,4100,3960,2920,1480,3990,950,620,1980,37230,20.3,10960,16770,450,50,20,120,400,1020,440,120,30,20,500
286,10000,28,1,Freelancer,Tier_2,1840,410,340,1150,810,370,300,390,400,70,590,6670,23.3,2330,3330,60,10,10,30,80,130,90,10,10,0,150
287,145000,33,0,Business Owner,Tier_1,41960,31380,7160,17730,8390,4430,6610,3410,4880,1940,8470,136360,10.1,14640,8640,1260,940,210,530,840,1550,1980,100,150,60,2120
288,20700,32,1,Business Owner,Tier_3,4230,3340,560,3060,1610,1000,240,1270,1060,1810,880,19060,9.7,2010,1640,130,100,20,90,160,350,70,40,30,50,220
289,156200,48,5,Self-Employed,Tier_1,30830,0,4720,28020,7290,5490,3320,11880,2340,310,4210,98410,24.0,37490,57790,920,0,140,840,730,1920,1000,360,70,10,1050
290,56800,36,0,Salaried,Tier_2,15630,0,760,4070,4890,1750,1690,3390,2760,240,2140,37320,25.2,14310,19480,470,0,20,120,490,610,510,100,80,10,540
291,105900,23,0,Salaried,Tier_2,14920,0,2750,8910,7920,7700,3310,3730,4800,900,2730,57670,31.5,33360,48230,450,0,80,270,790,2700,990,110,140,30,680
292,86300,19,2,Salaried,Tier_3,24610,12100,4160,9460,7340,6910,2020,3070,1490,1020,3080,75260,28.9,24940,11040,740,360,120,280,730,2420,610,90,40,30,770
293,70600,30,0,Business Owner,Tier_2,17240,2790,2250,8040,5640,1770,980,1710,2280,280,2210,45190,13.2,9320,25410,520,80,70,240,560,620,290,50,70,10,550
294,146000,47,0,Salaried,Tier_1,41550,0,6460,10280,10130,12120,4770,8570,8000,1830,4400,108110,20.6,30080,37890,1250,0,190,310,1010,4240,1430,260,240,50,1100
295,6000,22,0,Student,Tier_2,1070,0,80,730,320,260,70,350,140,50,240,3310,33.1,1990,2690,30,0,0,20,30,90,20,10,0,0,60
296,98900,43,0,Self-Employed,Tier_1,18120,0,4600,11590,3580,2980,3250,2970,3190,1600,2570,54450,25.3,25020,44450,540,0,140,350,360,1040,980,90,100,50,640
297,6100,24,0,Student,Tier_2,1760,0,170,780,470,460,190,120,350,90,240,4630,23.3,1420,1470,50,0,10,20,50,160,60,0,10,0,60
298,8100,19,0,Student,Tier_1,2010,1710,110,780,620,530,140,170,240,30,390,6730,32.2,2610,1370,60,50,0,20,60,190,40,10,10,0,100
299,123500,46,2,Business Owner,Tier_1,32200,13290,1550,14790,5990,8500,5360,5440,8570,80,2750,98520,29.3,36190,24980,970,400,50,440,600,2980,1610,160,260,0,690
300,31800,28,2,Salaried,Tier_1,8850,6120,510,3920,2720,720,500,1700,1240,530,690,27500,26.9,8550,4300,270,180,20,120,270,250,150,50,40,20,170
301,104700,42,1,Salaried,Tier_1,32170,2450,3130,14010,4530,7990,2830,5930,6680,8520,3450,91690,34.3,35910,13010,970,70,90,420,450,2800,850,180,200,260,860
302,8100,23,2,Self-Employed,Tier_1,2110,0,120,670,440,670,260,350,530,10,190,5350,30.9,2500,2750,60,0,0,20,40,230,80,10,20,0,50
303,75200,45,1,Self-Employed,Tier_3,21030,6890,3180,9890,5380,3110,2680,3320,2490,1270,3340,62580,9.0,6770,12620,630,210,100,300,540,1090,800,100,70,40,840
304,54200,34,3,Salaried,Tier_2,6550,0,800,6880,1940,2460,2190,2800,1410,5010,2510,32550,15.5,8400,21650,200,0,20,210,190,860,660,80,40,150,630
305,36200,23,0,Salaried,Tier_3,4620,0,770,3430,1810,2760,1460,790,1700,600,980,18920,29.2,10570,17280,140,0,20,100,180,970,440,20,50,20,240
306,37700,34,3,Self-Employed,Tier_1,6750,0,870,5720,1870,1220,1490,2560,1350,1000,1460,24290,21.1,7950,13410,200,0,30,170,190,430,450,80,40,30,360
307,20000,20,0,Student,Tier_1,5380,0,360,1400,1430,480,310,1080,660,60,670,11830,31.9,6380,8170,160,0,10,40,140,170,90,30,20,0,170
308,97100,25,0,Self-Employed,Tier_3,13160,0,2870,13560,6360,9160,2060,4780,4550,430,3210,60140,23.6,22920,36960,390,0,90,410,640,3210,620,140,140,10,800
309,34400,22,0,Student,Tier_2,7040,5820,390,3530,2020,2610,1470,1310,760,350,710,26010,27.8,9560,8390,210,170,10,110,200,910,440,40,20,10,180
310,26600,20,0,Student,Tier_1,7540,0,1060,1650,1520,1970,1200,960,1320,180,1030,18430,25.1,6680,8170,230,0,30,50,150,690,360,30,40,10,260
311,27300,22,0,Student,Tier_1,9110,0,1140,3360,950,2230,1080,610,1560,330,1520,21890,11.0,3000,5410,270,0,30,100,100,780,320,20,50,10,380
312,82900,36,1,Salaried,Tier_2,20530,0,4080,7080,3050,4430,3940,3870,5190,2090,4130,58390,14.1,11690,24510,620,0,120,210,300,1550,1180,120,160,60,1030
313,128400,30,0,Salaried,Tier_1,31720,3470,4930,14670,7960,5190,4470,6680,7350,1870,7400,95710,9.8,12580,32690,950,100,150,440,800,1820,1340,200,220,60,1850
314,7200,24,0,Student,Tier_2,1220,1100,210,940,440,460,160,420,270,20,240,5480,20.0,1440,1720,40,30,10,30,40,160,50,10,10,0,60
315,202000,58,4,Business Owner,Tier_1,54830,18300,4790,29780,10010,14920,7650,14310,8600,1110,5110,169410,29.3,59190,32590,1640,550,140,890,1000,5220,2300,430,260,30,1280
316,93500,19,1,Salaried,Tier_1,21730,3420,4390,11810,4410,8240,4070,4820,4370,260,2760,70280,9.1,8510,23220,650,100,130,350,440,2880,1220,140,130,10,690
317,119300,30,1,Salaried,Tier_1,24290,0,2970,13300,4740,4900,5590,4660,4510,2080,4570,71610,16.6,19800,47690,730,0,90,400,470,1720,1680,140,140,60,1140
318,58000,42,1,Salaried,Tier_2,17200,7320,920,6590,4900,2950,2180,3090,3450,150,2440,51190,16.3,9450,6810,520,220,30,200,490,1030,650,90,100,0,610
319,54500,23,1,Salaried,Tier_3,12830,7000,1030,7940,2540,1180,1720,2230,2560,90,2210,41330,13.3,7250,13170,380,210,30,240,250,410,520,70,80,0,550
320,56400,54,0,Salaried,Tier_2,10520,0,1210,4970,5000,4580,760,2770,1820,1010,2940,35580,15.8,8910,20820,320,0,40,150,500,1600,230,80,50,30,740
321,58100,38,0,Freelancer,Tier_3,13110,1100,1060,5690,4770,5170,730,3390,2780,90,2110,40000,32.7,19000,18100,390,30,30,170,480,1810,220,100,80,0,530
322,81400,29,0,Salaried,Tier_2,17880,760,3500,10320,3930,4810,2320,1720,820,380,4740,51180,30.5,24830,30220,540,20,100,310,390,1680,700,50,20,10,1180
323,42800,38,2,Self-Employed,Tier_2,7020,1120,900,6930,1460,3710,1420,2120,2650,480,1670,29480,26.7,11430,13320,210,30,30,210,150,1300,430,60,80,10,420
324,73800,19,0,Salaried,Tier_2,20520,2200,1220,6040,4070,6190,1790,2330,2690,1240,2990,51280,28.7,21180,22520,620,70,40,180,410,2170,540,70,80,40,750
325,37700,36,1,Salaried,Tier_1,10550,0,1410,4690,1350,2280,1620,840,1460,250,1490,25940,17.2,6480,11760,320,0,40,140,140,800,490,30,40,10,370
326,37500,22,0,Student,Tier_1,11630,0,1170,3900,2830,1050,1070,860,1910,620,1470,26510,16.4,6150,10990,350,0,40,120,280,370,320,30,60,20,370
327,52900,44,0,Salaried,Tier_3,6620,0,1000,6800,2040,1900,790,1330,740,660,2720,24600,10.1,5340,28300,200,0,30,200,200,660,240,40,20,20,680
328,51800,24,2,Freelancer,Tier_2,11000,0,760,4820,1760,3460,2080,3080,3370,190,2900,33420,13.0,6730,18380,330,0,20,140,180,1210,620,90,100,10,720
329,129700,47,0,Salaried,Tier_1,31340,20790,2550,13700,4660,7840,1370,3720,2540,660,7270,96440,22.5,29180,33260,940,620,80,410,470,2740,410,110,80,20,1820
330,44500,64,3,Retired,Tier_1,14960,0,1080,4990,1910,1600,650,3280,890,590,1130,31080,28.6,12730,13420,450,0,30,150,190,560,200,100,30,20,280
331,110800,24,2,Business Owner,Tier_2,18950,14640,2490,17750,6280,7810,2400,6970,2500,140,5940,85870,20.8,23050,24930,570,440,70,530,630,2730,720,210,80,0,1480
332,208400,45,1,Business Owner,Tier_1,34940,0,7010,15340,17820,22120,2620,13280,6060,14880,12430,146500,11.3,23550,61900,1050,0,210,460,1780,7740,790,400,180,450,3110
333,94700,40,1,Freelancer,Tier_2,24820,0,2460,10030,6270,4580,2780,3190,4950,1230,2840,63150,21.4,20270,31550,740,0,70,300,630,1600,830,100,150,40,710
334,257700,36,1,Business Owner,Tier_1,71790,0,8990,18840,8910,22450,10490,14390,5590,20470,10210,192130,15.1,38910,65570,2150,0,270,570,890,7860,3150,430,170,610,2550
335,33900,40,0,Salaried,Tier_3,6690,6820,860,2890,1780,1770,380,1430,1800,180,1640,26240,21.3,7220,7660,200,200,30,90,180,620,110,40,50,10,410
336,46700,29,1,Salaried,Tier_2,9600,0,1410,4610,2790,4110,1620,1720,2970,1800,990,31620,9.2,4300,15080,290,0,40,140,280,1440,490,50,90,50,250
337,55400,20,1,Freelancer,Tier_1,11560,0,1320,5300,2830,3670,1100,2750,2370,910,1250,33060,16.2,8970,22340,350,0,40,160,280,1280,330,80,70,30,310
338,128400,28,2,Salaried,Tier_1,24810,0,4300,20680,6760,6080,4220,7790,2230,1560,4290,82720,21.6,27730,45680,740,0,130,620,680,2130,1270,230,70,50,1070
339,39400,24,0,Freelancer,Tier_1,9490,7340,1630,5010,2450,1580,470,2360,1190,160,1960,33640,10.5,4140,5760,280,220,50,150,240,550,140,70,40,0,490
340,79300,32,2,Freelancer,Tier_1,21640,5270,3340,8710,4950,2700,2070,4140,3000,1090,2160,59070,8.5,6740,20230,650,160,100,260,500,940,620,120,90,30,540
341,54400,23,0,Business Owner,Tier_3,13800,0,2580,5580,3640,4820,1490,2320,2250,510,1880,38870,12.0,6530,15530,410,0,80,170,360,1690,450,70,70,20,470
342,42800,30,2,Salaried,Tier_2,8310,7760,1530,4000,2830,2070,620,1370,1110,4250,1650,35500,23.1,9890,7300,250,230,50,120,280,720,190,40,30,130,410
343,72300,51,2,Salaried,Tier_2,19130,10480,1230,10750,6350,3900,780,4560,1190,5220,3950,67540,32.3,23350,4760,570,310,40,320,640,1360,230,140,40,160,990
344,156800,31,1,Salaried,Tier_1,45480,32180,4840,21390,13640,13360,3150,9380,3710,2300,8200,157630,16.9,26500,-830,1360,970,150,640,1360,4680,940,280,110,70,2050
345,52600,28,1,Self-Employed,Tier_1,8830,2030,2570,5410,2380,3870,1560,1990,3260,300,1940,34140,26.4,13890,18460,260,60,80,160,240,1350,470,60,100,10,480
346,4500,61,1,Retired,Tier_3,1030,830,160,660,320,340,90,200,120,80,160,3990,29.9,1350,510,30,20,0,20,30,120,30,10,0,0,40
347,71200,40,0,Salaried,Tier_3,11820,0,3060,5610,3030,5860,3320,3220,3840,980,2580,43320,8.9,6340,27880,350,0,90,170,300,2050,1000,100,120,30,640
348,4500,23,0,Student,Tier_3,1250,0,190,520,270,200,150,240,210,40,90,3160,9.4,420,1340,40,0,10,20,30,70,40,10,10,0,20
349,58400,43,1,Business Owner,Tier_2,10310,1060,950,6390,5150,5480,2370,3400,2790,830,1910,40640,20.9,12210,17760,310,30,30,190,520,1920,710,100,80,20,480
350,147500,26,0,Business Owner,Tier_1,25910,28440,7050,19290,6410,15290,6920,6770,6100,2410,8700,133290,13.4,19760,14210,780,850,210,580,640,5350,2080,200,180,70,2180
351,186500,27,0,Business Owner,Tier_1,29180,15100,8930,12940,13640,11290,8730,7110,8150,400,9050,124520,13.1,24430,61980,880,450,270,390,1360,3950,2620,210,240,10,2260
352,17600,23,0,Student,Tier_3,5260,0,650,1650,960,530,380,540,720,290,610,11590,26.5,4660,6010,160,0,20,50,100,190,110,20,20,10,150
353,68700,39,2,Salaried,Tier_1,19950,0,950,5160,3430,2500,3180,4770,4540,1200,3020,48700,28.2,19370,20000,600,0,30,150,340,880,950,140,140,40,760
354,66800,19,0,Salaried,Tier_1,14350,14230,2160,7110,3050,3690,3150,3680,1110,380,2750,55660,11.8,7880,11140,430,430,60,210,300,1290,940,110,30,10,690
355,128200,48,3,Salaried,Tier_1,40960,0,5190,12890,6250,10570,2900,9500,7660,2330,6940,105190,25.8,33080,23010,1230,0,160,390,620,3700,870,280,230,70,1740
356,88300,19,2,Freelancer,Tier_1,16940,13710,2420,14300,7560,2020,2140,4950,3510,780,4750,73080,31.4,27730,15220,510,410,70,430,760,710,640,150,110,20,1190
357,117100,38,0,Salaried,Tier_1,37750,15090,3900,16130,7210,7020,3120,2700,5670,1430,6500,106520,8.7,10190,10580,1130,450,120,480,720,2460,940,80,170,40,1620
358,152700,44,0,Business Owner,Tier_2,41330,0,2020,19310,10620,9490,7360,6680,1570,2670,7060,108110,33.7,51460,44590,1240,0,60,580,1060,3320,2210,200,50,80,1760
359,48000,31,0,Salaried,Tier_2,11320,3410,590,3150,4180,2240,1250,1300,2800,750,1130,32120,31.0,14880,15880,340,100,20,90,420,780,380,40,80,20,280
360,90100,31,1,Salaried,Tier_3,18770,0,3810,8250,6410,2630,3300,5180,3470,5290,4990,62100,20.9,18830,28000,560,0,110,250,640,920,990,160,100,160,1250
361,35800,34,0,Self-Employed,Tier_2,4560,2690,1020,2790,2550,1330,1070,1620,1300,190,1340,20460,32.5,11640,15340,140,80,30,80,260,470,320,50,40,10,340
362,191600,27,3,Self-Employed,Tier_1,47190,0,2280,15710,6270,6330,5170,5650,10230,1960,5770,106560,14.9,28550,85040,1420,0,70,470,630,2220,1550,170,310,60,1440
363,76700,45,2,Salaried,Tier_2,21310,5020,2570,8580,5390,4880,1580,5220,4770,1720,2100,63140,28.2,21630,13560,640,150,80,260,540,1710,470,160,140,50,520
364,79900,39,2,Self-Employed,Tier_3,12060,8390,3010,12000,7030,5960,2350,4150,5440,3460,3750,67600,26.6,21250,12300,360,250,90,360,700,2090,700,120,160,100,940
365,97700,35,1,Salaried,Tier_1,17710,0,3520,10010,6600,7360,1720,3380,3500,830,2040,56670,12.5,12210,41030,530,0,110,300,660,2580,520,100,100,20,510
366,59900,35,3,Salaried,Tier_2,9360,0,2600,4760,1830,3840,2310,4400,3890,5300,2630,40920,23.0,13780,18980,280,0,80,140,180,1340,690,130,120,160,660
367,31100,20,1,Salaried,Tier_2,6460,0,970,3150,1520,760,1420,1230,1130,280,1790,18710,17.4,5410,12390,190,0,30,90,150,270,430,40,30,10,450
368,188200,24,1,Business Owner,Tier_1,35010,9100,8730,17710,12440,17840,6830,5130,5010,2410,10990,131200,30.5,57400,57000,1050,270,260,530,1240,6240,2050,150,150,70,2750
369,149600,39,0,Business Owner,Tier_2,38130,21950,2270,11360,9930,4860,3990,8940,3770,560,3270,109030,8.5,12720,40570,1140,660,70,340,990,1700,1200,270,110,20,820
370,18400,23,0,Student,Tier_1,4180,2500,270,1430,840,810,450,400,990,90,480,12440,26.6,4890,5960,130,80,10,40,80,280,140,10,30,0,120
371,6000,32,0,Self-Employed,Tier_2,1210,1110,90,410,400,540,290,320,70,10,270,4720,31.5,1890,1280,40,30,0,10,40,190,90,10,0,0,70
372,15600,23,0,Student,Tier_1,4240,1150,240,2000,880,770,640,470,790,100,630,11910,10.3,1610,3690,130,30,10,60,90,270,190,10,20,0,160
373,99000,24,3,Salaried,Tier_2,15950,17460,2630,11390,5690,7890,4140,4230,1410,260,2020,73070,29.8,29500,25930,480,520,80,340,570,2760,1240,130,40,10,500
374,18200,18,0,Student,Tier_1,5000,0,840,1180,1240,1270,660,740,450,130,860,12370,22.9,4170,5830,150,0,30,40,120,440,200,20,10,0,220
375,65800,37,1,Salaried,Tier_2,18800,10140,1830,5430,4120,4950,2370,3400,3860,6170,2380,63450,13.3,8750,2350,560,300,50,160,410,1730,710,100,120,190,600
376,90400,25,3,Salaried,Tier_1,17790,0,2900,11400,6820,2820,1000,5810,4440,390,4610,57980,27.6,24950,32420,530,0,90,340,680,990,300,170,130,10,1150
377,33700,67,2,Retired,Tier_1,5520,2210,1330,3760,3000,2570,1670,1670,2140,380,1390,25640,24.1,8120,8060,170,70,40,110,300,900,500,50,60,10,350
378,25000,27,2,Salaried,Tier_1,7150,0,500,2500,1620,1940,610,690,1320,370,580,17280,9.7,2420,7720,210,0,20,80,160,680,180,20,40,10,140
379,10200,21,0,Student,Tier_2,1950,0,310,960,580,870,300,600,520,30,260,6380,27.2,2770,3820,60,0,10,30,60,300,90,20,20,0,60
380,76400,37,1,Salaried,Tier_2,14250,0,2600,7650,2850,4590,890,2160,2360,1360,2450,41160,21.1,16120,35240,430,0,80,230,280,1610,270,60,70,40,610
381,58000,45,1,Freelancer,Tier_1,10590,0,1710,4370,2950,4690,1550,2690,2400,940,2970,34860,20.8,12060,23140,320,0,50,130,300,1640,460,80,70,30,740
382,20800,34,0,Business Owner,Tier_2,5740,1490,870,2350,1140,910,540,870,1200,330,1030,16470,25.4,5280,4330,170,40,30,70,110,320,160,30,40,10,260
383,9300,18,0,Student,Tier_2,2050,390,320,990,310,560,160,360,510,20,530,6200,12.9,1200,3100,60,10,10,30,30,200,50,10,20,0,130
384,88500,21,1,Salaried,Tier_3,17700,0,3030,8810,2890,7110,970,3580,2940,1370,2890,51290,14.9,13190,37210,530,0,90,260,290,2490,290,110,90,40,720
385,91100,36,2,Salaried,Tier_1,15760,12320,2100,6570,3050,4310,2080,3860,2770,4110,4840,61770,11.3,10290,29330,470,370,60,200,300,1510,620,120,80,120,1210
386,48800,38,0,Salaried,Tier_2,9240,0,610,4740,2660,2630,1280,1430,2650,240,2860,28340,26.2,12790,20460,280,0,20,140,270,920,380,40,80,10,720
387,56800,35,0,Salaried,Tier_2,8900,0,1420,7890,4370,3270,1530,3210,1850,0,2190,34630,30.4,17270,22170,270,0,40,240,440,1140,460,100,60,0,550
388,51200,36,4,Salaried,Tier_3,13880,4280,1230,7470,3330,2850,610,3350,2580,1850,1830,43260,11.3,5790,7940,420,130,40,220,330,1000,180,100,80,60,460
389,6200,32,2,Salaried,Tier_2,1130,360,250,690,280,550,150,280,290,0,300,4280,25.5,1580,1920,30,10,10,20,30,190,40,10,10,0,80
390,40200,19,3,Salaried,Tier_2,11300,6220,1630,5140,3100,2630,530,1060,2570,490,1880,36550,17.5,7040,3650,340,190,50,150,310,920,160,30,80,10,470
391,39900,30,2,Freelancer,Tier_3,11510,3900,750,2850,1870,3370,970,1090,1880,1450,1940,31580,14.3,5710,8320,350,120,20,90,190,1180,290,30,60,40,480
392,226400,19,1,Self-Employed,Tier_1,41040,0,9700,22420,18610,16260,6740,10290,10510,2310,10710,148590,23.3,52750,77810,1230,0,290,670,1860,5690,2020,310,320,70,2680
393,63700,41,2,Salaried,Tier_1,11320,9500,3160,8530,3950,2400,2060,2820,4200,730,3680,52350,9.4,5990,11350,340,280,90,260,400,840,620,80,130,20,920
394,8200,22,0,Student,Tier_2,2100,0,160,670,450,420,80,230,120,80,170,4480,27.9,2290,3720,60,0,0,20,40,150,20,10,0,0,40
395,46800,66,2,Retired,Tier_2,9660,0,1580,5980,2340,1760,670,1600,1470,310,1560,26930,29.4,13760,19870,290,0,50,180,230,620,200,50,40,10,390
396,4500,18,0,Student,Tier_3,590,30,100,580,150,130,210,170,110,50,100,2220,26.3,1180,2280,20,0,0,20,20,50,60,10,0,0,20
397,115700,24,1,Self-Employed,Tier_1,21550,0,4210,7600,6140,10500,5230,5590,3370,1950,5940,72080,20.3,23490,43620,650,0,130,230,610,3670,1570,170,100,60,1480
398,161300,44,2,Salaried,Tier_1,43540,9090,4330,22070,9140,5970,6760,4190,4790,8440,9420,127740,28.4,45810,33560,1310,270,130,660,910,2090,2030,130,140,250,2360
399,37600,41,1,Salaried,Tier_3,7010,70,1260,4640,1260,2090,1630,2210,1260,880,1050,23360,32.5,12220,14240,210,0,40,140,130,730,490,70,40,30,260
400,119300,26,0,Freelancer,Tier_1,30750,25280,4130,11150,4740,6180,4960,2590,2500,10,3450,95740,14.2,16940,23560,920,760,120,330,470,2160,1490,80,80,0,860
401,8100,32,1,Business Owner,Tier_1,1460,330,400,780,280,210,120,280,170,90,410,4530,9.2,750,3570,40,10,10,20,30,70,40,10,10,0,100
402,84100,43,4,Salaried,Tier_1,11980,0,3900,6850,5940,3910,3490,2710,6310,3080,2490,50660,29.9,25150,33440,360,0,120,210,590,1370,1050,80,190,90,620
403,45000,25,6,Business Owner,Tier_3,12510,0,710,8920,3500,1800,1130,2330,2660,790,1340,35690,9.2,4140,9310,380,0,20,270,350,630,340,70,80,20,340
404,87800,19,1,Self-Employed,Tier_1,27980,0,4280,12410,3740,2710,2530,4410,1260,800,4390,64510,25.4,22300,23290,840,0,130,370,370,950,760,130,40,20,1100
405,80800,36,0,Self-Employed,Tier_2,19800,12720,2410,6580,4370,8190,2700,1730,1690,300,4410,64900,18.7,15110,15900,590,380,70,200,440,2870,810,50,50,10,1100
406,29700,19,0,Salaried,Tier_3,4010,2900,710,3170,1720,1890,800,1150,900,430,970,18650,18.3,5440,11050,120,90,20,100,170,660,240,30,30,10,240
407,59500,42,0,Salaried,Tier_1,18590,6710,2130,7310,5090,1600,760,1280,1190,210,1970,46840,16.2,9640,12660,560,200,60,220,510,560,230,40,40,10,490
408,155700,31,3,Freelancer,Tier_2,44250,0,3420,24290,11990,7520,4080,8340,8260,1320,6310,119780,28.6,44530,35920,1330,0,100,730,1200,2630,1220,250,250,40,1580
409,162900,33,1,Salaried,Tier_1,48980,27150,6340,17050,12630,6830,2850,8940,7900,4100,6190,148960,23.1,37630,13940,1470,810,190,510,1260,2390,860,270,240,120,1550
410,126200,50,3,Salaried,Tier_2,24670,0,3300,19140,7860,5400,1380,8050,8780,2330,7330,88240,16.9,21330,37960,740,0,100,570,790,1890,410,240,260,70,1830
411,6900,35,0,Business Owner,Tier_2,1080,0,220,520,250,500,190,380,100,10,290,3540,8.9,610,3360,30,0,10,20,20,180,60,10,0,0,70
412,150700,35,2,Business Owner,Tier_2,19980,1900,4630,12890,12290,8820,2450,4270,6440,1300,3430,78400,33.8,50940,72300,600,60,140,390,1230,3090,740,130,190,40,860
413,13100,21,0,Student,Tier_1,4350,0,390,1500,610,270,210,300,390,190,540,8750,32.6,4270,4350,130,0,10,40,60,90,60,10,10,10,140
414,8100,18,0,Student,Tier_2,1990,0,180,880,640,260,160,450,380,70,460,5470,13.0,1050,2630,60,0,10,30,60,90,50,10,10,0,120
415,82100,54,2,Self-Employed,Tier_1,22000,0,3830,11030,6020,3470,2440,5690,3580,9810,1890,69760,10.8,8870,12340,660,0,110,330,600,1210,730,170,110,290,470
416,19700,26,1,Freelancer,Tier_1,5550,3250,500,2550,1600,940,210,520,1190,120,980,17410,21.1,4160,2290,170,100,20,80,160,330,60,20,40,0,240
417,146200,33,1,Salaried,Tier_2,39690,5490,1570,10740,6970,8400,3750,3650,7610,1780,3820,93470,17.7,25880,52730,1190,160,50,320,700,2940,1120,110,230,50,960
418,64800,30,0,Salaried,Tier_1,17540,0,2970,5910,3140,1530,660,3300,3130,1080,2270,41530,14.4,9330,23270,530,0,90,180,310,540,200,100,90,30,570
419,66000,19,2,Salaried,Tier_2,15870,3200,2990,9470,5270,2100,1100,2800,1180,390,2800,47170,13.1,8650,18830,480,100,90,280,530,740,330,80,40,10,700
420,74800,38,1,Salaried,Tier_2,13230,6400,2120,5270,5900,4900,1850,1830,1690,2710,3290,49190,34.5,25810,25610,400,190,60,160,590,1720,560,50,50,80,820
421,64300,43,4,Salaried,Tier_2,14660,13880,2430,9700,5680,4410,1500,3850,4600,370,3480,64560,21.0,13500,-260,440,420,70,290,570,1540,450,120,140,10,870
422,53200,25,0,Salaried,Tier_2,15850,0,1840,7010,2580,3810,2140,2380,690,360,1700,38360,12.1,6440,14840,480,0,60,210,260,1330,640,70,20,10,420
423,64800,28,3,Salaried,Tier_1,18860,0,1370,8960,4900,3660,3180,3690,1960,30,3490,50100,16.9,10950,14700,570,0,40,270,490,1280,950,110,60,0,870
424,68500,46,0,Salaried,Tier_2,15720,0,1570,6530,2080,5540,880,1900,2860,170,1930,39180,10.5,7190,29320,470,0,50,200,210,1940,260,60,90,10,480
425,43700,49,2,Self-Employed,Tier_3,7690,6940,870,3760,1960,2100,1220,2300,1200,610,1010,29660,34.3,14990,14040,230,210,30,110,200,740,370,70,40,20,250
426,84900,22,2,Salaried,Tier_1,25660,0,2140,12640,6410,7170,2870,2570,4560,390,3270,67680,20.2,17150,17220,770,0,60,380,640,2510,860,80,140,10,820
427,75600,19,2,Salaried,Tier_2,11180,3150,790,8770,5560,4110,3560,5050,5130,510,2990,50800,25.3,19130,24800,340,90,20,260,560,1440,1070,150,150,20,750
428,38400,55,2,Self-Employed,Tier_1,7330,7710,1490,4490,2280,3140,1450,2050,2510,3390,1140,36980,8.9,3420,1420,220,230,40,130,230,1100,440,60,80,100,280
429,6500,42,0,Freelancer,Tier_2,1090,0,240,520,430,560,280,130,320,80,370,4020,18.7,1220,2480,30,0,10,20,40,200,80,0,10,0,90
430,4500,27,1,Self-Employed,Tier_3,780,960,160,440,220,260,200,240,70,50,230,3610,17.3,780,890,20,30,0,10,20,90,60,10,0,0,60
431,54300,42,2,Salaried,Tier_2,14500,20,690,7290,3340,3570,2140,1690,1810,690,1520,37260,12.9,7000,17040,440,0,20,220,330,1250,640,50,50,20,380
432,13800,19,0,Student,Tier_2,2300,0,360,1520,930,1110,230,440,400,70,460,7820,23.8,3280,5980,70,0,10,50,90,390,70,10,10,0,120
433,72100,36,1,Self-Employed,Tier_2,9910,0,740,8430,6430,6340,3410,3030,2090,560,2510,43450,32.0,23070,28650,300,0,20,250,640,2220,1020,90,60,20,630
434,24800,69,0,Retired,Tier_3,4450,550,700,2870,1820,2040,390,1090,1330,120,1190,16550,30.0,7440,8250,130,20,20,90,180,710,120,30,40,0,300
435,37500,36,0,Salaried,Tier_2,5770,8140,1810,4690,1160,1700,440,1960,990,300,1660,28620,18.8,7050,8880,170,240,50,140,120,600,130,60,30,10,420
436,259400,19,2,Self-Employed,Tier_1,84400,0,5640,22750,10010,17560,8530,16330,10600,600,13460,189880,16.1,41760,69520,2530,0,170,680,1000,6150,2560,490,320,20,3360
437,64900,21,2,Business Owner,Tier_2,9140,9460,1270,5790,4880,5150,880,2820,3450,190,3710,46740,32.4,21030,18160,270,280,40,170,490,1800,260,80,100,10,930
438,81400,33,3,Freelancer,Tier_1,23460,1620,3070,13100,6990,5990,2770,4620,2910,7010,4020,75560,18.3,14900,5840,700,50,90,390,700,2100,830,140,90,210,1000
439,6000,30,3,Business Owner,Tier_2,810,120,240,1000,450,200,150,400,430,420,120,4340,9.7,580,1660,20,0,10,30,40,70,40,10,10,10,30
440,20300,42,1,Self-Employed,Tier_3,4630,0,520,2260,1170,730,970,1170,770,1110,890,14220,11.9,2420,6080,140,0,20,70,120,260,290,40,20,30,220
441,4500,45,1,Business Owner,Tier_3,640,990,170,480,360,300,170,170,290,30,240,3840,13.7,620,660,20,30,10,10,40,100,50,10,10,0,60
442,93100,32,1,Business Owner,Tier_3,27670,13500,4090,14000,5850,4870,3460,5990,4810,4370,3830,92440,15.6,14520,660,830,400,120,420,580,1700,1040,180,140,130,960
443,54000,29,2,Business Owner,Tier_1,13940,9560,2380,7310,3100,2040,840,3000,1540,140,1550,45400,28.2,15230,8600,420,290,70,220,310,710,250,90,50,0,390
444,8100,32,0,Business Owner,Tier_1,2710,760,350,1090,290,860,140,180,480,90,350,7300,34.2,2770,800,80,20,10,30,30,300,40,10,10,0,90
445,143100,19,2,Business Owner,Tier_1,40130,30050,5170,14940,10230,12990,5200,8480,8840,1680,4440,142150,25.6,36630,950,1200,900,160,450,1020,4550,1560,250,270,50,1110
446,66600,44,2,Salaried,Tier_1,17090,4010,2650,9540,2720,3590,2380,2890,2980,790,1500,50140,32.5,21640,16460,510,120,80,290,270,1260,710,90,90,20,380
447,57300,23,1,Freelancer,Tier_1,14270,0,1690,6280,3730,4010,2380,1540,2950,1000,3200,41050,12.9,7390,16250,430,0,50,190,370,1400,710,50,90,30,800
448,120000,19,0,Self-Employed,Tier_1,20560,14850,5290,7540,10660,7980,2950,5010,3740,2040,2400,83020,16.1,19320,36980,620,450,160,230,1070,2790,880,150,110,60,600
449,6000,21,0,Student,Tier_2,1280,0,140,620,260,160,260,180,120,30,320,3370,33.9,2030,2630,40,0,0,20,30,60,80,10,0,0,80
450,121900,38,1,Self-Employed,Tier_1,23260,0,5630,12110,4270,5530,3290,6290,4840,1030,6010,72260,34.9,42540,49640,700,0,170,360,430,1940,990,190,150,30,1500
451,183500,23,2,Business Owner,Tier_1,31150,40070,5020,13210,12150,5600,2750,5190,7960,220,8370,131690,17.8,32660,51810,930,1200,150,400,1220,1960,820,160,240,10,2090
452,69100,21,2,Salaried,Tier_1,14930,14730,1740,5480,5910,2230,2700,2590,4090,610,2840,57850,26.9,18590,11250,450,440,50,160,590,780,810,80,120,20,710
453,29000,18,0,Student,Tier_2,5280,0,1410,2970,1900,2300,840,730,300,270,760,16760,11.4,3310,12240,160,0,40,90,190,800,250,20,10,10,190
454,117500,49,2,Salaried,Tier_2,29050,4730,5810,16880,7070,4620,3190,7860,7370,1720,3780,92080,31.2,36660,25420,870,140,170,510,710,1620,960,240,220,50,940
455,31500,20,0,Student,Tier_1,5420,0,1250,3290,1880,2560,1530,1160,1120,410,1230,19850,21.9,6900,11650,160,0,40,100,190,900,460,30,30,10,310
456,4500,61,0,Retired,Tier_3,1120,0,180,360,330,390,190,250,160,50,200,3230,34.0,1530,1270,30,0,10,10,30,140,60,10,0,0,50
457,65700,19,0,Business Owner,Tier_3,17810,7420,3160,6160,3470,3640,950,3720,1480,640,3330,51780,11.2,7360,13920,530,220,90,180,350,1270,280,110,40,20,830
458,64300,37,3,Salaried,Tier_1,17430,11680,730,7740,4310,3480,1560,3560,2110,410,1300,54310,32.0,20580,9990,520,350,20,230,430,1220,470,110,60,10,320
459,121700,31,2,Salaried,Tier_1,20670,3320,3590,10230,8450,4360,3140,4510,4440,2660,6380,71750,10.9,13270,49950,620,100,110,310,840,1530,940,140,130,80,1600
460,30300,38,2,Salaried,Tier_3,4670,0,780,4200,2550,950,540,1380,1520,970,1120,18680,22.9,6940,11620,140,0,20,130,260,330,160,40,50,30,280
461,93500,37,0,Freelancer,Tier_2,19670,0,4090,8520,3420,2580,1010,2450,3270,1290,2750,49050,26.3,24590,44450,590,0,120,260,340,900,300,70,100,40,690
462,44200,33,0,Salaried,Tier_3,7280,0,1350,3530,3360,3560,2200,1320,2260,160,2130,27150,29.9,13220,17050,220,0,40,110,340,1250,660,40,70,0,530
463,294000,45,3,Business Owner,Tier_2,47420,0,3390,50760,25210,17580,10190,8620,4570,2160,9480,179380,25.1,73790,114620,1420,0,100,1520,2520,6150,3060,260,140,60,2370
464,69000,22,1,Salaried,Tier_1,13530,5330,1840,6380,2270,1580,830,3710,1540,590,3890,41490,10.7,7380,27510,410,160,60,190,230,550,250,110,50,20,970
465,66500,27,0,Salaried,Tier_3,8140,8070,2960,5750,4950,3010,2740,2740,1900,780,1890,42930,18.4,12240,23570,240,240,90,170,500,1050,820,80,60,20,470
466,8100,19,0,Student,Tier_1,1440,0,380,530,510,360,320,480,160,110,180,4470,13.2,1070,3630,40,0,10,20,50,130,100,10,0,0,40
467,234800,48,0,Self-Employed,Tier_1,54200,0,10900,15360,12950,24000,7080,4900,9380,2940,5910,147620,9.2,21600,87180,1630,0,330,460,1300,8400,2120,150,280,90,1480
468,4500,19,0,Self-Employed,Tier_3,1090,860,220,330,340,250,190,160,110,10,120,3680,13.9,630,820,30,30,10,10,30,90,60,0,0,0,30
469,54400,36,0,Business Owner,Tier_3,8690,8480,1750,4010,1780,2390,630,1410,2950,910,1680,34680,29.3,15940,19720,260,250,50,120,180,840,190,40,90,30,420
470,23600,22,2,Business Owner,Tier_1,4950,3140,580,1820,1710,1660,920,990,1110,140,530,17550,30.0,7080,6050,150,90,20,50,170,580,280,30,30,0,130
471,114300,40,1,Freelancer,Tier_1,34240,0,4550,11180,7910,9250,4040,5190,6280,450,3510,86600,23.7,27090,27700,1030,0,140,340,790,3240,1210,160,190,10,880
472,66100,31,2,Freelancer,Tier_2,18670,0,1140,5740,5400,2200,1960,3770,3250,170,1750,44050,12.8,8460,22050,560,0,30,170,540,770,590,110,100,10,440
473,70100,37,1,Salaried,Tier_2,15060,0,2970,8200,3690,1500,3020,3830,3200,370,2100,43940,10.3,7220,26160,450,0,90,250,370,520,910,110,100,10,520
474,75100,55,4,Salaried,Tier_2,18960,0,2880,7550,4420,4460,2090,2630,2640,1390,1670,48690,26.7,20050,26410,570,0,90,230,440,1560,630,80,80,40,420
475,95500,36,1,Business Owner,Tier_1,31210,0,2590,7400,6620,4100,4310,3650,5590,9430,2340,77240,12.6,12030,18260,940,0,80,220,660,1440,1290,110,170,280,580
476,80700,45,2,Salaried,Tier_1,26560,0,3700,10140,3280,4610,2740,4420,1640,6460,2590,66140,30.1,24290,14560,800,0,110,300,330,1610,820,130,50,190,650
477,163700,46,0,Salaried,Tier_1,25180,0,7750,11770,11350,6940,4190,8000,8070,1410,3710,88370,23.6,38630,75330,760,0,230,350,1140,2430,1260,240,240,40,930
478,62400,76,3,Retired,Tier_1,17570,5680,2600,6710,4880,4100,1240,2840,2700,4000,2580,54900,30.2,18840,7500,530,170,80,200,490,1440,370,90,80,120,640
479,87800,42,0,Salaried,Tier_2,22360,0,1700,5290,7870,1860,2840,5120,4920,90,2980,55030,30.9,27130,32770,670,0,50,160,790,650,850,150,150,0,740
480,4500,22,0,Student,Tier_3,740,0,60,320,390,310,110,90,260,30,220,2530,25.9,1170,1970,20,0,0,10,40,110,30,0,10,0,60
481,44600,35,1,Salaried,Tier_3,11880,1470,770,5760,3340,3070,980,1760,1290,4180,2130,36630,15.7,7000,7970,360,40,20,170,330,1070,290,50,40,130,530
482,59000,37,3,Salaried,Tier_3,15920,8830,2660,7630,4710,4980,1770,3540,2280,1110,3480,56910,22.1,13040,2090,480,260,80,230,470,1740,530,110,70,30,870
483,68200,69,1,Retired,Tier_1,21290,0,1960,6260,4670,5310,1130,3840,3120,1590,1660,50830,10.1,6890,17370,640,0,60,190,470,1860,340,120,90,50,420
484,42000,42,1,Self-Employed,Tier_3,7380,0,1490,2840,1940,4450,1370,1930,2250,30,1370,25050,33.5,14070,16950,220,0,40,90,190,1560,410,60,70,0,340
485,134400,33,1,Salaried,Tier_1,38740,28790,5120,9840,7320,9660,1890,7590,2540,1420,4740,117650,23.8,31990,16750,1160,860,150,300,730,3380,570,230,80,40,1180
486,78300,40,2,Freelancer,Tier_1,23890,0,3190,6620,6880,4400,3070,4180,5130,480,4030,61870,17.2,13470,16430,720,0,100,200,690,1540,920,130,150,10,1010
487,72200,31,0,Salaried,Tier_3,13700,0,2480,4770,2830,4620,2160,3770,1240,1130,3020,39720,34.2,24690,32480,410,0,70,140,280,1620,650,110,40,30,760
488,86800,41,2,Freelancer,Tier_1,13580,3420,3550,8120,5070,3290,3910,4630,1710,1290,3710,52280,9.1,7900,34520,410,100,110,240,510,1150,1170,140,50,40,930
489,8100,31,3,Freelancer,Tier_1,2530,1700,200,1150,490,310,360,480,410,630,400,8660,14.6,1180,-560,80,50,10,30,50,110,110,10,10,20,100
490,87100,38,0,Freelancer,Tier_1,19020,8860,1200,8470,5970,7230,2490,2040,4060,1440,4960,65740,28.7,25000,21360,570,270,40,250,600,2530,750,60,120,40,1240
491,224100,42,0,Salaried,Tier_1,63500,23480,4740,14130,8820,11850,7980,7350,2590,2420,7890,154750,33.3,74630,69350,1900,700,140,420,880,4150,2390,220,80,70,1970
492,121400,30,1,Salaried,Tier_2,28460,0,1550,12120,5820,8480,5440,5370,5700,3780,6460,83180,10.5,12750,38220,850,0,50,360,580,2970,1630,160,170,110,1620
493,9600,21,0,Student,Tier_1,2690,0,360,850,690,450,100,490,380,10,450,6470,24.6,2360,3130,80,0,10,30,70,160,30,10,10,0,110
494,36200,42,3,Salaried,Tier_3,5320,0,580,5800,1330,3180,950,1830,460,1960,1930,23340,11.4,4130,12860,160,0,20,170,130,1110,280,50,10,60,480
495,75800,39,2,Salaried,Tier_3,14250,5800,3650,12110,4900,1590,3230,1820,4820,4570,4150,60890,26.9,20390,14910,430,170,110,360,490,560,970,50,140,140,1040
496,129800,32,0,Business Owner,Tier_2,27800,21850,1890,9610,7230,5040,4390,5410,3770,1970,6170,95130,19.8,25700,34670,830,660,60,290,720,1760,1320,160,110,60,1540
497,125900,51,0,Salaried,Tier_2,29830,17070,3330,12550,9460,10690,1760,4750,4920,70,3980,98410,19.4,24420,27490,890,510,100,380,950,3740,530,140,150,0,1000
498,82300,33,0,Salaried,Tier_2,11720,17520,3830,7660,6520,5700,3260,1670,2360,330,2580,63150,31.7,26090,19150,350,530,110,230,650,1990,980,50,70,10,640
499,53700,36,0,Salaried,Tier_3,6590,1810,1340,6730,4250,3330,1260,3130,3200,230,3170,35040,13.2,7090,18660,200,50,40,200,420,1170,380,90,100,10,790
500,5900,55,2,Business Owner,Tier_3,1750,230,270,690,330,190,250,270,280,80,320,4660,24.9,1470,1240,50,10,10,20,30,70,80,10,10,0,80
501,96600,40,1,Salaried,Tier_2,12080,0,4520,6920,5110,6950,1470,3980,4340,4150,2860,52380,32.2,31110,44220,360,0,140,210,510,2430,440,120,130,120,720
502,123700,39,1,Salaried,Tier_2,29520,0,5860,14720,8450,7490,1750,5130,5320,240,3870,82350,32.2,39830,41350,890,0,180,440,840,2620,520,150,160,10,970
503,39200,21,3,Salaried,Tier_2,5220,8270,510,5590,2060,1640,1820,2540,920,10,1060,29640,23.3,9130,9560,160,250,20,170,210,570,550,80,30,0,260
504,68000,41,5,Self-Employed,Tier_1,17080,2370,2700,12770,2830,1800,740,3850,1680,1060,1670,48550,13.9,9450,19450,510,70,80,380,280,630,220,120,50,30,420
505,86300,30,0,Salaried,Tier_1,18140,0,1880,10320,5160,4820,2240,2390,1610,1070,4790,52420,15.6,13460,33880,540,0,60,310,520,1690,670,70,50,30,1200
506,40500,45,1,Salaried,Tier_2,8420,0,1090,5240,3200,2580,1390,1630,1680,270,1830,27330,9.7,3930,13170,250,0,30,160,320,900,420,50,50,10,460
507,70000,20,1,Salaried,Tier_1,23640,0,780,5620,3460,5280,1700,1730,3240,470,3580,49500,11.3,7910,20500,710,0,20,170,350,1850,510,50,100,10,900
508,134300,52,0,Salaried,Tier_1,43520,0,3410,14520,8280,3650,2840,5950,7270,2080,3090,94610,32.1,43110,39690,1310,0,100,440,830,1280,850,180,220,60,770
509,86800,30,2,Salaried,Tier_2,17000,2370,1460,8670,4600,5240,1860,4610,5320,1540,4900,57570,15.7,13630,29230,510,70,40,260,460,1830,560,140,160,50,1220
510,9700,51,3,Freelancer,Tier_1,1480,200,410,1420,450,710,250,510,310,110,350,6200,26.8,2600,3500,40,10,10,40,40,250,80,20,10,0,90
511,27600,38,1,Salaried,Tier_3,3360,640,630,3430,1550,880,490,1670,850,2990,1640,18130,33.2,9160,9470,100,20,20,100,160,310,150,50,30,90,410
512,20200,21,0,Student,Tier_1,5350,0,420,1490,770,1060,300,1100,960,320,1180,12950,19.2,3880,7250,160,0,10,40,80,370,90,30,30,10,300
513,82000,32,0,Salaried,Tier_1,27890,0,3220,6400,3760,3340,1090,3470,4400,970,4050,58590,13.6,11150,23410,840,0,100,190,380,1170,330,100,130,30,1010
514,60400,35,1,Salaried,Tier_3,9520,7850,1880,8390,4570,2530,1700,1710,2300,6630,1740,48820,17.8,10750,11580,290,240,60,250,460,890,510,50,70,200,440
515,33100,55,1,Retired,Tier_3,9150,4720,530,4650,2470,1220,1510,980,410,2630,1260,29530,15.2,5030,3570,270,140,20,140,250,430,450,30,10,80,320
516,8100,19,0,Student,Tier_1,1570,170,290,960,450,330,210,350,300,70,300,5000,26.4,2140,3100,50,10,10,30,40,120,60,10,10,0,80
517,88300,33,1,Business Owner,Tier_3,11640,1960,1680,10450,6440,5030,1240,4710,5150,2840,2490,53630,29.2,25780,34670,350,60,50,310,640,1760,370,140,150,90,620
518,134200,20,0,Salaried,Tier_1,31760,0,6210,10610,6560,3340,2350,7510,2290,30,5230,75890,17.0,22810,58310,950,0,190,320,660,1170,700,230,70,0,1310
519,122100,40,3,Salaried,Tier_1,41350,0,3610,12080,4460,9440,3990,9030,7840,7700,3260,102760,12.0,14650,19340,1240,0,110,360,450,3300,1200,270,240,230,820
520,79300,33,0,Salaried,Tier_1,18930,6360,840,7000,5760,6530,3250,4300,4370,850,1940,60130,26.5,21010,19170,570,190,30,210,580,2290,980,130,130,30,480
521,103300,19,4,Business Owner,Tier_1,17280,0,2040,16260,9130,5600,4110,3780,7870,1190,6060,73320,31.7,32750,29980,520,0,60,490,910,1960,1230,110,240,40,1520
522,30600,19,2,Business Owner,Tier_3,8560,0,820,4950,1490,840,940,1200,1440,240,1170,21650,34.1,10430,8950,260,0,20,150,150,290,280,40,40,10,290
523,55700,32,3,Freelancer,Tier_1,9420,0,1950,7810,2690,2240,2340,1420,830,1890,2440,33030,9.4,5240,22670,280,0,60,230,270,780,700,40,20,60,610
524,67700,33,1,Salaried,Tier_2,16230,11450,1100,4890,3130,6070,1210,3170,1030,270,2640,51190,17.6,11920,16510,490,340,30,150,310,2120,360,100,30,10,660
525,84600,43,0,Freelancer,Tier_2,14130,5620,1900,8890,5980,3600,2800,4000,1690,210,3570,52390,16.1,13620,32210,420,170,60,270,600,1260,840,120,50,10,890
526,21500,25,0,Salaried,Tier_2,3120,2090,480,2900,1560,1130,580,790,660,10,910,14230,33.9,7290,7270,90,60,10,90,160,400,170,20,20,0,230
527,50000,48,0,Salaried,Tier_2,10610,1400,1590,5260,2380,3640,1290,1810,510,730,2750,31970,20.4,10200,18030,320,40,50,160,240,1270,390,50,20,20,690
528,82000,40,0,Salaried,Tier_1,19490,5980,1020,9780,5780,5880,990,2310,1410,1090,3260,56990,14.0,11480,25010,580,180,30,290,580,2060,300,70,40,30,820
529,114300,37,1,Business Owner,Tier_3,23690,0,1670,7410,7570,3910,1590,3480,4160,11420,4320,69220,9.5,10860,45080,710,0,50,220,760,1370,480,100,120,340,1080
530,121400,52,1,Salaried,Tier_1,38350,0,3310,14540,4990,9380,4410,3520,6170,1190,4740,90600,15.8,19180,30800,1150,0,100,440,500,3280,1320,110,190,40,1180
531,74700,23,0,Business Owner,Tier_3,18340,1760,1990,7020,2370,4660,2430,1530,1880,870,4160,47010,24.7,18450,27690,550,50,60,210,240,1630,730,50,60,30,1040
532,47700,44,1,Salaried,Tier_3,13070,0,1140,6000,2550,1160,1730,1760,2370,1940,2320,34040,29.2,13930,13660,390,0,30,180,260,410,520,50,70,60,580
533,98300,26,1,Salaried,Tier_2,23210,0,2840,11970,6350,8350,4030,4350,1750,570,5720,69140,17.4,17100,29160,700,0,90,360,640,2920,1210,130,50,20,1430
534,112000,52,2,Self-Employed,Tier_1,26500,18720,5520,16200,8280,4910,5150,3500,7100,1520,4120,101520,9.7,10860,10480,800,560,170,490,830,1720,1540,100,210,50,1030
535,77800,37,1,Self-Employed,Tier_1,24280,0,1780,9740,4100,8330,2560,2350,1900,610,2450,58100,13.4,10430,19700,730,0,50,290,410,2920,770,70,60,20,610
536,21600,36,0,Salaried,Tier_3,3380,0,990,1920,1180,1260,280,590,1000,350,990,11940,21.4,4620,9660,100,0,30,60,120,440,80,20,30,10,250
537,52600,27,0,Freelancer,Tier_2,11600,0,670,4950,2770,1310,690,2700,1310,110,1540,27650,24.2,12730,24950,350,0,20,150,280,460,210,80,40,0,380
538,91200,55,0,Salaried,Tier_1,29040,19420,1180,9670,7400,7770,2740,3280,1170,1150,2230,85050,20.7,18880,6150,870,580,40,290,740,2720,820,100,40,30,560
539,15500,22,0,Student,Tier_1,2590,0,610,2080,1080,1260,300,360,890,250,750,10170,28.7,4450,5330,80,0,20,60,110,440,90,10,30,10,190
540,41000,43,3,Salaried,Tier_3,8990,0,850,3220,1320,2280,1480,1890,1280,4180,2410,27900,8.6,3530,13100,270,0,30,100,130,800,440,60,40,130,600
541,74200,38,0,Salaried,Tier_3,16280,0,3010,8580,4140,3700,1150,2780,4070,1310,2580,47600,13.2,9790,26600,490,0,90,260,410,1300,340,80,120,40,640
542,149000,22,1,Salaried,Tier_1,43620,29120,6220,16970,13330,3140,5780,8450,2230,340,4060,133260,9.2,13710,15740,1310,870,190,510,1330,1100,1730,250,70,10,1020
543,39300,34,2,Salaried,Tier_2,6490,4700,1170,5420,2020,3300,740,2210,2600,3680,1250,33580,25.6,10060,5720,190,140,40,160,200,1160,220,70,80,110,310
544,29200,26,1,Self-Employed,Tier_1,9470,4530,1020,2600,1230,1040,1430,920,1490,110,1020,24860,30.0,8760,4340,280,140,30,80,120,360,430,30,40,0,260
545,39700,29,0,Salaried,Tier_3,5010,2430,1010,5010,1390,1570,1370,1580,2110,270,860,22610,13.6,5400,17090,150,70,30,150,140,550,410,50,60,10,220
546,76800,35,2,Salaried,Tier_2,9580,10290,3510,11920,6490,5890,2580,4480,2410,7640,2870,67660,19.5,14980,9140,290,310,110,360,650,2060,770,130,70,230,720
547,9600,38,1,Business Owner,Tier_2,2770,0,320,1090,590,360,240,520,580,20,200,6690,29.6,2840,2910,80,0,10,30,60,130,70,20,20,0,50
548,37200,63,3,Retired,Tier_1,10210,0,1580,5010,1390,2220,850,1410,870,2070,1400,27010,20.6,7660,10190,310,0,50,150,140,780,260,40,30,60,350
549,82100,64,0,Retired,Tier_2,18870,5670,1030,6110,6240,3230,3670,2060,3410,220,3670,54180,9.3,7640,27920,570,170,30,180,620,1130,1100,60,100,10,920
550,13200,42,0,Salaried,Tier_1,1940,0,160,1550,600,500,490,720,370,170,580,7080,17.4,2300,6120,60,0,0,50,60,180,150,20,10,10,140
551,53900,26,1,Salaried,Tier_2,10500,0,2430,4160,2670,4050,1260,2110,2480,460,3180,33300,24.8,13370,20600,320,0,70,120,270,1420,380,60,70,10,800
552,51400,42,4,Salaried,Tier_1,15690,5780,2120,6830,3340,2270,960,3610,790,670,1810,43870,34.9,17940,7530,470,170,60,200,330,790,290,110,20,20,450
553,35300,40,1,Salaried,Tier_1,10230,6580,1100,2440,2060,2000,980,1170,1970,1240,1050,30820,14.6,5150,4480,310,200,30,70,210,700,290,40,60,40,260
554,83200,33,0,Freelancer,Tier_1,15630,13410,3760,7400,4250,4610,3880,3840,3350,670,3060,63860,23.4,19470,19340,470,400,110,220,420,1610,1160,120,100,20,760
555,19900,19,1,Freelancer,Tier_1,3820,1260,450,1430,1100,1770,660,970,1050,320,1100,13930,8.4,1670,5970,110,40,10,40,110,620,200,30,30,10,280
556,58300,41,0,Salaried,Tier_1,9570,0,1590,6720,5210,1710,2600,3310,3220,370,2100,36400,23.0,13410,21900,290,0,50,200,520,600,780,100,100,10,520
557,18400,51,0,Business Owner,Tier_1,2710,0,450,1760,1000,1140,800,580,620,40,500,9600,28.7,5280,8800,80,0,10,50,100,400,240,20,20,0,120
558,4500,24,0,Student,Tier_3,850,0,140,480,390,120,100,150,170,70,190,2660,30.8,1390,1840,30,0,0,10,40,40,30,0,10,0,50
559,116400,28,1,Salaried,Tier_1,35680,18810,5770,9660,7120,7010,4030,3010,3050,250,3600,97990,19.9,23160,18410,1070,560,170,290,710,2450,1210,90,90,10,900
560,8100,18,0,Student,Tier_1,1350,0,350,980,260,670,390,340,400,0,430,5170,8.7,700,2930,40,0,10,30,30,230,120,10,10,0,110
561,6100,19,0,Salaried,Tier_3,850,950,270,580,340,230,270,360,280,10,210,4350,10.1,620,1750,30,30,10,20,30,80,80,10,10,0,50
562,79600,31,0,Freelancer,Tier_2,18590,8980,3270,9280,3890,6740,2180,4560,3960,450,4270,66170,25.9,20620,13430,560,270,100,280,390,2360,650,140,120,10,1070
563,24200,20,0,Student,Tier_1,6710,0,390,3030,1790,960,430,1330,1390,370,1210,17610,8.1,1960,6590,200,0,10,90,180,340,130,40,40,10,300
564,46200,35,2,Salaried,Tier_2,10850,4920,1680,3990,2220,1670,1000,2110,2670,2170,1580,34860,21.0,9700,11340,330,150,50,120,220,580,300,60,80,70,400
565,42500,37,3,Salaried,Tier_1,8730,6190,620,5120,2090,1190,1610,2540,2570,370,2220,33250,21.2,9010,9250,260,190,20,150,210,420,480,80,80,10,560
566,149900,30,3,Salaried,Tier_1,28800,10470,3850,17720,8080,12570,3110,9130,5020,2210,4850,105810,19.1,28630,44090,860,310,120,530,810,4400,930,270,150,70,1210
567,179100,22,2,Self-Employed,Tier_1,47450,0,6120,12800,13130,16370,2440,10010,11550,2470,7540,129880,25.7,46030,49220,1420,0,180,380,1310,5730,730,300,350,70,1880
568,8100,35,2,Self-Employed,Tier_1,2640,590,150,1110,700,220,90,540,140,60,320,6560,12.2,990,1540,80,20,0,30,70,80,30,20,0,0,80
569,59600,29,1,Salaried,Tier_1,17900,8590,910,7680,2750,1550,770,3150,3100,2970,1230,50600,30.4,18120,9000,540,260,30,230,280,540,230,90,90,90,310
570,125600,32,0,Self-Employed,Tier_1,25750,14160,1370,10290,5300,5800,4550,4880,3080,210,7370,82760,23.1,29010,42840,770,420,40,310,530,2030,1360,150,90,10,1840
571,48800,46,0,Self-Employed,Tier_3,10220,4230,1220,5060,1780,2090,2390,1750,1050,320,2080,32190,25.4,12400,16610,310,130,40,150,180,730,720,50,30,10,520
572,74300,38,1,Salaried,Tier_3,10810,10080,2150,9460,4760,2690,3020,2410,2050,3010,1930,52370,16.7,12410,21930,320,300,60,280,480,940,910,70,60,90,480
573,100500,51,3,Self-Employed,Tier_1,25220,0,3630,10690,7290,6750,4460,7440,1750,190,4820,72240,18.1,18190,28260,760,0,110,320,730,2360,1340,220,50,10,1200
574,8100,33,0,Business Owner,Tier_1,1830,300,340,800,610,570,210,260,260,40,460,5680,26.3,2130,2420,50,10,10,20,60,200,60,10,10,0,120
575,119100,44,0,Self-Employed,Tier_2,25510,5360,4120,13950,7280,5370,3400,6840,6710,1540,6440,86520,11.7,13930,32580,770,160,120,420,730,1880,1020,210,200,50,1610
576,61400,44,1,Self-Employed,Tier_3,9440,0,1930,5730,2070,3890,1000,2260,2520,1670,2770,33280,33.1,20320,28120,280,0,60,170,210,1360,300,70,80,50,690
577,27600,37,2,Salaried,Tier_3,5320,1550,870,3610,960,850,1080,1000,740,50,1430,17460,23.9,6600,10140,160,50,30,110,100,300,320,30,20,0,360
578,52300,35,0,Freelancer,Tier_1,14450,0,870,6420,4670,1380,2200,1350,950,820,1720,34830,32.2,16840,17470,430,0,30,190,470,480,660,40,30,20,430
579,85500,51,0,Salaried,Tier_2,17960,2210,2770,7710,4540,4550,1920,3500,3120,1360,4590,54230,33.8,28900,31270,540,70,80,230,450,1590,580,100,90,40,1150
580,6400,18,0,Student,Tier_3,1560,0,180,560,200,290,180,300,300,20,270,3860,34.9,2230,2540,50,0,10,20,20,100,50,10,10,0,70
581,17000,23,0,Student,Tier_1,2370,0,230,1520,770,1440,580,360,400,150,370,8190,26.8,4560,8810,70,0,10,50,80,500,170,10,10,0,90
582,115900,52,1,Salaried,Tier_2,24140,0,5220,15030,9090,2630,1290,6980,2210,1540,6360,74490,11.6,13440,41410,720,0,160,450,910,920,390,210,70,50,1590
583,62800,19,3,Salaried,Tier_3,8640,7520,3100,5880,4200,1330,2730,4200,2010,800,3530,43940,23.8,14950,18860,260,230,90,180,420,470,820,130,60,20,880
584,6000,20,0,Student,Tier_2,1610,660,230,400,340,240,110,240,110,80,320,4340,8.1,490,1660,50,20,10,10,30,80,30,10,0,0,80
585,73300,26,3,Salaried,Tier_1,11880,1460,2870,6800,4800,6420,2980,4690,1900,490,1700,45990,27.6,20230,27310,360,40,90,200,480,2250,890,140,60,10,420
586,10700,21,0,Salaried,Tier_3,2740,310,130,1250,440,320,240,310,210,170,290,6410,16.0,1710,4290,80,10,0,40,40,110,70,10,10,10,70
587,49400,20,1,Business Owner,Tier_1,13270,9040,570,6760,2630,3420,910,2570,1460,720,2560,43910,13.6,6720,5490,400,270,20,200,260,1200,270,80,40,20,640
588,6000,45,2,Business Owner,Tier_2,1000,620,70,480,420,240,90,300,200,40,260,3720,8.9,530,2280,30,20,0,10,40,80,30,10,10,0,60
589,39400,34,1,Business Owner,Tier_2,11200,0,1130,3190,1230,3620,1110,1830,1350,1890,2100,28650,14.8,5830,10750,340,0,30,100,120,1270,330,50,40,60,520
590,58900,38,1,Salaried,Tier_1,17430,0,1780,5960,4500,5110,1530,1340,2270,980,3270,44170,34.1,20080,14730,520,0,50,180,450,1790,460,40,70,30,820
591,23300,20,0,Student,Tier_1,7900,0,950,2890,1340,740,230,600,1260,130,540,16580,14.4,3360,6720,240,0,30,90,130,260,70,20,40,0,140
592,115500,34,3,Salaried,Tier_1,27200,17450,4380,19050,8100,9030,4420,7240,2120,1780,5840,106610,11.6,13400,8890,820,520,130,570,810,3160,1330,220,60,50,1460
593,4500,26,2,Freelancer,Tier_3,860,70,130,620,290,160,150,260,150,30,240,2960,24.5,1100,1540,30,0,0,20,30,60,40,10,0,0,60
594,85000,30,1,Business Owner,Tier_3,20210,7960,1820,8350,6740,2290,4110,3380,1670,6960,4540,68030,20.6,17510,16970,610,240,50,250,670,800,1230,100,50,210,1140
595,105900,40,3,Salaried,Tier_2,18790,0,2690,12660,6270,9230,2760,6680,3300,3290,4800,70470,24.3,25730,35430,560,0,80,380,630,3230,830,200,100,100,1200
596,29100,26,2,Freelancer,Tier_2,7610,6280,910,3060,2050,890,680,1940,1330,100,1530,26380,27.6,8030,2720,230,190,30,90,200,310,200,60,40,0,380
597,113400,44,1,Salaried,Tier_1,36520,17120,2280,10650,5420,8770,3600,3330,3410,240,3740,95080,25.2,28580,18320,1100,510,70,320,540,3070,1080,100,100,10,940
598,97400,49,2,Self-Employed,Tier_1,26200,9240,2040,15560,6950,4330,4190,6030,5270,920,3730,84460,10.1,9840,12940,790,280,60,470,700,1520,1260,180,160,30,930
599,82900,38,3,Salaried,Tier_1,28260,0,3900,12330,4590,1790,3980,3110,4380,8780,4430,75550,19.7,16330,7350,850,0,120,370,460,630,1190,90,130,260,1110
600,8100,33,2,Salaried,Tier_1,1750,840,330,890,610,600,170,440,380,130,380,6520,15.4,1250,1580,50,30,10,30,60,210,50,10,10,0,100
601,103500,32,1,Salaried,Tier_1,35190,7240,1950,6870,5120,2530,2230,5420,5740,7300,4700,84290,16.9,17490,19210,1060,220,60,210,510,890,670,160,170,220,1180
602,36200,43,1,Salaried,Tier_3,5720,5560,1340,3150,1160,2880,1760,1770,1490,220,1020,26070,34.6,12530,10130,170,170,40,90,120,1010,530,50,40,10,260
603,151100,42,0,Salaried,Tier_1,40400,5540,3640,14280,13560,3270,7390,6390,5220,640,8590,108920,11.6,17530,42180,1210,170,110,430,1360,1140,2220,190,160,20,2150
604,97800,39,2,Self-Employed,Tier_3,25420,15800,2550,10510,7340,5780,3320,3720,3190,1240,5420,84290,33.9,33150,13510,760,470,80,320,730,2020,1000,110,100,40,1360
605,55800,33,0,Freelancer,Tier_1,13420,0,2400,5350,4770,1810,1200,2300,1490,470,1500,34710,32.5,18140,21090,400,0,70,160,480,630,360,70,40,10,380
606,38900,44,1,Salaried,Tier_2,11660,5130,1530,5700,1930,1460,1270,1630,610,260,1930,33110,31.9,12410,5790,350,150,50,170,190,510,380,50,20,10,480
607,6000,23,3,Business Owner,Tier_2,1120,1150,100,1000,510,310,130,410,150,50,180,5110,24.3,1460,890,30,30,0,30,50,110,40,10,0,0,40
608,41600,61,2,Retired,Tier_3,6180,4230,2020,2920,1330,2800,1860,2890,2560,50,1530,28370,15.0,6240,13230,190,130,60,90,130,980,560,90,80,0,380
609,108000,36,0,Business Owner,Tier_1,31140,6960,2800,13580,8220,5890,4180,4370,4590,830,2700,85260,11.9,12850,22740,930,210,80,410,820,2060,1250,130,140,20,680
610,39300,33,1,Salaried,Tier_3,7120,7890,1640,3260,1410,2550,510,2380,1470,1150,1190,30570,16.0,6290,8730,210,240,50,100,140,890,150,70,40,30,300
611,17300,29,0,Salaried,Tier_3,2970,840,430,1540,820,1490,280,780,580,140,550,10420,28.1,4860,6880,90,30,10,50,80,520,80,20,20,0,140
612,218000,24,1,Business Owner,Tier_1,31350,0,4820,25130,9930,18440,8680,14090,7130,2430,5850,127850,17.3,37710,90150,940,0,140,750,990,6450,2600,420,210,70,1460
613,69300,30,2,Salaried,Tier_3,10500,13680,730,10910,3500,2890,1310,2500,3930,6560,3190,59700,17.6,12200,9600,320,410,20,330,350,1010,390,80,120,200,800
614,25500,25,3,Salaried,Tier_3,6650,0,490,2410,1780,1220,360,1050,420,250,1060,15690,28.0,7140,9810,200,0,10,70,180,430,110,30,10,10,260
615,13600,21,0,Student,Tier_3,3320,0,270,1570,780,310,470,570,200,50,720,8260,9.7,1320,5340,100,0,10,50,80,110,140,20,10,0,180
616,6600,21,0,Student,Tier_2,1430,0,150,730,280,190,90,180,240,30,260,3580,23.4,1540,3020,40,0,0,20,30,70,30,10,10,0,60
617,57800,49,3,Self-Employed,Tier_3,11680,0,2320,7750,3440,2240,1750,2910,4130,310,3160,39690,14.7,8500,18110,350,0,70,230,340,780,520,90,120,10,790
618,100100,27,1,Salaried,Tier_2,29050,0,2280,14910,5830,3150,1260,4030,2730,1670,3780,68690,25.2,25230,31410,870,0,70,450,580,1100,380,120,80,50,940
619,113600,37,0,Self-Employed,Tier_1,28150,2570,2500,12360,7300,4200,1850,5750,5600,1740,5040,77060,12.2,13860,36540,840,80,80,370,730,1470,560,170,170,50,1260
620,30700,57,0,Retired,Tier_3,6290,0,680,2200,1540,1370,1220,1170,960,220,1130,16780,28.6,8780,13920,190,0,20,70,150,480,370,40,30,10,280
621,85500,26,0,Salaried,Tier_3,22060,0,3260,6560,6240,3470,2130,2810,4240,500,3630,54900,13.4,11460,30600,660,0,100,200,620,1210,640,80,130,20,910
622,69200,36,1,Salaried,Tier_2,14160,14780,820,8430,4930,5790,2040,2330,3010,470,1660,58420,25.3,17510,10780,420,440,20,250,490,2030,610,70,90,10,420
623,82100,42,2,Salaried,Tier_1,16850,14000,2180,6870,3200,3360,1480,2240,2120,850,4150,57300,15.0,12320,24800,510,420,70,210,320,1180,440,70,60,30,1040
624,194300,51,1,Self-Employed,Tier_1,61140,0,5410,27440,7980,12310,5520,6990,9210,16420,5870,158290,28.2,54790,36010,1830,0,160,820,800,4310,1660,210,280,490,1470
625,114900,41,0,Salaried,Tier_1,17000,13360,5350,11600,3560,5810,1300,4620,5740,1630,4560,74530,23.5,27000,40370,510,400,160,350,360,2030,390,140,170,50,1140
626,111500,19,0,Business Owner,Tier_2,30370,0,5230,12130,9990,9720,4540,4150,2660,910,6160,85860,28.0,31220,25640,910,0,160,360,1000,3400,1360,120,80,30,1540
627,59300,21,0,Business Owner,Tier_1,16680,10700,1620,3660,3820,1450,2560,1230,1260,460,1800,45240,14.0,8300,14060,500,320,50,110,380,510,770,40,40,10,450
628,143700,19,2,Business Owner,Tier_1,46020,27420,2310,20310,6090,5640,1590,7350,8710,2020,5980,133440,33.8,48570,10260,1380,820,70,610,610,1970,480,220,260,60,1500
629,121100,21,1,Salaried,Tier_1,27350,7220,5750,10120,6210,3590,5570,4920,6760,820,4570,82880,28.1,34030,38220,820,220,170,300,620,1260,1670,150,200,20,1140
630,153700,24,2,Business Owner,Tier_1,24160,0,7150,21030,5730,13460,2280,7050,7170,2070,5020,95120,13.2,20290,58580,720,0,210,630,570,4710,680,210,220,60,1260
631,41100,60,2,Retired,Tier_3,7890,7750,990,6470,3300,2070,1800,1530,2860,60,1880,36600,18.5,7600,4500,240,230,30,190,330,720,540,50,90,0,470
632,102100,41,1,Self-Employed,Tier_3,16830,12680,1540,7990,7320,8990,1270,5740,5880,8100,3560,79900,19.2,19600,22200,500,380,50,240,730,3150,380,170,180,240,890
633,87800,57,0,Salaried,Tier_1,28090,2110,1450,8760,4250,5600,4070,2690,2290,1240,2920,63470,32.0,28100,24330,840,60,40,260,420,1960,1220,80,70,40,730
634,47200,19,1,Salaried,Tier_3,10750,5450,770,3120,3960,1250,2340,1250,1720,840,2560,34010,22.5,10620,13190,320,160,20,90,400,440,700,40,50,30,640
635,6000,28,0,Salaried,Tier_2,1430,480,210,700,350,430,260,170,130,10,350,4520,14.1,850,1480,40,10,10,20,40,150,80,10,0,0,90
636,143000,38,0,Salaried,Tier_1,26430,5810,5200,12340,12650,9550,4400,6160,7750,1960,3610,95860,19.4,27740,47140,790,170,160,370,1260,3340,1320,180,230,60,900
637,152300,36,1,Business Owner,Tier_2,23270,4790,1730,20330,6050,7780,5010,6470,4470,11490,8020,99410,23.6,35940,52890,700,140,50,610,600,2720,1500,190,130,340,2000
638,54300,28,0,Salaried,Tier_1,10630,9180,2550,4720,4540,2060,2300,2140,2030,650,2540,43340,17.2,9340,10960,320,280,80,140,450,720,690,60,60,20,640
639,128000,24,2,Self-Employed,Tier_1,29780,3130,4100,12420,10550,6370,3510,8820,2100,2000,5140,87920,18.7,23940,40080,890,90,120,370,1060,2230,1050,260,60,60,1280
640,9200,22,0,Student,Tier_3,1690,0,150,1180,570,700,230,270,530,90,320,5730,10.7,980,3470,50,0,0,40,60,240,70,10,20,0,80
641,26300,35,0,Salaried,Tier_2,3880,0,900,3380,1230,2290,1260,840,1450,460,1470,17160,20.6,5420,9140,120,0,30,100,120,800,380,30,40,10,370
642,31500,41,1,Salaried,Tier_3,9220,0,830,2430,2500,2320,1330,1970,750,450,1440,23240,18.6,5860,8260,280,0,20,70,250,810,400,60,20,10,360
643,77500,31,4,Salaried,Tier_3,11020,12610,3700,7380,4390,5200,3130,2090,1620,430,1870,53440,25.0,19380,24060,330,380,110,220,440,1820,940,60,50,10,470
644,69800,32,2,Self-Employed,Tier_2,19820,5240,1460,11260,3690,6900,1010,3130,3180,1100,3330,60120,29.5,20590,9680,590,160,40,340,370,2420,300,90,100,30,830
645,326300,23,5,Business Owner,Tier_1,85490,0,14610,51710,26170,34230,8770,20800,24330,1650,15980,283740,15.4,50250,42560,2560,0,440,1550,2620,11980,2630,620,730,50,4000
646,81300,19,2,Salaried,Tier_2,21550,4340,2420,10120,5690,2220,3350,4560,3590,1230,2850,61920,22.0,17890,19380,650,130,70,300,570,780,1000,140,110,40,710
647,23500,18,0,Student,Tier_1,3810,0,570,2670,1980,1160,610,1170,640,330,1270,14210,23.5,5520,9290,110,0,20,80,200,410,180,40,20,10,320
648,10200,19,2,Self-Employed,Tier_3,2450,0,330,730,880,330,480,620,550,160,310,6840,30.1,3070,3360,70,0,10,20,90,120,140,20,20,0,80
649,76400,34,3,Salaried,Tier_3,20080,0,3120,9830,3770,3670,1830,4980,4950,7850,2550,62630,24.6,18790,13770,600,0,90,290,380,1280,550,150,150,240,640
650,168900,37,1,Business Owner,Tier_3,39710,11630,5050,13660,8950,7810,6470,6210,9170,2720,8480,119860,33.9,57260,49040,1190,350,150,410,900,2730,1940,190,280,80,2120
651,74800,19,0,Salaried,Tier_1,18660,0,2830,5680,2650,4630,3370,2710,1730,960,3090,46310,18.7,13990,28490,560,0,80,170,260,1620,1010,80,50,30,770
652,23000,24,0,Student,Tier_1,3570,0,640,1460,1450,1530,480,910,1190,410,690,12330,14.1,3240,10670,110,0,20,40,140,540,140,30,40,10,170
653,133800,28,2,Business Owner,Tier_1,35420,24670,3560,16160,8570,7850,5880,6710,6420,2140,7920,125300,28.2,37730,8500,1060,740,110,480,860,2750,1760,200,190,60,1980
654,4500,36,0,Business Owner,Tier_3,800,0,220,320,370,480,90,190,70,80,230,2850,21.7,980,1650,20,0,10,10,40,170,30,10,0,0,60
655,19800,49,2,Self-Employed,Tier_1,5380,0,980,2230,1280,560,690,920,730,340,530,13640,23.1,4570,6160,160,0,30,70,130,200,210,30,20,10,130
656,152200,22,3,Self-Employed,Tier_1,43650,19080,7290,22310,11080,9930,5810,10890,11190,590,5800,147620,22.5,34240,4580,1310,570,220,670,1110,3480,1740,330,340,20,1450
657,46200,46,0,Business Owner,Tier_1,7750,0,1720,3930,1400,3470,1780,1590,740,810,2060,25250,22.3,10300,20950,230,0,50,120,140,1210,530,50,20,20,520
658,97400,34,3,Business Owner,Tier_2,20370,2560,1320,16390,6280,10100,2480,4380,5410,240,3290,72820,10.6,10320,24580,610,80,40,490,630,3540,740,130,160,10,820
659,42100,27,2,Salaried,Tier_2,8090,2100,2080,5400,2120,3060,1300,1020,1970,740,940,28820,18.1,7620,13280,240,60,60,160,210,1070,390,30,60,20,240
660,46700,33,1,Salaried,Tier_3,12830,0,820,5530,1910,1650,1110,2770,2810,3360,2010,34800,32.1,14990,11900,380,0,20,170,190,580,330,80,80,100,500
661,98000,35,1,Business Owner,Tier_3,12440,0,4740,14320,7690,4920,2120,3590,2010,6100,5490,63420,21.4,20970,34580,370,0,140,430,770,1720,640,110,60,180,1370
662,92300,54,0,Self-Employed,Tier_3,18520,2360,2970,8040,4790,4070,3940,2540,2790,600,5230,55850,32.9,30370,36450,560,70,90,240,480,1420,1180,80,80,20,1310
663,4500,28,0,Freelancer,Tier_3,960,660,100,460,290,260,120,190,90,30,170,3330,13.3,600,1170,30,20,0,10,30,90,40,10,0,0,40
664,12600,21,0,Student,Tier_2,2890,0,630,1530,960,870,390,270,720,70,550,8880,32.3,4070,3720,90,0,20,50,100,300,120,10,20,0,140
665,108600,33,0,Self-Employed,Tier_2,31880,1250,4670,14110,8070,7390,1860,3780,4880,1780,2600,82270,33.6,36490,26330,960,40,140,420,810,2590,560,110,150,50,650
666,15100,22,0,Student,Tier_2,4320,680,570,2020,460,560,640,800,890,270,800,12010,18.0,2720,3090,130,20,20,60,50,200,190,20,30,10,200
667,88500,47,2,Freelancer,Tier_1,19960,0,3940,11300,3740,7210,3490,3170,4570,660,3230,61270,15.5,13720,27230,600,0,120,340,370,2520,1050,100,140,20,810
668,4700,21,0,Student,Tier_3,940,0,90,520,170,390,140,130,120,80,140,2720,26.4,1240,1980,30,0,0,20,20,140,40,0,0,0,40
669,14000,20,0,Student,Tier_1,4320,2720,670,1460,840,400,700,540,220,60,750,12680,13.0,1820,1320,130,80,20,40,80,140,210,20,10,0,190
670,24400,34,3,Freelancer,Tier_3,7030,0,430,2320,1200,1460,1170,1020,1740,2700,830,19900,13.4,3270,4500,210,0,10,70,120,510,350,30,50,80,210
671,192600,36,2,Business Owner,Tier_1,34330,27880,5310,28980,6580,8600,6000,9440,3840,22280,4290,157530,26.5,51040,35070,1030,840,160,870,660,3010,1800,280,120,670,1070
672,96100,29,1,Salaried,Tier_2,15570,8060,3120,12980,7320,2730,1820,4680,3960,850,4420,65510,32.6,31330,30590,470,240,90,390,730,960,550,140,120,30,1100
673,6000,20,0,Student,Tier_2,1380,0,300,580,510,180,190,210,100,70,160,3680,34.1,2050,2320,40,0,10,20,50,60,60,10,0,0,40
674,31400,62,1,Retired,Tier_3,6830,1570,820,4310,1610,2700,840,1240,1580,250,1120,22870,17.8,5590,8530,200,50,20,130,160,940,250,40,50,10,280
675,62900,28,1,Salaried,Tier_1,11170,2690,2830,7660,4220,5220,2010,3430,2070,730,1800,43830,11.8,7420,19070,340,80,80,230,420,1830,600,100,60,20,450
676,74900,28,3,Salaried,Tier_2,11920,9090,1220,8430,4570,2440,2080,4440,2720,900,2320,50130,28.1,21050,24770,360,270,40,250,460,850,620,130,80,30,580
677,158500,20,0,Self-Employed,Tier_1,35370,16340,7090,11170,13610,8010,7500,7050,7410,2500,7460,123510,29.2,46280,34990,1060,490,210,340,1360,2800,2250,210,220,80,1860
678,114300,36,1,Salaried,Tier_1,19340,0,4990,10990,9660,6950,4930,4810,5580,3970,2750,73970,23.2,26520,40330,580,0,150,330,970,2430,1480,140,170,120,690
679,11500,18,0,Student,Tier_1,2700,0,430,1520,1020,760,180,430,550,30,410,8030,18.2,2090,3470,80,0,10,50,100,270,50,10,20,0,100
680,18000,30,0,Salaried,Tier_1,4660,0,820,2480,1560,1070,820,1070,980,20,460,13940,16.1,2900,4060,140,0,20,70,160,370,250,30,30,0,120
681,38000,51,1,Salaried,Tier_1,12710,690,1300,5090,1180,3130,1010,1100,2160,130,1190,29690,22.1,8400,8310,380,20,40,150,120,1100,300,30,60,0,300
682,12500,21,0,Student,Tier_2,2470,0,500,1510,720,320,400,320,740,140,620,7740,8.5,1060,4760,70,0,20,50,70,110,120,10,20,0,160
683,55400,42,1,Salaried,Tier_3,9990,0,2450,7340,3020,2430,2640,2920,2250,490,1700,35230,32.7,18120,20170,300,0,70,220,300,850,790,90,70,10,420
684,15900,19,0,Student,Tier_1,4850,0,210,1430,620,1210,650,870,170,0,830,10840,31.5,5010,5060,150,0,10,40,60,420,200,30,10,0,210
685,8100,19,0,Self-Employed,Tier_1,1300,0,310,620,610,250,110,470,80,120,240,4110,9.3,750,3990,40,0,10,20,60,90,30,10,0,0,60
686,82800,38,0,Salaried,Tier_1,28360,11030,1440,6880,5840,6670,1030,2270,850,260,2310,66940,11.9,9850,15860,850,330,40,210,580,2330,310,70,30,10,580
687,73300,29,0,Self-Employed,Tier_3,21880,2620,2600,7870,4840,4880,1570,2720,3750,970,3020,56720,25.7,18840,16580,660,80,80,240,480,1710,470,80,110,30,760
688,74200,63,1,Retired,Tier_1,22800,0,3010,9400,2280,5350,1000,3490,4470,480,3510,55790,26.3,19510,18410,680,0,90,280,230,1870,300,100,130,10,880
689,51800,37,2,Salaried,Tier_1,12510,0,1170,8410,2150,3170,610,2050,2000,2870,2950,37890,30.9,16010,13910,380,0,40,250,220,1110,180,60,60,90,740
690,64000,59,2,Retired,Tier_2,9290,4460,3170,8210,3450,1340,2670,3450,1380,4550,1750,43720,10.6,6780,20280,280,130,100,250,340,470,800,100,40,140,440
691,63200,32,1,Salaried,Tier_1,11700,0,2460,6460,5490,1970,3080,1530,3960,510,2080,39240,20.9,13210,23960,350,0,70,190,550,690,920,50,120,20,520
692,64600,39,3,Salaried,Tier_1,13030,2250,2280,9190,3600,1840,980,2510,3700,6260,3520,49160,18.0,11630,15440,390,70,70,280,360,640,290,80,110,190,880
693,74500,64,1,Retired,Tier_1,15100,15010,3640,9890,4720,4500,1730,2230,1320,430,3380,61950,34.2,25480,12550,450,450,110,300,470,1580,520,70,40,10,840
694,32000,35,3,Salaried,Tier_2,4390,5280,1120,2640,1900,1990,1460,2310,920,1730,1640,25380,29.4,9410,6620,130,160,30,80,190,700,440,70,30,50,410
695,79500,34,1,Salaried,Tier_1,16360,14430,2330,6160,3690,3370,3930,3790,3160,1180,3640,62040,33.9,26950,17460,490,430,70,180,370,1180,1180,110,90,40,910
696,134100,32,0,Self-Employed,Tier_1,40450,12480,5730,8160,6120,4840,1480,6180,6450,190,5180,97260,32.6,43720,36840,1210,370,170,240,610,1690,440,190,190,10,1300
697,53400,50,0,Salaried,Tier_2,7440,0,1120,6220,3050,1680,810,3110,860,830,2250,27370,18.0,9610,26030,220,0,30,190,300,590,240,90,30,20,560
698,48500,20,1,Salaried,Tier_2,13120,370,1030,5510,3110,3970,590,2550,870,60,1100,32280,12.1,5870,16220,390,10,30,170,310,1390,180,80,30,0,280
699,110300,26,1,Self-Employed,Tier_3,19950,0,4420,11840,6920,7510,3930,4270,2110,1630,5800,68380,20.1,22170,41920,600,0,130,360,690,2630,1180,130,60,50,1450
700,32200,33,2,Salaried,Tier_3,5170,300,600,2940,1260,2610,970,1230,1790,390,670,17930,28.7,9240,14270,160,10,20,90,130,910,290,40,50,10,170
701,18200,23,1,Self-Employed,Tier_2,4120,840,610,1190,1310,1330,450,1100,360,70,750,12130,32.7,5950,6070,120,30,20,40,130,470,140,30,10,0,190
702,162300,22,1,Business Owner,Tier_1,33630,0,3310,12190,7650,4290,5540,8070,6240,1190,4450,86560,9.1,14770,75740,1010,0,100,370,760,1500,1660,240,190,40,1110
703,33800,39,2,Freelancer,Tier_2,9120,0,1540,4920,1750,800,1180,1670,2130,150,1370,24630,16.4,5540,9170,270,0,50,150,180,280,350,50,60,0,340
704,78900,28,2,Salaried,Tier_1,17270,13090,3700,9010,5190,5970,2890,5260,1270,150,1580,65380,8.8,6940,13520,520,390,110,270,520,2090,870,160,40,0,400
705,92000,19,1,Salaried,Tier_1,26570,19450,1280,8890,6320,8090,3650,3470,2380,1080,2930,84110,8.9,8190,7890,800,580,40,270,630,2830,1100,100,70,30,730
706,187100,19,2,Salaried,Tier_1,50480,39200,7800,28310,16080,6030,2710,10630,7110,2990,8940,180280,15.4,28810,6820,1510,1180,230,850,1610,2110,810,320,210,90,2240
707,87000,31,3,Salaried,Tier_2,16350,710,2380,10490,3520,1820,3990,4990,6250,9150,4210,63860,27.4,23840,23140,490,20,70,310,350,640,1200,150,190,270,1050
708,116900,21,0,Salaried,Tier_1,40230,0,3800,15030,7430,8090,4870,5680,5510,600,2750,93990,17.9,20930,22910,1210,0,110,450,740,2830,1460,170,170,20,690
709,94200,48,0,Freelancer,Tier_2,20470,0,3350,8720,6110,4340,4650,4780,1640,1140,5240,60440,26.2,24680,33760,610,0,100,260,610,1520,1400,140,50,30,1310
710,86400,40,2,Salaried,Tier_3,18750,0,3940,8770,7350,7670,1370,3370,4170,7720,4670,67780,23.5,20300,18620,560,0,120,260,740,2680,410,100,130,230,1170
711,42300,65,0,Retired,Tier_3,9220,0,1400,3400,2670,3640,1670,2000,2090,370,1400,27860,30.6,12940,14440,280,0,40,100,270,1270,500,60,60,10,350
712,44600,19,0,Salaried,Tier_3,8170,4000,1790,3060,3050,2310,1930,2490,870,0,2310,29980,21.6,9630,14620,250,120,50,90,300,810,580,70,30,0,580
713,94100,56,2,Salaried,Tier_1,14870,0,1030,6820,3510,3110,3860,2490,2470,10740,3470,52370,17.7,16660,41730,450,0,30,200,350,1090,1160,70,70,320,870
714,98100,44,1,Salaried,Tier_2,22180,10330,3390,6710,5830,2180,2240,2250,4770,10140,3470,73490,22.6,22170,24610,670,310,100,200,580,760,670,70,140,300,870
715,104600,27,0,Salaried,Tier_2,13280,11220,4840,10250,6550,2700,4080,5090,5870,860,5230,69970,14.5,15170,34630,400,340,150,310,660,940,1220,150,180,30,1310
716,62800,59,3,Retired,Tier_1,10340,11920,2590,10500,3560,3460,1790,3730,2290,6970,2900,60050,9.3,5840,2750,310,360,80,320,360,1210,540,110,70,210,720
717,77400,28,0,Self-Employed,Tier_2,11560,4940,1800,5320,3040,7300,1390,3050,800,1080,4050,44330,32.4,25080,33070,350,150,50,160,300,2560,420,90,20,30,1010
718,32800,37,2,Freelancer,Tier_1,9280,6580,460,2710,2440,2830,1070,1430,1080,2750,680,31310,22.2,7280,1490,280,200,10,80,240,990,320,40,30,80,170
719,144100,19,2,Business Owner,Tier_2,31750,13390,1820,13540,12530,7790,3750,9490,9250,2270,3580,109160,12.4,17870,34940,950,400,50,410,1250,2730,1120,280,280,70,900
720,47400,19,3,Self-Employed,Tier_2,12430,1930,1260,6160,2080,1720,730,2820,620,50,2440,32240,11.0,5210,15160,370,60,40,180,210,600,220,80,20,0,610
721,103000,39,4,Business Owner,Tier_2,28320,18160,1810,13320,6050,3330,2630,6160,5040,1490,2660,88970,11.4,11740,14030,850,540,50,400,600,1170,790,180,150,40,660
722,97500,44,2,Self-Employed,Tier_3,26440,7760,1850,9160,3270,5880,4370,5790,1290,1180,5580,72570,18.6,18140,24930,790,230,60,270,330,2060,1310,170,40,40,1400
723,36400,32,1,Self-Employed,Tier_3,10190,0,1460,2850,2400,1750,1490,1470,450,40,850,22950,32.1,11680,13450,310,0,40,90,240,610,450,40,10,0,210
724,11400,27,2,Salaried,Tier_2,1990,0,260,1120,990,640,290,730,590,140,650,7400,24.3,2770,4000,60,0,10,30,100,220,90,20,20,0,160
725,100900,38,1,Business Owner,Tier_2,21500,14020,2020,8880,4670,4870,3080,3540,6030,10980,4300,83890,17.4,17560,17010,640,420,60,270,470,1700,920,110,180,330,1080
726,48800,23,1,Salaried,Tier_3,12600,0,760,6410,2330,3320,1190,2200,1370,700,2110,32990,12.7,6200,15810,380,0,20,190,230,1160,360,70,40,20,530
727,44000,44,1,Business Owner,Tier_3,6730,0,1310,3790,2600,2060,1440,1970,820,480,1320,22520,34.1,15000,21480,200,0,40,110,260,720,430,60,20,10,330
728,83200,40,1,Freelancer,Tier_3,18720,5070,2720,6820,2750,4150,4100,3940,3040,580,2060,53950,12.9,10730,29250,560,150,80,200,280,1450,1230,120,90,20,520
729,66600,24,3,Salaried,Tier_3,14570,3930,2750,11070,4740,2290,3040,3520,870,400,3000,50180,15.5,10320,16420,440,120,80,330,470,800,910,110,30,10,750
730,86000,24,0,Salaried,Tier_1,14570,0,1950,6670,6740,6690,1560,3840,4960,140,4270,51390,34.4,29580,34610,440,0,60,200,670,2340,470,120,150,0,1070
731,103000,46,3,Salaried,Tier_2,15430,3930,1940,8760,4570,4280,3420,5620,3750,2640,2470,56810,10.2,10510,46190,460,120,60,260,460,1500,1030,170,110,80,620
732,43700,33,0,Business Owner,Tier_2,7380,8480,1300,5380,2680,2230,1310,1950,2270,480,1530,34990,27.0,11800,8710,220,250,40,160,270,780,390,60,70,10,380
733,127100,27,0,Self-Employed,Tier_2,22440,11330,2540,10580,5570,9460,3660,2670,7210,560,6090,82110,20.2,25670,44990,670,340,80,320,560,3310,1100,80,220,20,1520
734,8100,28,2,Freelancer,Tier_1,1270,0,160,840,730,430,140,510,400,90,420,4990,30.8,2490,3110,40,0,0,30,70,150,40,20,10,0,100
735,61600,63,1,Retired,Tier_1,9510,0,1730,5550,5020,2430,2870,1940,1700,3850,1800,36400,10.5,6470,25200,290,0,50,170,500,850,860,60,50,120,450
736,6000,31,2,Salaried,Tier_2,1310,0,270,550,470,200,230,160,100,590,160,4040,11.4,680,1960,40,0,10,20,50,70,70,0,0,20,40
737,102800,33,0,Self-Employed,Tier_2,28160,17330,3140,6340,6200,2960,1580,2250,1830,240,5600,75630,30.5,31350,27170,840,520,90,190,620,1040,470,70,50,10,1400
738,134900,30,1,Self-Employed,Tier_1,36490,22390,1710,13140,4050,8460,5660,6860,4330,8770,4880,116740,22.2,29950,18160,1090,670,50,390,400,2960,1700,210,130,260,1220
739,4500,68,1,Retired,Tier_3,870,0,130,600,190,280,110,160,200,220,160,2920,18.1,810,1580,30,0,0,20,20,100,30,0,10,10,40
740,76100,44,1,Salaried,Tier_1,22300,0,1680,6540,2360,2730,2100,3240,2740,640,4210,48540,20.5,15600,27560,670,0,50,200,240,960,630,100,80,20,1050
741,62100,29,4,Salaried,Tier_1,9250,0,1580,9200,3480,3840,1500,3320,2780,6960,3400,45310,20.9,12980,16790,280,0,50,280,350,1340,450,100,80,210,850
742,116000,39,1,Salaried,Tier_1,16600,0,3580,7760,6290,8800,3300,5620,3040,710,4720,60420,11.3,13110,55580,500,0,110,230,630,3080,990,170,90,20,1180
743,59300,33,1,Salaried,Tier_2,13160,0,2890,8620,3120,3930,1640,3130,1500,150,3360,41500,10.5,6230,17800,390,0,90,260,310,1380,490,90,40,0,840
744,119000,42,1,Salaried,Tier_1,36770,0,3790,10330,10110,2380,1510,6990,2990,6890,2690,84450,20.6,24510,34550,1100,0,110,310,1010,830,450,210,90,210,670
745,4500,60,1,Retired,Tier_3,1230,0,90,510,380,350,100,230,180,50,240,3360,23.9,1080,1140,40,0,0,20,40,120,30,10,10,0,60
746,32500,39,1,Business Owner,Tier_3,5490,0,720,4840,2910,920,1090,1830,800,3210,1370,23180,30.8,10010,9320,160,0,20,150,290,320,330,50,20,100,340
747,75400,28,1,Salaried,Tier_3,19130,6960,1750,5410,3000,4050,3550,1840,2090,1210,2820,51810,30.0,22620,23590,570,210,50,160,300,1420,1060,60,60,40,700
748,82400,41,4,Salaried,Tier_2,22930,8920,3980,11650,4480,6550,1770,4830,1980,1570,2730,71390,18.2,15000,11010,690,270,120,350,450,2290,530,140,60,50,680
749,43100,34,1,Salaried,Tier_1,13160,6140,2140,2800,1750,1260,2130,1610,2060,640,1480,35170,23.4,10090,7930,390,180,60,80,180,440,640,50,60,20,370
750,56900,31,1,Salaried,Tier_3,13120,0,1010,4520,3040,5100,810,2690,2510,540,3030,36370,15.7,8930,20530,390,0,30,140,300,1780,240,80,80,20,760
751,63500,33,3,Salaried,Tier_2,7990,0,2320,9100,4990,2860,1930,2500,3570,460,3320,39040,14.3,9080,24460,240,0,70,270,500,1000,580,80,110,10,830
752,60600,61,2,Retired,Tier_1,9840,1440,1690,5060,2090,4480,2270,3030,3230,3170,1510,37810,25.4,15390,22790,300,40,50,150,210,1570,680,90,100,100,380
753,14300,18,0,Student,Tier_2,2120,600,180,890,1160,540,250,570,610,100,690,7710,16.7,2390,6590,60,20,10,30,120,190,80,20,20,0,170
754,82400,44,2,Salaried,Tier_1,21040,12690,850,11720,7190,4050,2430,5690,1660,1310,2440,71070,24.3,20020,11330,630,380,30,350,720,1420,730,170,50,40,610
755,7500,57,1,Retired,Tier_3,1400,0,220,1020,450,260,170,380,380,70,310,4660,32.0,2400,2840,40,0,10,30,40,90,50,10,10,0,80
756,26900,59,3,Retired,Tier_2,5880,3190,1080,2120,1340,1310,940,1720,1120,430,1540,20670,32.7,8800,6230,180,100,30,60,130,460,280,50,30,10,380
757,48400,28,3,Self-Employed,Tier_1,7070,0,2230,4820,2220,3320,560,3490,1950,350,1800,27810,33.9,16410,20590,210,0,70,140,220,1160,170,100,60,10,450
758,18000,36,2,Freelancer,Tier_1,6030,3150,640,1760,1190,420,890,600,900,620,440,16640,14.3,2570,1360,180,90,20,50,120,150,270,20,30,20,110
759,66900,68,2,Retired,Tier_2,19430,300,1020,9310,3040,4420,2470,2840,4290,250,1780,49150,10.6,7090,17750,580,10,30,280,300,1550,740,90,130,10,440
760,29100,20,0,Student,Tier_1,9150,0,570,3560,2260,2510,1410,710,950,60,1470,22650,29.0,8440,6450,270,0,20,110,230,880,420,20,30,0,370
761,190000,30,0,Self-Employed,Tier_1,41480,7910,9080,22420,16080,14460,9270,9630,11330,560,6400,148620,22.1,41990,41380,1240,240,270,670,1610,5060,2780,290,340,20,1600
762,119400,42,3,Business Owner,Tier_1,26100,19880,1690,14950,9400,5000,2100,6740,7210,10710,2710,106490,34.8,41550,12910,780,600,50,450,940,1750,630,200,220,320,680
763,72100,43,0,Salaried,Tier_2,11240,0,2030,4350,3700,6430,3410,3310,2220,1090,4240,42020,31.3,22570,30080,340,0,60,130,370,2250,1020,100,70,30,1060
764,33700,24,0,Salaried,Tier_3,4870,3670,1680,3980,1700,2150,380,1800,870,190,1780,23070,15.9,5360,10630,150,110,50,120,170,750,110,50,30,10,440
765,85200,25,4,Freelancer,Tier_1,14460,6370,2260,7420,5270,2150,1900,3600,1250,1500,2820,49000,27.2,23170,36200,430,190,70,220,530,750,570,110,40,40,700
766,7300,18,0,Student,Tier_3,1310,0,130,560,570,260,150,390,270,70,400,4110,29.9,2180,3190,40,0,0,20,60,90,40,10,10,0,100
767,36800,37,1,Self-Employed,Tier_2,10350,0,430,5310,2030,2920,760,880,530,4190,1600,29000,10.9,4010,7800,310,0,10,160,200,1020,230,30,20,130,400
768,66600,25,2,Self-Employed,Tier_2,17510,0,1110,8640,4270,6450,2350,1600,1620,850,1780,46180,33.8,22510,20420,530,0,30,260,430,2260,700,50,50,30,440
769,6000,21,0,Student,Tier_2,1560,0,190,390,260,400,110,250,160,40,260,3620,32.6,1960,2380,50,0,10,10,30,140,30,10,0,0,60
770,74300,32,2,Salaried,Tier_1,17910,15980,1950,6490,3360,2150,1290,3930,1380,900,1880,57220,9.1,6760,17080,540,480,60,190,340,750,390,120,40,30,470
771,48400,55,2,Retired,Tier_2,11490,0,2090,3430,1760,1670,760,2750,2770,5050,1600,33370,19.1,9240,15030,340,0,60,100,180,580,230,80,80,150,400
772,63500,27,1,Business Owner,Tier_2,17560,11990,2320,6800,5520,3860,1280,2560,1230,890,3390,57400,28.2,17910,6100,530,360,70,200,550,1350,380,80,40,30,850
773,129200,28,2,Self-Employed,Tier_1,22560,21860,3740,18140,4380,8030,2860,4340,3000,2010,6920,97840,34.0,43930,31360,680,660,110,540,440,2810,860,130,90,60,1730
774,76900,29,1,Salaried,Tier_2,16870,10860,1210,6760,4020,2910,1070,4520,2980,430,2780,54410,9.7,7460,22490,510,330,40,200,400,1020,320,140,90,10,700
775,53700,66,1,Retired,Tier_1,13800,0,2520,6390,4760,1090,2600,1920,2580,540,2290,38490,8.0,4300,15210,410,0,80,190,480,380,780,60,80,20,570
776,160700,59,0,Salaried,Tier_1,48940,20720,5650,18250,14080,9570,3900,5660,6630,2580,5300,141280,31.2,50140,19420,1470,620,170,550,1410,3350,1170,170,200,80,1320
777,30700,22,1,Salaried,Tier_2,4250,0,590,4290,1300,1500,1530,760,1460,540,1160,17380,11.7,3590,13320,130,0,20,130,130,520,460,20,40,20,290
778,169800,39,2,Business Owner,Tier_1,58280,0,7740,25890,6050,17250,5850,4680,4430,12190,8470,150830,33.3,56540,18970,1750,0,230,780,600,6040,1760,140,130,370,2120
779,70400,32,2,Salaried,Tier_2,21020,0,3200,5550,4240,2540,2330,1630,3660,7900,3530,55600,23.0,16190,14800,630,0,100,170,420,890,700,50,110,240,880
780,63000,19,3,Salaried,Tier_2,9740,0,1220,4970,2570,4910,1130,2480,1020,510,2820,31370,8.9,5610,31630,290,0,40,150,260,1720,340,70,30,20,700
781,104300,22,3,Business Owner,Tier_2,25430,19130,1710,11670,4200,2810,1770,6950,4010,160,2740,80580,10.0,10430,23720,760,570,50,350,420,980,530,210,120,0,680
782,49700,19,1,Salaried,Tier_2,12350,0,1550,7090,3260,4340,1660,1780,1750,740,2180,36700,25.8,12820,13000,370,0,50,210,330,1520,500,50,50,20,540
783,41800,42,3,Salaried,Tier_2,11020,0,750,4340,3190,2200,570,2240,2580,100,930,27920,27.9,11660,13880,330,0,20,130,320,770,170,70,80,0,230
784,41500,36,0,Self-Employed,Tier_3,10300,0,500,3090,3430,3780,810,910,2200,410,950,26380,22.6,9380,15120,310,0,20,90,340,1320,240,30,70,10,240
785,10800,40,2,Salaried,Tier_2,2920,330,450,1450,380,330,300,460,520,100,540,7780,20.4,2200,3020,90,10,10,40,40,120,90,10,20,0,140
786,82900,28,1,Business Owner,Tier_3,10360,12130,910,11170,2640,4240,3340,4680,3520,120,2290,55400,33.7,27940,27500,310,360,30,340,260,1480,1000,140,110,0,570
787,60300,24,1,Salaried,Tier_3,15040,0,1360,7410,4680,3330,1300,2060,1170,590,1560,38500,26.0,15680,21800,450,0,40,220,470,1170,390,60,40,20,390
788,82700,19,0,Self-Employed,Tier_1,25520,5260,2880,5240,4360,2270,2260,1740,3300,0,2520,55350,14.6,12070,27350,770,160,90,160,440,790,680,50,100,0,630
789,48500,26,2,Salaried,Tier_1,9060,0,1010,4400,2390,3220,1200,2970,2770,330,1050,28400,27.3,13240,20100,270,0,30,130,240,1130,360,90,80,10,260
790,222000,32,1,Business Owner,Tier_1,59040,0,2370,26360,15130,22830,10430,6570,3170,7130,4860,157890,11.3,25090,64110,1770,0,70,790,1510,7990,3130,200,100,210,1220
791,48600,43,2,Salaried,Tier_3,13330,0,2330,5630,4170,2730,1220,2850,2050,370,1490,36170,12.2,5930,12430,400,0,70,170,420,960,370,90,60,10,370
792,49800,33,0,Salaried,Tier_2,11100,7330,1950,4610,1970,1840,1330,2420,1410,650,2050,36660,13.8,6870,13140,330,220,60,140,200,640,400,70,40,20,510
793,59700,51,2,Salaried,Tier_3,10980,0,2410,8950,1940,2880,1140,3260,1870,4890,1900,40220,33.9,20240,19480,330,0,70,270,190,1010,340,100,60,150,480
794,8800,22,0,Student,Tier_1,2260,0,270,1170,670,630,220,370,310,30,520,6450,17.0,1500,2350,70,0,10,40,70,220,70,10,10,0,130
795,35900,63,1,Retired,Tier_2,9820,0,1680,2970,2720,1610,1550,1180,1000,3050,1280,26860,14.0,5030,9040,290,0,50,90,270,560,460,40,30,90,320
796,124500,31,3,Salaried,Tier_1,37470,14910,4270,11720,8170,7990,2230,4430,4670,720,3610,100190,31.8,39590,24310,1120,450,130,350,820,2800,670,130,140,20,900
797,20900,55,0,Freelancer,Tier_2,3740,0,590,2090,1140,1230,930,1160,220,70,1100,12270,34.9,7290,8630,110,0,20,60,110,430,280,30,10,0,280
798,71100,26,1,Salaried,Tier_1,18600,14460,1410,6920,4150,4920,1460,2410,4530,150,3480,62490,19.2,13650,8610,560,430,40,210,420,1720,440,70,140,0,870
799,72500,36,2,Salaried,Tier_2,9630,1960,2250,10240,3420,4190,1380,3020,2850,7290,3150,49380,28.4,20590,23120,290,60,70,310,340,1470,410,90,90,220,790
800,8100,28,1,Salaried,Tier_1,1970,0,230,760,450,210,380,420,460,40,330,5250,19.0,1540,2850,60,0,10,20,40,70,110,10,10,0,80
801,39300,22,0,Business Owner,Tier_3,7800,6840,470,4540,1450,1370,1620,810,480,140,2340,27860,22.0,8650,11440,230,210,10,140,140,480,490,20,10,0,580
802,79500,43,2,Salaried,Tier_1,13510,0,1810,11030,2860,2570,1490,5160,2560,7800,3210,52000,13.0,10340,27500,410,0,50,330,290,900,450,150,80,230,800
803,6000,40,0,Self-Employed,Tier_2,1780,0,130,820,220,300,190,310,360,80,200,4390,14.4,860,1610,50,0,0,20,20,100,60,10,10,0,50
804,5500,20,0,Student,Tier_3,1270,0,80,490,390,120,240,220,330,60,120,3320,15.8,870,2180,40,0,0,10,40,40,70,10,10,0,30
805,17800,37,1,Self-Employed,Tier_3,3430,2340,590,2600,980,1360,750,1050,820,270,810,15000,28.5,5070,2800,100,70,20,80,100,480,220,30,20,10,200
806,166900,35,0,Business Owner,Tier_2,43570,21270,5920,17610,6480,11930,3630,8490,9070,1710,8630,138310,31.1,51910,28590,1310,640,180,530,650,4180,1090,250,270,50,2160
807,32200,70,3,Retired,Tier_3,6360,0,1560,2570,2170,700,1040,1050,1680,260,1180,18570,32.1,10340,13630,190,0,50,80,220,240,310,30,50,10,300
808,246800,27,1,Business Owner,Tier_1,45710,0,5680,30120,20850,19400,11340,10880,11420,2490,5110,163000,30.1,74290,83800,1370,0,170,900,2080,6790,3400,330,340,70,1280
809,28700,28,2,Salaried,Tier_1,7320,0,320,4140,2210,1390,1160,1390,580,340,680,19530,22.9,6570,9170,220,0,10,120,220,490,350,40,20,10,170
810,8100,19,0,Self-Employed,Tier_1,2060,1440,110,1020,670,720,340,260,220,130,200,7170,30.8,2490,930,60,40,0,30,70,250,100,10,10,0,50
811,76200,41,2,Freelancer,Tier_1,24000,13960,1260,10620,2290,5090,2330,3890,4890,530,4570,73430,11.2,8530,2770,720,420,40,320,230,1780,700,120,150,20,1140
812,64200,63,2,Retired,Tier_1,9200,0,1610,4800,4420,1640,2260,1710,3490,60,2330,31520,12.8,8220,32680,280,0,50,140,440,570,680,50,100,0,580
813,77600,46,0,Business Owner,Tier_1,13020,12460,1460,6390,2410,5090,2150,2430,1410,1000,2950,50770,11.8,9160,26830,390,370,40,190,240,1780,640,70,40,30,740
814,33900,27,0,Salaried,Tier_3,9390,5410,1460,4540,2890,3010,1110,1940,450,470,710,31380,33.3,11290,2520,280,160,40,140,290,1050,330,60,10,10,180
815,116600,44,2,Business Owner,Tier_1,19290,23890,2840,18190,4920,11770,3040,5230,7620,6500,3290,106580,34.9,40690,10020,580,720,90,550,490,4120,910,160,230,200,820
816,15900,21,0,Student,Tier_2,4270,0,360,1550,1000,1400,400,440,510,260,660,10850,16.3,2590,5050,130,0,10,50,100,490,120,10,20,10,160
817,157900,40,3,Self-Employed,Tier_2,42180,14980,3380,12580,9020,12840,6830,7040,7190,17580,8870,142490,28.0,44210,15410,1270,450,100,380,900,4490,2050,210,220,530,2220
818,63000,39,2,Self-Employed,Tier_2,17520,0,2110,9220,2280,2540,1940,4310,1360,620,3110,45010,21.3,13420,17990,530,0,60,280,230,890,580,130,40,20,780
819,160800,35,2,Business Owner,Tier_2,43840,6270,5990,15940,5110,6950,6430,10890,2080,2270,7000,112770,27.4,44060,48030,1320,190,180,480,510,2430,1930,330,60,70,1750
820,66800,19,3,Salaried,Tier_2,12860,0,1300,7650,5130,2020,2790,2870,840,650,1560,37670,30.7,20510,29130,390,0,40,230,510,710,840,90,30,20,390
821,116200,31,2,Salaried,Tier_2,20950,0,5520,15490,6310,3550,1500,6210,7660,1010,4980,73180,16.8,19520,43020,630,0,170,460,630,1240,450,190,230,30,1240
822,62900,33,1,Salaried,Tier_2,10590,0,2160,5650,3950,1330,1030,3780,810,370,1340,31010,24.3,15280,31890,320,0,60,170,400,470,310,110,20,10,340
823,7500,19,0,Business Owner,Tier_2,1290,210,340,650,560,500,260,340,180,60,310,4700,20.4,1530,2800,40,10,10,20,60,180,80,10,10,0,80
824,13100,25,1,Freelancer,Tier_3,1990,2580,340,1290,550,970,480,300,580,60,670,9810,34.0,4450,3290,60,80,10,40,60,340,140,10,20,0,170
825,37100,45,1,Salaried,Tier_2,10560,4130,1440,2900,2970,1570,1230,1590,1900,530,1530,30350,26.4,9790,6750,320,120,40,90,300,550,370,50,60,20,380
826,16300,32,0,Salaried,Tier_2,4000,3170,600,2110,1230,770,640,540,540,10,760,14370,12.5,2040,1930,120,100,20,60,120,270,190,20,20,0,190
827,23000,18,0,Student,Tier_1,5370,0,360,2900,1530,760,460,1340,1020,310,1240,15290,29.3,6740,7710,160,0,10,90,150,270,140,40,30,10,310
828,107800,45,1,Freelancer,Tier_1,20690,16230,5030,8720,8160,7610,5100,3160,6670,5030,6330,92730,12.6,13580,15070,620,490,150,260,820,2660,1530,90,200,150,1580
829,8100,20,0,Student,Tier_1,2560,1670,120,950,420,180,290,330,470,140,340,7470,8.4,680,630,80,50,0,30,40,60,90,10,10,0,80
830,13900,24,0,Salaried,Tier_2,2150,1920,210,1590,840,840,650,340,470,120,300,9430,22.1,3070,4470,60,60,10,50,80,290,200,10,10,0,80
831,120400,33,1,Business Owner,Tier_2,24280,8660,2780,8920,8880,6590,5470,6850,4390,12220,4930,93970,14.4,17340,26430,730,260,80,270,890,2310,1640,210,130,370,1230
832,68300,28,4,Salaried,Tier_3,18600,10480,2440,6200,5940,5150,780,3080,2960,760,3960,60350,11.3,7720,7950,560,310,70,190,590,1800,230,90,90,20,990
833,106700,49,2,Self-Employed,Tier_2,29030,12370,4720,10880,4240,3790,2480,6480,6250,5480,2380,88100,16.8,17930,18600,870,370,140,330,420,1330,740,190,190,160,600
834,16400,42,1,Freelancer,Tier_2,2460,1780,390,1540,1220,1100,520,590,700,1900,850,13050,16.6,2720,3350,70,50,10,50,120,380,160,20,20,60,210
835,243500,36,2,Business Owner,Tier_2,47980,0,3760,36180,20200,6720,10240,9860,6070,2840,7130,150980,33.9,82550,92520,1440,0,110,1090,2020,2350,3070,300,180,90,1780
836,20900,28,3,Salaried,Tier_3,5780,0,210,2260,670,720,740,1090,500,40,670,12680,31.0,6480,8220,170,0,10,70,70,250,220,30,20,0,170
837,25800,19,0,Self-Employed,Tier_1,8850,0,720,2860,1460,2680,920,670,270,170,1050,19650,27.9,7200,6150,270,0,20,90,150,940,280,20,10,10,260
838,197300,34,2,Salaried,Tier_1,34290,23590,8420,27230,8170,4810,3550,5890,11910,30,6350,134240,10.5,20720,63060,1030,710,250,820,820,1680,1060,180,360,0,1590
839,89800,40,2,Salaried,Tier_1,12840,0,2590,10570,3160,4660,3720,5830,3540,3460,4480,54850,17.8,15980,34950,390,0,80,320,320,1630,1120,170,110,100,1120
840,191200,39,0,Business Owner,Tier_2,34140,0,5820,23330,13420,11870,8790,8060,8890,1350,8030,123700,12.9,24660,67500,1020,0,170,700,1340,4150,2640,240,270,40,2010
841,80800,30,1,Salaried,Tier_1,26630,0,3930,11910,6910,3460,1370,3760,3350,890,4010,66220,31.8,25690,14580,800,0,120,360,690,1210,410,110,100,30,1000
842,13400,65,0,Retired,Tier_2,2940,700,220,1500,970,500,440,750,270,130,430,8850,19.3,2590,4550,90,20,10,40,100,180,130,20,10,0,110
843,6000,26,1,Self-Employed,Tier_2,1590,380,290,680,270,270,250,330,260,80,160,4560,20.1,1210,1440,50,10,10,20,30,90,80,10,10,0,40
844,39900,28,1,Freelancer,Tier_3,6560,7910,1150,4400,2390,1110,1180,2410,1140,420,1690,30360,32.7,13050,9540,200,240,30,130,240,390,350,70,30,10,420
845,25000,37,2,Salaried,Tier_1,5510,4350,1110,3010,1010,2050,520,1220,1170,420,1380,21750,22.0,5500,3250,170,130,30,90,100,720,160,40,40,10,340
846,67600,29,2,Self-Employed,Tier_2,10360,9480,1740,5090,5430,5880,3370,3980,1580,2260,2170,51340,32.9,22240,16260,310,280,50,150,540,2060,1010,120,50,70,540
847,17100,19,2,Business Owner,Tier_3,2260,3140,280,1520,1260,1700,760,410,350,180,870,12730,27.7,4740,4370,70,90,10,50,130,600,230,10,10,10,220
848,9600,42,1,Self-Employed,Tier_1,2540,0,100,970,560,400,320,250,610,170,210,6130,12.1,1160,3470,80,0,0,30,60,140,100,10,20,10,50
849,136300,36,3,Salaried,Tier_1,31970,0,1650,18330,10190,3580,1980,6100,2780,2960,3390,82930,27.5,37480,53370,960,0,50,550,1020,1250,590,180,80,90,850
850,72600,21,0,Salaried,Tier_2,16850,11650,830,7680,4060,3170,2280,3370,2380,1150,3810,57230,29.0,21050,15370,510,350,20,230,410,1110,680,100,70,30,950
851,82400,19,1,Salaried,Tier_2,21600,12380,2890,6340,4140,1700,3020,5280,1560,430,2070,61410,30.7,25300,20990,650,370,90,190,410,600,910,160,50,10,520
852,56700,19,4,Self-Employed,Tier_2,14380,8170,2390,5780,3970,4200,860,3580,2610,20,1350,47310,34.2,19390,9390,430,250,70,170,400,1470,260,110,80,0,340
853,110600,19,0,Salaried,Tier_1,23660,7470,5190,8510,3500,9500,5030,5660,1250,1970,6330,78070,19.4,21460,32530,710,220,160,260,350,3320,1510,170,40,60,1580
854,146100,35,3,Salaried,Tier_1,49320,13860,6500,11190,6380,4220,3110,8330,9970,900,4450,118230,31.3,45730,27870,1480,420,200,340,640,1480,930,250,300,30,1110
855,31500,39,1,Freelancer,Tier_2,5200,0,1090,4510,1710,1720,1470,1550,970,3380,1020,22620,9.8,3090,8880,160,0,30,140,170,600,440,50,30,100,260
856,50400,43,1,Salaried,Tier_2,7010,9280,1010,5160,1850,2970,2050,2820,1940,230,1060,35380,32.6,16430,15020,210,280,30,150,180,1040,620,80,60,10,260
857,65800,36,2,Freelancer,Tier_2,9810,0,2090,7740,5180,4400,1840,1980,880,5680,3880,43480,27.0,17770,22320,290,0,60,230,520,1540,550,60,30,170,970
858,98700,44,1,Self-Employed,Tier_1,14600,18900,2410,10920,4590,4860,4150,2880,4820,290,4210,72630,12.9,12730,26070,440,570,70,330,460,1700,1240,90,140,10,1050
859,109400,45,0,Self-Employed,Tier_2,18130,710,1620,6610,4590,8790,4910,3060,3300,1620,6210,59550,19.9,21770,49850,540,20,50,200,460,3080,1470,90,100,50,1550
860,105300,19,3,Salaried,Tier_2,28380,16200,3050,8170,9350,5080,2850,4230,3460,1120,5290,87180,29.5,31060,18120,850,490,90,250,940,1780,860,130,100,30,1320
861,53700,40,1,Salaried,Tier_2,12780,6920,1710,7850,1830,3760,2160,3150,2410,1740,1080,45390,14.7,7890,8310,380,210,50,240,180,1320,650,90,70,50,270
862,30900,61,0,Retired,Tier_1,6170,0,1320,4150,1660,1930,1530,1410,1310,110,1350,20940,26.5,8190,9960,190,0,40,120,170,680,460,40,40,0,340
863,31100,26,1,Freelancer,Tier_1,5680,1960,370,3300,1430,1130,530,1100,640,410,1820,18370,26.1,8120,12730,170,60,10,100,140,400,160,30,20,10,460
864,6000,39,5,Self-Employed,Tier_2,1490,1200,100,790,540,480,70,330,300,590,250,6140,12.6,760,-140,40,40,0,20,50,170,20,10,10,20,60
865,168500,42,3,Salaried,Tier_1,55720,0,8050,25890,7430,11440,6750,8960,8310,17890,8630,159070,20.1,33870,9430,1670,0,240,780,740,4000,2020,270,250,540,2160
866,75200,37,4,Salaried,Tier_1,20120,0,3540,9990,5930,5990,3670,5670,5430,2740,1920,65000,28.5,21430,10200,600,0,110,300,590,2100,1100,170,160,80,480
867,79000,26,2,Salaried,Tier_3,16690,7610,830,6760,6220,3020,940,3570,3080,130,4240,53090,30.7,24250,25910,500,230,20,200,620,1060,280,110,90,0,1060
868,81100,28,1,Salaried,Tier_1,12600,0,3700,9980,5310,6120,2760,3240,4830,220,3980,52740,18.6,15080,28360,380,0,110,300,530,2140,830,100,140,10,1000
869,12700,18,0,Student,Tier_2,3150,0,530,1560,700,570,150,710,530,40,400,8340,32.1,4080,4360,90,0,20,50,70,200,40,20,20,0,100
870,221600,29,2,Business Owner,Tier_2,52860,0,3830,28580,18410,22560,8440,8050,10410,1530,6640,161310,15.2,33680,60290,1590,0,110,860,1840,7900,2530,240,310,50,1660
871,112500,48,0,Self-Employed,Tier_1,15800,13880,1580,8030,10000,6060,4550,5960,3410,1100,2810,73180,21.6,24300,39320,470,420,50,240,1000,2120,1360,180,100,30,700
872,15000,36,3,Self-Employed,Tier_3,2170,0,440,2590,1130,920,500,690,770,20,480,9710,13.8,2070,5290,70,0,10,80,110,320,150,20,20,0,120
873,6000,31,1,Freelancer,Tier_2,1370,1080,300,840,440,170,110,320,350,40,360,5380,9.2,550,620,40,30,10,30,40,60,30,10,10,0,90
874,71200,41,2,Salaried,Tier_2,12110,4730,1120,5780,2550,3010,800,2290,2020,40,3040,37490,18.9,13460,33710,360,140,30,170,260,1050,240,70,60,0,760
875,75000,32,0,Salaried,Tier_2,19430,0,1530,7730,5640,4810,2390,4370,3490,1170,2890,53450,22.9,17180,21550,580,0,50,230,560,1680,720,130,100,40,720
876,167800,32,3,Salaried,Tier_1,55080,0,8040,21570,11240,9680,7080,6230,12230,1200,7510,139860,19.9,33390,27940,1650,0,240,650,1120,3390,2120,190,370,40,1880
877,24500,19,0,Student,Tier_1,4970,0,350,2670,1800,1660,300,1160,830,160,1170,15070,18.3,4480,9430,150,0,10,80,180,580,90,30,20,0,290
878,144600,38,2,Business Owner,Tier_1,44870,0,5910,20900,6140,7290,3820,8110,2730,8930,4400,113100,18.1,26170,31500,1350,0,180,630,610,2550,1150,240,80,270,1100
879,52300,46,2,Salaried,Tier_2,11740,2060,1140,5470,2750,4210,2170,3010,2300,2730,2090,39670,9.4,4920,12630,350,60,30,160,280,1470,650,90,70,80,520
880,71200,27,3,Freelancer,Tier_1,16070,5700,2870,7700,5950,4270,2940,2860,2290,280,3650,54580,29.7,21150,16620,480,170,90,230,600,1490,880,90,70,10,910
881,118500,39,0,Salaried,Tier_1,37310,0,3170,13750,3940,5660,2770,5250,2540,110,5660,80160,26.2,31050,38340,1120,0,100,410,390,1980,830,160,80,0,1420
882,123900,19,2,Salaried,Tier_1,37570,0,5610,16600,7240,5960,5020,6400,4240,230,3350,92220,27.1,33580,31680,1130,0,170,500,720,2090,1510,190,130,10,840
883,143200,45,1,Salaried,Tier_1,21540,23960,7040,9470,8370,8040,3700,7490,9210,2200,7870,108890,12.7,18190,34310,650,720,210,280,840,2810,1110,220,280,70,1970
884,74400,30,0,Self-Employed,Tier_3,19670,7300,3700,6900,3410,2810,3160,1710,3460,1230,1650,55000,22.3,16590,19400,590,220,110,210,340,980,950,50,100,40,410
885,43900,26,1,Salaried,Tier_2,11210,460,1410,6540,2990,2010,900,1920,1210,100,1860,30610,28.3,12420,13290,340,10,40,200,300,700,270,60,40,0,460
886,97000,44,0,Self-Employed,Tier_3,12460,0,2640,8190,5050,7640,2280,2510,1920,1540,2370,46600,33.5,32500,50400,370,0,80,250,500,2670,680,80,60,50,590
887,28700,19,2,Salaried,Tier_2,6970,0,1220,2220,1620,2130,1160,990,820,330,1430,18890,21.2,6080,9810,210,0,40,70,160,750,350,30,20,10,360
888,43000,23,0,Salaried,Tier_3,5720,4490,1660,4830,1450,3410,1470,1530,960,30,1430,26980,25.2,10840,16020,170,130,50,140,140,1190,440,50,30,0,360
889,60700,35,0,Salaried,Tier_2,14100,3060,2670,7920,1860,4860,2700,3130,2850,560,2950,46660,18.7,11350,14040,420,90,80,240,190,1700,810,90,90,20,740
890,31500,22,3,Self-Employed,Tier_1,5470,1760,1470,5330,1440,1890,1360,1110,1440,210,710,22190,24.3,7650,9310,160,50,40,160,140,660,410,30,40,10,180
891,47000,32,1,Salaried,Tier_2,7680,0,750,4900,2830,3110,2110,2510,2550,480,1740,28660,23.8,11190,18340,230,0,20,150,280,1090,630,80,80,10,440
892,36400,19,3,Self-Employed,Tier_1,12510,2520,1210,3190,2140,1710,1020,1150,1300,20,860,27630,27.7,10080,8770,380,80,40,100,210,600,310,30,40,0,220
893,61100,28,2,Self-Employed,Tier_2,14470,0,1010,5590,3920,2000,3000,4210,3050,550,2180,39980,30.1,18390,21120,430,0,30,170,390,700,900,130,90,20,540
894,9500,23,0,Student,Tier_2,2720,0,140,1190,290,340,430,200,420,70,350,6150,11.1,1050,3350,80,0,0,40,30,120,130,10,10,0,90
895,6000,18,0,Student,Tier_2,1140,0,80,500,310,450,130,340,130,60,340,3480,25.5,1530,2520,30,0,0,20,30,160,40,10,0,0,80
896,126300,27,1,Business Owner,Tier_1,28440,20870,5590,15180,5270,6310,5640,5940,7040,1800,2700,104780,13.4,16920,21520,850,630,170,460,530,2210,1690,180,210,50,680
897,80800,39,0,Freelancer,Tier_1,26930,0,2710,7680,2790,1730,3030,3020,4740,970,2980,56580,10.5,8480,24220,810,0,80,230,280,610,910,90,140,30,740
898,54400,42,2,Salaried,Tier_2,14760,11890,1030,5210,4270,3150,760,2810,3540,3860,2770,54050,20.7,11260,350,440,360,30,160,430,1100,230,80,110,120,690
899,27900,36,0,Self-Employed,Tier_1,4660,3280,910,3060,1100,2090,1150,1150,1030,280,1140,19850,25.2,7030,8050,140,100,30,90,110,730,340,30,30,10,280
900,26300,39,0,Salaried,Tier_2,3500,0,1110,2480,1360,2080,860,1470,290,280,660,14090,33.5,8810,12210,100,0,30,70,140,730,260,40,10,10,160
901,70800,34,0,Salaried,Tier_3,19090,0,750,9790,4470,1440,3380,3960,2010,180,1620,46690,20.4,14440,24110,570,0,20,290,450,500,1010,120,60,10,400
902,79100,22,2,Salaried,Tier_1,22480,11680,1230,7680,5230,5920,1100,4310,4750,790,2470,67640,24.4,19300,11460,670,350,40,230,520,2070,330,130,140,20,620
903,105100,28,1,Self-Employed,Tier_3,23730,10390,4460,14820,8910,4860,4130,3480,1880,1560,3560,81780,15.9,16710,23320,710,310,130,440,890,1700,1240,100,60,50,890
904,107300,52,0,Self-Employed,Tier_3,29190,3340,4700,9590,8570,8980,1150,5300,1410,770,6120,79120,32.3,34660,28180,880,100,140,290,860,3140,340,160,40,20,1530
905,81600,27,1,Salaried,Tier_3,12400,2930,2640,7600,5980,6130,830,2080,3170,1390,4300,49450,12.9,10530,32150,370,90,80,230,600,2150,250,60,100,40,1080
906,132800,48,1,Business Owner,Tier_2,38260,27000,5550,12890,7820,3840,3190,6100,6440,15120,3140,129350,23.5,31210,3450,1150,810,170,390,780,1340,960,180,190,450,780
907,61300,55,3,Retired,Tier_2,8250,11870,2440,5940,4840,4630,740,3250,1520,240,1400,45120,19.6,12010,16180,250,360,70,180,480,1620,220,100,50,10,350
908,52600,41,1,Salaried,Tier_1,15810,6500,1210,4740,4140,1570,1720,2200,2250,3620,2870,46630,19.1,10050,5970,470,200,40,140,410,550,520,70,70,110,720
909,71900,19,3,Salaried,Tier_1,20830,15170,3000,9020,2770,3820,3030,4680,1260,1170,3520,68270,9.9,7120,3630,620,460,90,270,280,1340,910,140,40,40,880
910,68300,26,2,Salaried,Tier_1,16050,4460,3340,9720,5030,3460,2110,4380,1750,1070,1780,53150,22.3,15230,15150,480,130,100,290,500,1210,630,130,50,30,440
911,88400,29,1,Salaried,Tier_1,22230,19250,4410,12530,7590,4880,2820,5600,2470,2420,5030,89230,29.5,26080,-830,670,580,130,380,760,1710,850,170,70,70,1260
912,116500,29,1,Business Owner,Tier_3,19780,1280,2840,13790,5960,6360,3020,3550,2410,11530,5100,75620,22.6,26330,40880,590,40,90,410,600,2230,910,110,70,350,1280
913,91300,36,2,Salaried,Tier_2,21900,0,4160,7200,3200,2470,3760,6110,1560,1620,1900,53880,16.9,15430,37420,660,0,120,220,320,860,1130,180,50,50,480
914,46700,32,1,Salaried,Tier_3,8720,2400,1990,6790,3360,1210,800,1010,710,110,1750,28850,16.5,7710,17850,260,70,60,200,340,420,240,30,20,0,440
915,40400,28,1,Freelancer,Tier_2,7890,7220,1890,2890,1480,1410,1570,1190,2350,700,1870,30460,26.5,10710,9940,240,220,60,90,150,490,470,40,70,20,470
916,51800,32,1,Salaried,Tier_2,12780,9620,1480,5820,4450,3600,1740,1940,640,220,2590,44880,9.8,5080,6920,380,290,40,170,440,1260,520,60,20,10,650
917,75900,58,3,Salaried,Tier_1,10670,0,2520,5670,3860,6500,3430,3500,3320,950,3830,44250,9.7,7360,31650,320,0,80,170,390,2280,1030,100,100,30,960
918,112700,55,0,Self-Employed,Tier_2,31620,0,2750,13610,5030,6240,3680,2910,3160,140,2520,71660,34.0,38320,41040,950,0,80,410,500,2180,1100,90,90,0,630
919,36300,33,0,Self-Employed,Tier_2,10330,6580,450,3770,2650,2330,430,1740,800,310,1110,30500,26.4,9580,5800,310,200,10,110,260,820,130,50,20,10,280
920,54500,27,0,Business Owner,Tier_3,10220,0,550,5410,2870,5190,890,1810,1140,620,2900,31600,10.0,5450,22900,310,0,20,160,290,1820,270,50,30,20,720
921,184200,46,1,Salaried,Tier_1,45900,7450,2290,14910,15990,12740,2940,10260,5050,18920,4200,140650,27.9,51390,43550,1380,220,70,450,1600,4460,880,310,150,570,1050
922,73800,42,0,Salaried,Tier_1,21860,8780,3430,7440,3290,2260,3400,1740,2190,290,1880,56560,33.0,24350,17240,660,260,100,220,330,790,1020,50,70,10,470
923,48900,25,4,Salaried,Tier_2,12510,10720,1580,8940,2790,3910,2170,1520,2560,520,1810,49030,12.5,6110,-130,380,320,50,270,280,1370,650,50,80,20,450
924,82700,34,3,Salaried,Tier_3,15430,0,1080,9940,4780,1800,2800,2060,3310,900,2790,44890,12.4,10250,37810,460,0,30,300,480,630,840,60,100,30,700
925,162500,21,2,Business Owner,Tier_2,22400,0,6340,13890,8310,16330,6730,7710,10460,2110,7710,101990,23.3,37860,60510,670,0,190,420,830,5720,2020,230,310,60,1930
926,30000,27,1,Salaried,Tier_3,6780,2070,1200,3730,1750,2080,410,1370,400,30,1790,21610,17.2,5160,8390,200,60,40,110,180,730,120,40,10,0,450
927,27300,43,2,Salaried,Tier_2,5120,5660,830,3370,2290,2080,570,1850,810,180,650,23410,21.9,5980,3890,150,170,20,100,230,730,170,60,20,10,160
928,26100,35,1,Salaried,Tier_2,7070,1310,950,2040,1180,1030,770,880,580,60,1300,17170,22.2,5790,8930,210,40,30,60,120,360,230,30,20,0,320
929,59300,29,2,Salaried,Tier_2,7220,0,2080,4200,1910,2050,710,3950,3080,1560,1500,28260,27.4,16250,31040,220,0,60,130,190,720,210,120,90,50,380
930,56100,48,3,Self-Employed,Tier_3,8050,1150,1310,4440,2540,2270,2090,3690,1890,800,1640,29870,30.4,17050,26230,240,30,40,130,250,790,630,110,60,20,410
931,80700,49,2,Salaried,Tier_1,12320,410,1330,10100,4430,6600,3020,4650,3130,3660,3580,53230,31.2,25180,27470,370,10,40,300,440,2310,910,140,90,110,900
932,73500,29,1,Salaried,Tier_2,19680,0,1870,5790,4710,5590,1330,1960,2730,660,2550,46870,23.0,16900,26630,590,0,60,170,470,1960,400,60,80,20,640
933,7000,26,3,Salaried,Tier_3,1790,1370,180,1010,600,180,210,310,240,40,220,6150,28.6,2000,850,50,40,10,30,60,60,60,10,10,0,60
934,116200,24,2,Salaried,Tier_2,17890,0,3100,8180,8000,5390,3270,3390,2490,280,6420,58410,11.2,13010,57790,540,0,90,250,800,1890,980,100,70,10,1600
935,135300,32,1,Salaried,Tier_1,28290,19480,5120,11880,5290,9140,5950,6640,8440,1300,5370,106900,34.6,46810,28400,850,580,150,360,530,3200,1780,200,250,40,1340
936,49900,55,2,Retired,Tier_2,6750,6600,1860,4690,2100,2180,980,1470,3370,890,2890,33780,34.3,17120,16120,200,200,60,140,210,760,290,40,100,30,720
937,97100,45,2,Salaried,Tier_1,29660,5150,1280,14280,7860,5540,2550,3940,5170,650,3760,79840,27.6,26800,17260,890,150,40,430,790,1940,760,120,160,20,940
938,6000,20,0,Student,Tier_2,1580,0,250,790,410,520,150,180,170,50,330,4430,18.6,1120,1570,50,0,10,20,40,180,40,10,10,0,80
939,17000,18,0,Student,Tier_2,2280,0,420,1750,1440,1020,800,980,950,90,400,10130,17.2,2920,6870,70,0,10,50,140,360,240,30,30,0,100
940,111800,36,0,Freelancer,Tier_2,21410,0,1930,14340,4960,5780,5500,2850,3170,1440,6650,68030,15.2,16990,43770,640,0,60,430,500,2020,1650,90,100,40,1660
941,84300,26,6,Salaried,Tier_3,13880,0,4020,15640,4050,3560,1880,6080,1600,860,2430,54000,28.8,24280,30300,420,0,120,470,400,1250,560,180,50,30,610
942,46800,29,1,Salaried,Tier_3,6640,9680,2010,6750,1800,1330,1160,2120,740,790,1460,34480,12.2,5710,12320,200,290,60,200,180,470,350,60,20,20,360
943,4500,30,4,Salaried,Tier_3,1220,0,170,380,270,290,70,270,300,10,190,3170,29.5,1330,1330,40,0,10,10,30,100,20,10,10,0,50
944,4500,21,0,Student,Tier_3,800,0,130,310,380,290,50,230,200,70,240,2700,33.2,1490,1800,20,0,0,10,40,100,20,10,10,0,60
945,76700,37,0,Salaried,Tier_3,9830,0,1230,9860,3120,2220,1720,2520,3310,1310,1900,37020,8.7,6670,39680,290,0,40,300,310,780,520,80,100,40,480
946,86500,32,0,Salaried,Tier_3,20150,1650,4300,11480,3630,2930,3020,2940,1530,1210,2340,55180,27.5,23790,31320,600,50,130,340,360,1030,910,90,50,40,580
947,8100,25,1,Self-Employed,Tier_1,1690,0,390,770,680,640,150,260,160,90,410,5240,20.0,1620,2860,50,0,10,20,70,220,40,10,0,0,100
948,218100,20,1,Business Owner,Tier_1,61410,42920,9440,28870,9490,9390,5900,9490,13800,1840,5160,197710,9.3,20280,20390,1840,1290,280,870,950,3290,1770,280,410,60,1290
949,54500,65,3,Retired,Tier_1,17150,4570,760,6710,2150,1470,1950,3930,3990,1450,3190,47320,26.3,14330,7180,510,140,20,200,220,510,580,120,120,40,800
950,228100,29,3,Business Owner,Tier_1,52000,0,4670,36420,17510,14640,5240,14180,4680,860,13410,163610,13.9,31710,64490,1560,0,140,1090,1750,5120,1570,430,140,30,3350
951,8100,55,0,Business Owner,Tier_1,1610,0,190,1130,660,580,310,380,360,130,220,5570,33.9,2750,2530,50,0,10,30,70,200,90,10,10,0,60
952,37700,33,2,Salaried,Tier_1,10320,0,740,5760,2920,2020,1580,990,1850,2400,1160,29740,26.5,9990,7960,310,0,20,170,290,710,470,30,60,70,290
953,49500,34,3,Self-Employed,Tier_1,13520,0,520,6920,2140,2790,1290,1370,3020,590,1440,33600,30.4,15050,15900,410,0,20,210,210,980,390,40,90,20,360
954,135300,52,3,Self-Employed,Tier_1,27590,0,5680,22640,9410,7430,3670,8190,2280,9190,7680,103760,17.2,23270,31540,830,0,170,680,940,2600,1100,250,70,280,1920
955,81300,37,1,Salaried,Tier_1,20430,6400,1410,8620,2440,2410,1640,3280,1570,150,3650,52000,25.6,20810,29300,610,190,40,260,240,840,490,100,50,0,910
956,82700,20,2,Salaried,Tier_2,18430,0,2250,13020,4480,4730,2970,3480,3680,780,2370,56190,12.5,10340,26510,550,0,70,390,450,1660,890,100,110,20,590
957,75100,45,2,Self-Employed,Tier_2,9390,0,2840,11940,4660,4800,2390,2970,4530,1270,4330,49120,26.5,19900,25980,280,0,90,360,470,1680,720,90,140,40,1080
958,23500,20,0,Student,Tier_2,3620,0,870,2890,1600,770,350,510,380,30,1260,12280,28.9,6790,11220,110,0,30,90,160,270,100,20,10,0,320
959,93900,43,3,Self-Employed,Tier_1,22290,14690,940,10910,5980,5370,2100,5430,3700,680,4030,76120,24.0,22540,17780,670,440,30,330,600,1880,630,160,110,20,1010
960,12600,22,0,Student,Tier_3,1590,0,140,1170,640,870,360,270,590,220,540,6390,24.6,3100,6210,50,0,0,40,60,300,110,10,20,10,140
961,29200,67,1,Retired,Tier_2,4590,0,990,3710,1190,1300,480,830,970,720,930,15710,34.7,10130,13490,140,0,30,110,120,450,140,20,30,20,230
962,11700,46,0,Freelancer,Tier_2,2230,2370,310,1110,560,500,240,660,660,160,380,9180,14.9,1740,2520,70,70,10,30,60,180,70,20,20,0,100
963,35400,29,0,Salaried,Tier_3,8000,0,700,4120,2880,1390,990,1030,1910,560,1080,22660,22.2,7860,12740,240,0,20,120,290,490,300,30,60,20,270
964,154600,28,1,Business Owner,Tier_2,35400,16220,7330,23220,10840,10630,6310,6830,8830,750,4630,130990,10.8,16700,23610,1060,490,220,700,1080,3720,1890,200,260,20,1160
965,45600,36,0,Salaried,Tier_3,6420,0,540,3930,3830,2570,810,2060,2240,300,1770,24470,23.8,10850,21130,190,0,20,120,380,900,240,60,70,10,440
966,57200,34,1,Freelancer,Tier_1,9650,7690,1870,7770,2200,4100,1390,1570,970,760,2200,40170,31.2,17850,17030,290,230,60,230,220,1440,420,50,30,20,550
967,6000,19,0,Student,Tier_2,1760,0,160,750,510,380,290,180,170,30,180,4410,16.8,1010,1590,50,0,0,20,50,130,90,10,10,0,40
968,145000,27,1,Salaried,Tier_1,46570,9460,2510,19780,5720,9710,2240,8510,3090,1190,3960,112740,19.0,27550,32260,1400,280,80,590,570,3400,670,260,90,40,990
969,29900,35,3,Business Owner,Tier_1,6580,0,1290,2320,2320,3200,1080,1800,2030,310,930,21860,28.3,8460,8040,200,0,40,70,230,1120,320,50,60,10,230
970,35000,63,1,Retired,Tier_1,6740,0,770,4810,1170,1260,1460,2020,2170,690,1840,22930,24.5,8580,12070,200,0,20,140,120,440,440,60,70,20,460
971,157300,24,2,Salaried,Tier_1,46250,0,2820,12900,14100,10010,3040,4640,3050,1140,9380,107330,13.8,21710,49970,1390,0,80,390,1410,3500,910,140,90,30,2340
972,17000,22,0,Student,Tier_1,4700,0,480,2290,520,1360,270,670,690,230,550,11760,32.3,5490,5240,140,0,10,70,50,480,80,20,20,10,140
973,116700,31,1,Salaried,Tier_1,34700,20950,1960,7860,5400,9830,4870,2760,4660,6420,6750,106160,29.6,34540,10540,1040,630,60,240,540,3440,1460,80,140,190,1690
974,34000,31,1,Freelancer,Tier_3,5080,5960,740,4790,1140,2620,1320,2080,840,3600,1310,29480,29.0,9860,4520,150,180,20,140,110,920,400,60,30,110,330
975,42900,24,0,Salaried,Tier_3,11220,5670,1910,5750,1420,1940,1360,1780,2400,120,2020,35590,25.0,10720,7310,340,170,60,170,140,680,410,50,70,0,500
976,56500,41,2,Salaried,Tier_3,12730,0,1440,7910,2650,2140,1710,3250,3760,490,2550,38630,20.2,11410,17870,380,0,40,240,260,750,510,100,110,10,640
977,75600,36,2,Freelancer,Tier_1,11090,11590,3730,9140,5930,5440,910,4970,5160,100,4100,62160,31.3,23660,13440,330,350,110,270,590,1900,270,150,150,0,1020
978,6000,35,2,Self-Employed,Tier_2,1350,0,120,620,400,510,280,170,110,130,340,4030,33.5,2010,1970,40,0,0,20,40,180,80,10,0,0,80
979,313000,28,1,Business Owner,Tier_1,50510,12130,11630,38810,14290,30620,7920,19720,18740,4170,6280,214820,22.6,70740,98180,1520,360,350,1160,1430,10720,2380,590,560,130,1570
980,76000,36,1,Salaried,Tier_3,15990,0,2310,8730,3790,2960,820,2190,4350,5600,2670,49410,21.7,16490,26590,480,0,70,260,380,1040,250,70,130,170,670
981,52400,38,1,Salaried,Tier_2,10030,0,960,7690,3450,2210,1010,1550,3170,450,2710,33230,12.3,6450,19170,300,0,30,230,340,770,300,50,100,10,680
982,136000,23,0,Salaried,Tier_1,21120,24220,2090,15280,8750,11550,2180,4270,1850,2260,7920,101490,28.8,39170,34510,630,730,60,460,880,4040,650,130,60,70,1980
983,78600,27,3,Salaried,Tier_1,18380,12450,1270,9030,6260,5550,2870,5670,1180,530,2630,65820,15.0,11790,12780,550,370,40,270,630,1940,860,170,40,20,660
984,65600,24,1,Self-Employed,Tier_2,9140,9450,2650,4480,3040,4520,2890,3410,1260,970,1530,43340,31.0,20340,22260,270,280,80,130,300,1580,870,100,40,30,380
985,40900,35,0,Salaried,Tier_3,10140,0,1830,4230,2540,3660,900,830,1970,80,1350,27530,23.0,9410,13370,300,0,50,130,250,1280,270,20,60,0,340
986,113500,48,1,Salaried,Tier_1,34330,0,5350,16330,6800,7340,3320,6530,4420,10570,6630,101620,25.2,28600,11880,1030,0,160,490,680,2570,1000,200,130,320,1660
987,69800,33,0,Salaried,Tier_3,12100,2770,2400,8180,3920,2100,910,1910,1760,80,2190,38320,24.5,17100,31480,360,80,70,250,390,740,270,60,50,0,550
988,89700,41,3,Self-Employed,Tier_3,19940,0,4000,7470,7330,5520,3860,4030,4500,1580,2790,61020,26.6,23860,28680,600,0,120,220,730,1930,1160,120,140,50,700
989,77700,32,1,Salaried,Tier_1,11060,0,1300,5050,2360,6650,3100,3490,1650,3690,4270,42620,8.1,6290,35080,330,0,40,150,240,2330,930,100,50,110,1070
990,192100,32,2,Business Owner,Tier_1,54730,39530,6170,16260,10580,17690,3230,11390,10780,1440,7310,179110,22.4,43030,12990,1640,1190,190,490,1060,6190,970,340,320,40,1830
991,60400,34,0,Salaried,Tier_3,16920,0,1820,7940,4250,4940,1100,3180,1830,810,2430,45220,25.1,15160,15180,510,0,50,240,420,1730,330,100,50,20,610
992,9400,23,0,Student,Tier_3,1550,0,460,650,830,310,340,490,190,40,420,5280,10.7,1010,4120,50,0,10,20,80,110,100,10,10,0,100
993,64400,27,2,Self-Employed,Tier_2,16270,10320,810,7330,4670,5680,3070,1550,4310,560,2280,56850,25.6,16490,7550,490,310,20,220,470,1990,920,50,130,20,570
994,136400,24,2,Salaried,Tier_2,18830,19630,2820,19240,9180,7190,3790,5760,5230,1240,3330,96240,34.2,46650,40160,560,590,80,580,920,2520,1140,170,160,40,830
995,27500,34,0,Salaried,Tier_3,6570,1080,1020,3830,2180,840,700,960,1590,200,970,19940,12.6,3460,7560,200,30,30,110,220,290,210,30,50,10,240
996,22600,21,0,Student,Tier_2,6340,0,520,2450,1590,1450,230,850,560,60,1230,15280,8.6,1940,7320,190,0,20,70,160,510,70,30,20,0,310
997,6000,34,0,Salaried,Tier_2,1190,820,180,630,380,370,130,280,140,40,270,4430,23.4,1400,1570,40,20,10,20,40,130,40,10,0,0,70
998,87400,19,0,Salaried,Tier_1,27380,0,2490,7260,5030,7520,2070,3140,3420,1270,2120,61700,18.3,15990,25700,820,0,70,220,500,2630,620,90,100,40,530
999,52800,33,2,Freelancer,Tier_2,14660,0,890,7770,4710,1660,820,2350,1830,280,2330,37300,9.7,5120,15500,440,0,30,230,470,580,250,70,50,10,580
1000,58100,28,0,Freelancer,Tier_1,17280,10,2620,6150,2410,3870,680,2280,2520,570,1710,40100,24.1,14000,18000,520,0,80,180,240,1350,200,70,80,20,430
1001,4500,33,0,Self-Employed,Tier_3,660,950,190,600,150,190,170,220,220,30,200,3580,31.5,1420,920,20,30,10,20,20,70,50,10,10,0,50
1002,84800,57,4,Self-Employed,Tier_2,18690,14310,1500,10640,5300,8050,4210,4170,4310,5120,3320,79620,27.5,23320,5180,560,430,40,320,530,2820,1260,130,130,150,830
1003,84600,23,1,Salaried,Tier_1,24810,7960,3850,6380,3710,7130,1870,5370,1510,910,1840,65340,21.1,17850,19260,740,240,120,190,370,2500,560,160,50,30,460
1004,27800,31,0,Business Owner,Tier_3,5210,0,320,1980,2130,940,1290,1240,880,240,910,15140,19.5,5420,12660,160,0,10,60,210,330,390,40,30,10,230
1005,42800,39,3,Salaried,Tier_3,8520,0,1280,5220,2280,2480,1600,1750,2120,460,1410,27120,10.6,4540,15680,260,0,40,160,230,870,480,50,60,10,350
1006,69200,40,1,Freelancer,Tier_1,13670,0,1300,5480,5520,5740,850,3710,2220,820,4000,43310,33.1,22910,25890,410,0,40,160,550,2010,260,110,70,20,1000
1007,39100,19,2,Salaried,Tier_2,5800,6640,1230,4700,1750,1730,890,2130,1710,120,1700,28400,16.2,6330,10700,170,200,40,140,180,610,270,60,50,0,420
1008,48600,23,1,Business Owner,Tier_1,16540,3500,1200,3500,1650,2540,590,2840,650,270,1150,34430,20.1,9770,14170,500,100,40,100,160,890,180,90,20,10,290
1009,57000,35,0,Salaried,Tier_2,12270,9320,2240,3930,4410,2980,1380,1820,2870,590,1590,43400,15.8,9010,13600,370,280,70,120,440,1040,410,50,90,20,400
1010,8700,19,0,Student,Tier_1,1590,160,360,1000,390,570,410,520,270,10,340,5620,22.4,1950,3080,50,0,10,30,40,200,120,20,10,0,80
1011,68800,32,3,Salaried,Tier_3,8380,12520,1880,7280,2320,2250,1910,2750,2250,5460,3930,50930,27.7,19060,17870,250,380,60,220,230,790,570,80,70,160,980
1012,39200,29,1,Self-Employed,Tier_3,6770,7500,1170,5030,2220,2190,650,2220,1670,310,1270,31000,13.7,5370,8200,200,220,40,150,220,770,200,70,50,10,320
1013,37300,32,0,Salaried,Tier_2,7360,0,880,4060,2410,2810,1400,910,1370,370,1460,23030,23.6,8800,14270,220,0,30,120,240,980,420,30,40,10,360
1014,146100,48,0,Self-Employed,Tier_1,32550,16780,6750,10760,6970,6910,6940,7460,3630,1980,8190,108920,26.1,38130,37180,980,500,200,320,700,2420,2080,220,110,60,2050
1015,129100,47,0,Business Owner,Tier_2,34640,0,2990,15080,6570,8740,6170,6410,6730,120,3320,90770,19.9,25690,38330,1040,0,90,450,660,3060,1850,190,200,0,830
1016,120600,19,0,Self-Employed,Tier_2,20970,0,4290,15990,6890,3720,1280,4000,4710,650,7070,69570,33.0,39800,51030,630,0,130,480,690,1300,380,120,140,20,1770
1017,21300,19,1,Freelancer,Tier_3,5910,2450,550,2340,750,1510,760,650,810,290,1150,17170,11.1,2360,4130,180,70,20,70,80,530,230,20,20,10,290
1018,58200,45,1,Salaried,Tier_1,18720,0,2430,7070,4770,4600,1920,3380,3250,3110,2510,51760,18.0,10480,6440,560,0,70,210,480,1610,580,100,100,90,630
1019,36500,32,3,Salaried,Tier_3,4970,6660,820,4540,2740,2660,1040,2260,2190,440,1010,29330,26.2,9560,7170,150,200,20,140,270,930,310,70,70,10,250
1020,64000,39,2,Salaried,Tier_2,17500,0,1430,8290,3130,1820,2490,1610,960,4080,3400,44710,29.5,18880,19290,520,0,40,250,310,640,750,50,30,120,850
1021,55100,33,2,Freelancer,Tier_2,13700,0,700,5590,3960,4140,1640,2250,1920,6050,1280,41230,26.6,14660,13870,410,0,20,170,400,1450,490,70,60,180,320
1022,75100,27,1,Self-Employed,Tier_2,17480,0,3680,11200,6050,4520,1850,4720,2640,330,3460,55930,31.2,23430,19170,520,0,110,340,600,1580,560,140,80,10,860
1023,66900,47,0,Freelancer,Tier_1,21380,1490,1450,6120,4730,1540,1030,2700,1470,590,2560,45060,31.1,20810,21840,640,40,40,180,470,540,310,80,40,20,640
1024,171700,34,0,Self-Employed,Tier_2,36710,14270,3470,11250,12410,10070,1960,4150,10290,1430,9950,115960,25.1,43100,55740,1100,430,100,340,1240,3520,590,120,310,40,2490
1025,6000,34,2,Salaried,Tier_2,1770,1270,70,790,380,180,300,140,120,300,220,5540,33.2,1990,460,50,40,0,20,40,60,90,0,0,10,60
1026,25900,23,0,Self-Employed,Tier_1,6750,0,1220,2750,1670,720,770,790,1240,430,1410,17750,24.9,6450,8150,200,0,40,80,170,250,230,20,40,10,350
1027,227800,37,2,Business Owner,Tier_1,60370,0,4730,22620,19970,7610,8720,14070,12780,14700,12690,178260,11.7,26650,49540,1810,0,140,680,2000,2660,2620,420,380,440,3170
1028,151800,35,1,Self-Employed,Tier_2,39770,0,6610,20600,11620,13410,1730,5280,3350,1380,6210,109960,9.8,14880,41840,1190,0,200,620,1160,4690,520,160,100,40,1550
1029,98100,30,0,Self-Employed,Tier_2,15700,0,2570,11860,5590,9190,1350,4780,3950,1100,2400,58490,33.7,33060,39610,470,0,80,360,560,3220,400,140,120,30,600
1030,55900,52,0,Salaried,Tier_3,9370,2050,650,4530,3870,1780,2500,3120,2270,730,1910,32780,20.5,11460,23120,280,60,20,140,390,620,750,90,70,20,480
1031,72400,38,2,Salaried,Tier_2,19620,0,2360,6110,3780,5410,3160,3840,1090,630,3230,49230,10.7,7750,23170,590,0,70,180,380,1890,950,120,30,20,810
1032,8100,34,0,Business Owner,Tier_1,1910,0,400,1050,520,330,140,190,280,40,210,5070,15.8,1280,3030,60,0,10,30,50,120,40,10,10,0,50
1033,37800,36,1,Salaried,Tier_3,10170,430,670,3700,2110,2580,700,1590,710,1810,1810,26280,12.6,4760,11520,310,10,20,110,210,900,210,50,20,50,450
1034,8400,21,0,Student,Tier_1,1880,0,280,640,740,510,90,320,340,0,200,5000,14.6,1230,3400,60,0,10,20,70,180,30,10,10,0,50
1035,18800,36,1,Salaried,Tier_3,2370,1870,310,1400,1170,880,220,820,1100,220,750,11110,13.0,2440,7690,70,60,10,40,120,310,70,20,30,10,190
1036,100600,37,0,Salaried,Tier_3,25530,0,5030,6930,4030,7700,4890,3920,1040,470,3000,62540,9.5,9560,38060,770,0,150,210,400,2700,1470,120,30,10,750
1037,4500,58,2,Retired,Tier_3,1060,20,110,400,290,330,70,260,300,390,200,3430,16.2,730,1070,30,0,0,10,30,120,20,10,10,10,50
1038,24600,27,1,Freelancer,Tier_3,5790,1910,340,3560,1430,630,700,1400,1220,10,1450,18440,11.6,2850,6160,170,60,10,110,140,220,210,40,40,0,360
1039,10300,19,0,Student,Tier_3,2300,250,500,1060,880,270,430,430,310,140,320,6890,24.4,2510,3410,70,10,20,30,90,90,130,10,10,0,80
1040,105700,35,0,Self-Employed,Tier_1,36040,0,1590,10260,9510,10600,3170,3250,3470,40,5280,83210,19.8,20930,22490,1080,0,50,310,950,3710,950,100,100,0,1320
1041,113900,38,1,Business Owner,Tier_3,22630,0,2980,14630,8640,11660,4640,7100,2470,8310,5610,88670,11.5,13100,25230,680,0,90,440,860,4080,1390,210,70,250,1400
1042,145300,35,1,Salaried,Tier_1,48460,1250,2370,12230,12780,7080,3050,4320,7170,170,3290,102170,12.5,18160,43130,1450,40,70,370,1280,2480,920,130,220,10,820
1043,245500,39,1,Business Owner,Tier_2,39080,3290,2630,26920,11030,11910,9470,9580,5820,3280,4960,127970,21.9,53760,117530,1170,100,80,810,1100,4170,2840,290,170,100,1240
1044,53900,35,2,Self-Employed,Tier_3,6690,11320,2370,5670,4050,4140,2310,1600,2170,910,2680,43910,23.7,12770,9990,200,340,70,170,400,1450,690,50,70,30,670
1045,29300,31,0,Self-Employed,Tier_3,7380,1940,1450,3990,2540,2840,930,1150,670,130,650,23670,32.9,9640,5630,220,60,40,120,250,990,280,30,20,0,160
1046,32800,27,0,Freelancer,Tier_3,4640,700,1420,4470,1150,880,1490,1070,1410,330,1140,18700,15.0,4920,14100,140,20,40,130,120,310,450,30,40,10,280
1047,100700,42,1,Self-Employed,Tier_2,12300,8040,2310,8610,5520,2670,2300,6280,4390,450,4360,57230,27.0,27190,43470,370,240,70,260,550,930,690,190,130,10,1090
1048,16100,21,0,Student,Tier_2,4020,0,620,1660,570,890,750,740,570,170,820,10810,34.1,5490,5290,120,0,20,50,60,310,220,20,20,10,200
1049,73800,35,2,Salaried,Tier_3,12340,5270,1140,6690,6260,4770,1310,2780,4930,1970,4420,51880,8.5,6270,21920,370,160,30,200,630,1670,390,80,150,60,1100
1050,143900,48,2,Salaried,Tier_1,40310,29700,5060,20520,12730,6360,1540,7780,9120,1980,3060,138160,20.5,29500,5740,1210,890,150,620,1270,2230,460,230,270,60,760
1051,96000,30,1,Salaried,Tier_1,23630,9680,1070,12220,7170,3100,4740,2600,4850,10660,3560,83280,17.5,16800,12720,710,290,30,370,720,1080,1420,80,150,320,890
1052,41600,32,3,Salaried,Tier_2,6670,7460,1900,6860,3130,1740,1620,3030,1300,130,1070,34910,19.9,8280,6690,200,220,60,210,310,610,490,90,40,0,270
1053,49200,60,3,Retired,Tier_3,10330,8050,1720,4660,3640,2680,790,1790,2310,2490,1950,40410,19.1,9400,8790,310,240,50,140,360,940,240,50,70,70,490
1054,11100,36,1,Salaried,Tier_3,3240,960,550,1210,900,770,280,410,540,530,290,9680,11.5,1280,1420,100,30,20,40,90,270,80,10,20,20,70
1055,28100,59,4,Retired,Tier_3,4740,3850,810,4690,1960,1700,1000,1280,440,490,680,21640,21.8,6130,6460,140,120,20,140,200,600,300,40,10,10,170
1056,80300,32,2,Self-Employed,Tier_2,14080,0,3180,8410,3140,2670,1080,4810,2950,2440,3980,46740,17.6,14130,33560,420,0,100,250,310,930,320,140,90,70,1000
1057,142700,53,3,Salaried,Tier_2,24390,0,5800,12050,10360,7780,2540,7430,6470,7940,2870,87630,26.1,37240,55070,730,0,170,360,1040,2720,760,220,190,240,720
1058,8100,26,0,Salaried,Tier_1,2330,0,170,1010,500,730,210,440,90,120,430,6030,34.8,2820,2070,70,0,10,30,50,260,60,10,0,0,110
1059,66000,33,2,Salaried,Tier_1,20070,0,2940,5320,3570,2760,2620,3150,780,7490,2630,51330,10.7,7060,14670,600,0,90,160,360,970,790,90,20,220,660
1060,76800,19,4,Business Owner,Tier_3,10670,0,3310,11130,6510,2160,1040,3150,5770,290,4360,48390,20.8,15970,28410,320,0,100,330,650,760,310,90,170,10,1090
1061,25200,37,0,Salaried,Tier_1,5910,0,670,3090,910,1620,640,1440,1210,430,1190,17110,24.7,6220,8090,180,0,20,90,90,570,190,40,40,10,300
1062,19100,29,1,Business Owner,Tier_1,3940,0,200,1440,810,1160,360,850,930,10,1090,10790,23.1,4410,8310,120,0,10,40,80,410,110,30,30,0,270
1063,70600,19,1,Business Owner,Tier_3,14420,11810,2730,7430,6120,2320,780,3630,1190,780,4170,55380,12.2,8610,15220,430,350,80,220,610,810,230,110,40,20,1040
1064,11500,19,0,Student,Tier_2,1630,0,270,900,650,570,510,640,120,170,480,5940,26.2,3010,5560,50,0,10,30,60,200,150,20,0,10,120
1065,112000,21,3,Business Owner,Tier_1,30970,0,4700,9830,9250,11760,1850,7360,4100,80,6690,86590,24.3,27220,25410,930,0,140,290,920,4120,560,220,120,0,1670
1066,28900,33,2,Freelancer,Tier_2,7630,0,700,3180,2060,1080,1270,1900,950,2600,1590,22960,11.8,3410,5940,230,0,20,100,210,380,380,60,30,80,400
1067,82100,45,0,Salaried,Tier_2,23560,3930,2020,11360,7170,5370,3340,4570,1460,1250,3950,67980,26.8,22000,14120,710,120,60,340,720,1880,1000,140,40,40,990
1068,50900,25,0,Business Owner,Tier_3,10720,0,530,6770,3780,3790,2160,2680,1310,210,1320,33270,17.9,9110,17630,320,0,20,200,380,1330,650,80,40,10,330
1069,37800,22,3,Salaried,Tier_2,9390,2040,1390,6320,3090,1370,1210,1110,1230,560,2090,29800,15.5,5860,8000,280,60,40,190,310,480,360,30,40,20,520
1070,94400,30,3,Self-Employed,Tier_1,21320,0,2150,9330,4740,8170,4400,2860,4370,870,3580,61790,21.3,20110,32610,640,0,60,280,470,2860,1320,90,130,30,900
1071,46400,19,0,Freelancer,Tier_1,7890,8720,1650,5610,3650,2430,890,1640,820,660,1740,35700,27.9,12950,10700,240,260,50,170,360,850,270,50,20,20,440
1072,37400,58,2,Retired,Tier_3,5860,6800,1070,3860,2930,2720,1090,2590,2070,2160,1830,32980,13.8,5160,4420,180,200,30,120,290,950,330,80,60,60,460
1073,108000,41,1,Self-Employed,Tier_1,33270,19970,3250,10020,6210,4230,1300,4960,3100,9990,3860,100160,22.3,24080,7840,1000,600,100,300,620,1480,390,150,90,300,960
1074,32900,68,1,Retired,Tier_3,4010,4720,830,2720,1930,810,1430,1000,960,2870,1930,23210,18.8,6190,9690,120,140,20,80,190,280,430,30,30,90,480
1075,23800,28,1,Salaried,Tier_1,6280,0,880,1600,1090,2010,740,920,1130,80,1140,15870,29.1,6930,7930,190,0,30,50,110,700,220,30,30,0,280
1076,72300,31,1,Freelancer,Tier_1,21530,7540,2390,9320,6320,3100,3190,2900,1790,10,2000,60090,25.7,18580,12210,650,230,70,280,630,1080,960,90,50,0,500
1077,95800,33,0,Salaried,Tier_2,15890,9200,1250,11150,3030,7490,2980,2480,1820,360,3460,59110,30.6,29310,36690,480,280,40,330,300,2620,890,70,50,10,860
1078,101600,26,2,Salaried,Tier_1,17120,0,4110,14950,8110,6660,3010,5220,6890,190,2700,68960,29.0,29460,32640,510,0,120,450,810,2330,900,160,210,10,680
1079,63700,28,2,Salaried,Tier_3,8020,0,900,6940,4120,2200,2820,2010,850,210,2330,30400,33.9,21590,33300,240,0,30,210,410,770,850,60,30,10,580
1080,142900,25,4,Self-Employed,Tier_2,34600,8450,6170,12230,8970,13850,4000,10440,9050,2370,7470,117600,10.2,14580,25300,1040,250,190,370,900,4850,1200,310,270,70,1870
1081,6000,18,0,Student,Tier_2,930,0,260,450,510,280,110,150,300,20,190,3200,20.0,1200,2800,30,0,10,10,50,100,30,0,10,0,50
1082,19000,63,0,Retired,Tier_3,3390,0,860,2080,1270,1690,440,910,400,210,480,11730,26.9,5110,7270,100,0,30,60,130,590,130,30,10,10,120
1083,31900,62,2,Retired,Tier_2,4100,6840,1040,3490,1200,1600,850,1320,980,660,1740,23820,22.9,7310,8080,120,210,30,100,120,560,260,40,30,20,440
1084,50800,27,1,Salaried,Tier_3,12710,5650,1620,4610,1530,3680,2530,2750,2870,20,1110,39080,8.3,4220,11720,380,170,50,140,150,1290,760,80,90,0,280
1085,82700,20,4,Business Owner,Tier_1,14250,0,3820,13330,7170,8110,1610,2330,2510,850,1770,55750,14.1,11660,26950,430,0,110,400,720,2840,480,70,80,30,440
1086,16500,22,0,Student,Tier_1,2420,0,760,2050,840,1450,240,910,350,100,550,9670,27.4,4520,6830,70,0,20,60,80,510,70,30,10,0,140
1087,11600,22,0,Student,Tier_1,2100,0,480,870,460,920,300,310,360,0,480,6280,17.4,2020,5320,60,0,10,30,50,320,90,10,10,0,120
1088,155600,30,1,Business Owner,Tier_2,43310,0,6410,20180,8340,15600,5360,7490,9670,2200,4620,123180,21.4,33300,32420,1300,0,190,610,830,5460,1610,220,290,70,1160
1089,96800,19,1,Salaried,Tier_2,27410,8180,3270,13520,6630,5770,4460,3520,6200,170,2450,81580,18.7,18100,15220,820,250,100,410,660,2020,1340,110,190,10,610
1090,8100,26,1,Salaried,Tier_1,1580,0,300,880,690,300,110,490,390,130,300,5170,20.1,1630,2930,50,0,10,30,70,100,30,10,10,0,80
1091,54500,48,0,Freelancer,Tier_1,13530,0,2450,4450,2260,3780,680,2600,2890,350,1780,34770,15.3,8340,19730,410,0,70,130,230,1320,200,80,90,10,440
1092,142200,29,1,Business Owner,Tier_1,46630,14420,2220,14940,12570,7880,5640,8350,2710,1590,5950,122900,27.1,38540,19300,1400,430,70,450,1260,2760,1690,250,80,50,1490
1093,101100,53,0,Salaried,Tier_3,22880,0,4930,8510,6330,5510,2760,4590,5200,360,2870,63940,14.3,14460,37160,690,0,150,260,630,1930,830,140,160,10,720
1094,40200,25,1,Salaried,Tier_2,7290,6340,1470,5940,1870,3290,940,1740,2140,530,1660,33210,30.4,12220,6990,220,190,40,180,190,1150,280,50,60,20,420
1095,86700,44,1,Self-Employed,Tier_3,22710,0,2630,8600,3250,6340,1450,3020,1950,8120,4770,62840,27.9,24190,23860,680,0,80,260,320,2220,440,90,60,240,1190
1096,80000,36,2,Salaried,Tier_2,14680,0,3790,8580,6030,7140,2230,3910,1800,7300,4420,59880,25.4,20320,20120,440,0,110,260,600,2500,670,120,50,220,1100
1097,33600,42,1,Salaried,Tier_3,7500,4390,1400,3940,2330,1600,1450,1370,610,1610,1020,27220,30.4,10210,6380,220,130,40,120,230,560,440,40,20,50,260
1098,54100,43,1,Salaried,Tier_3,6670,0,700,6950,1900,1910,1340,1640,2390,130,1730,25360,20.5,11090,28740,200,0,20,210,190,670,400,50,70,0,430
1099,70300,37,1,Salaried,Tier_2,20230,2220,2070,4780,3800,3380,3300,3790,3910,70,4150,51700,31.5,22140,18600,610,70,60,140,380,1180,990,110,120,0,1040
1100,148000,19,1,Salaried,Tier_1,25740,8840,2010,20150,10290,11840,5470,4510,8530,530,5390,103300,8.3,12280,44700,770,270,60,600,1030,4140,1640,140,260,20,1350
1101,8000,20,0,Student,Tier_2,1100,0,370,660,680,270,140,310,440,80,310,4360,19.3,1540,3640,30,0,10,20,70,90,40,10,10,0,80
1102,16100,21,0,Student,Tier_1,2370,0,440,1060,800,710,490,610,960,240,640,8320,24.6,3960,7780,70,0,10,30,80,250,150,20,30,10,160
1103,173300,42,2,Salaried,Tier_1,34950,29410,2270,20040,7480,7660,7150,10420,7050,8080,5240,139750,23.4,40550,33550,1050,880,70,600,750,2680,2140,310,210,240,1310
1104,65400,56,0,Retired,Tier_1,10880,0,760,7520,2640,3670,2570,2000,2790,1150,1320,35300,17.2,11250,30100,330,0,20,230,260,1280,770,60,80,30,330
1105,132500,42,0,Self-Employed,Tier_1,25920,9370,4450,8120,10320,9650,2490,5480,3060,1020,4270,84150,30.9,40940,48350,780,280,130,240,1030,3380,750,160,90,30,1070
1106,169300,31,1,Business Owner,Tier_2,28720,0,4380,16460,10590,10480,6110,9920,9860,5210,6190,107920,20.6,34880,61380,860,0,130,490,1060,3670,1830,300,300,160,1550
1107,217000,35,3,Business Owner,Tier_1,69580,4160,5410,27290,14440,5820,2690,10260,15130,650,11660,167090,8.3,18010,49910,2090,120,160,820,1440,2040,810,310,450,20,2920
1108,13900,19,0,Self-Employed,Tier_1,3030,0,270,1290,1150,370,640,400,310,70,510,8040,21.7,3020,5860,90,0,10,40,120,130,190,10,10,0,130
1109,135400,24,0,Salaried,Tier_1,43560,0,6410,10110,5550,6600,6000,7640,5700,1890,6040,99500,28.8,39000,35900,1310,0,190,300,560,2310,1800,230,170,60,1510
1110,77400,35,0,Salaried,Tier_2,18710,0,920,7560,3280,3790,1720,4070,3470,970,4240,48730,21.6,16720,28670,560,0,30,230,330,1330,520,120,100,30,1060
1111,150800,33,0,Self-Employed,Tier_1,41750,10040,2340,19040,10810,4360,5420,6400,7280,2080,6300,115820,18.8,28350,34980,1250,300,70,570,1080,1530,1630,190,220,60,1580
1112,166800,33,0,Business Owner,Tier_1,25430,28000,5520,22850,13970,4210,2950,8740,6520,2300,6730,127220,24.6,41030,39580,760,840,170,690,1400,1470,880,260,200,70,1680
1113,124500,28,1,Business Owner,Tier_2,36580,0,5090,10580,4410,10700,5840,5560,6870,690,3800,90120,18.9,23530,34380,1100,0,150,320,440,3740,1750,170,210,20,950
1114,35200,37,1,Salaried,Tier_1,11940,0,1440,5190,1690,3140,1200,790,920,490,1560,28360,19.3,6790,6840,360,0,40,160,170,1100,360,20,30,10,390
1115,111500,39,3,Salaried,Tier_1,29400,3980,5570,10860,9450,8030,2350,7110,6990,9330,5720,98790,26.7,29770,12710,880,120,170,330,940,2810,700,210,210,280,1430
1116,45300,24,1,Freelancer,Tier_1,14320,60,1600,6670,2100,1610,660,2710,1780,700,2280,34490,32.9,14900,10810,430,0,50,200,210,560,200,80,50,20,570
1117,109200,33,3,Salaried,Tier_2,14940,0,5200,16520,4030,2600,3710,3550,5620,80,6030,62280,13.5,14740,46920,450,0,160,500,400,910,1110,110,170,0,1510
1118,61400,27,0,Self-Employed,Tier_2,8090,0,980,4500,5330,4310,2210,3120,3170,930,2030,34670,33.6,20630,26730,240,0,30,140,530,1510,660,90,100,30,510
1119,52800,41,2,Business Owner,Tier_1,12390,0,690,6320,2920,3890,770,2690,3350,820,1420,35260,20.8,10980,17540,370,0,20,190,290,1360,230,80,100,20,360
1120,96600,29,2,Salaried,Tier_1,22450,13510,4070,15640,5340,6480,4380,3500,2340,1400,3410,82520,25.6,24730,14080,670,410,120,470,530,2270,1310,100,70,40,850
1121,118000,19,1,Business Owner,Tier_1,34260,7660,4300,14350,5650,9350,2940,4630,1390,190,6730,91450,33.8,39880,26550,1030,230,130,430,560,3270,880,140,40,10,1680
1122,178100,34,2,Salaried,Tier_1,54670,0,3560,18620,13480,3570,8320,6560,5940,2840,9010,126570,26.6,47370,51530,1640,0,110,560,1350,1250,2500,200,180,90,2250
1123,74300,30,0,Salaried,Tier_1,17010,6000,3540,8500,6560,6030,3200,2290,4000,680,1920,59730,17.5,13000,14570,510,180,110,260,660,2110,960,70,120,20,480
1124,95800,33,0,Business Owner,Tier_2,23780,8660,4790,13110,4200,2610,2500,3690,4670,1670,3480,73160,23.8,22800,22640,710,260,140,390,420,910,750,110,140,50,870
1125,124800,23,0,Salaried,Tier_2,18010,0,2530,13530,6640,3940,3300,5590,1320,940,2860,58660,20.3,25330,66140,540,0,80,410,660,1380,990,170,40,30,720
1126,6000,22,0,Student,Tier_2,1740,0,100,800,400,520,190,170,290,80,330,4620,18.8,1130,1380,50,0,0,20,40,180,60,10,10,0,80
1127,80800,54,0,Self-Employed,Tier_2,16010,0,1610,8240,2660,8370,3420,4510,4090,140,2260,51310,22.3,18020,29490,480,0,50,250,270,2930,1030,140,120,0,560
1128,61600,60,3,Salaried,Tier_2,7940,0,2340,10270,2390,3890,2460,1730,3790,5480,2860,43150,31.0,19100,18450,240,0,70,310,240,1360,740,50,110,160,720
1129,16000,19,0,Student,Tier_2,3350,0,570,1660,610,980,510,730,830,110,420,9770,29.2,4670,6230,100,0,20,50,60,340,150,20,20,0,100
1130,31500,22,0,Student,Tier_1,5540,2330,610,3330,1860,1570,1080,1640,1300,150,1770,21180,18.8,5920,10320,170,70,20,100,190,550,320,50,40,0,440
1131,31600,24,0,Student,Tier_2,9410,2570,990,4120,1110,2090,630,1810,1020,230,760,24740,22.2,7020,6860,280,80,30,120,110,730,190,50,30,10,190
1132,101000,20,2,Self-Employed,Tier_3,23790,0,4440,7090,4530,10390,2990,2910,2130,410,2310,60990,13.2,13330,40010,710,0,130,210,450,3640,900,90,60,10,580
1133,17700,32,1,Business Owner,Tier_1,6070,0,340,1280,1140,1410,860,490,510,1320,950,14370,24.1,4270,3330,180,0,10,40,110,490,260,10,20,40,240
1134,94700,34,0,Salaried,Tier_1,18920,3830,2060,13230,4400,4870,3030,1890,2230,740,3580,58780,33.9,32100,35920,570,110,60,400,440,1700,910,60,70,20,900
1135,171300,38,5,Salaried,Tier_1,35030,0,5880,29480,11610,15150,6430,12980,14090,1850,8190,140690,33.9,58070,30610,1050,0,180,880,1160,5300,1930,390,420,60,2050
1136,88700,24,1,Salaried,Tier_2,26160,720,3770,10030,4550,1780,2120,4760,4450,1290,2910,62540,30.5,27050,26160,780,20,110,300,460,620,640,140,130,40,730
1137,68300,23,0,Salaried,Tier_2,8770,0,1970,4370,2100,2540,2950,1400,1750,1100,1690,28640,15.5,10590,39660,260,0,60,130,210,890,880,40,50,30,420
1138,33700,48,0,Salaried,Tier_2,5130,5960,370,2590,1780,2490,1370,1670,400,310,1910,23980,22.7,7650,9720,150,180,10,80,180,870,410,50,10,10,480
1139,76800,23,0,Salaried,Tier_3,11310,5440,2640,6680,6780,3590,2890,3710,1560,280,2260,47140,27.5,21120,29660,340,160,80,200,680,1260,870,110,50,10,560
1140,208600,35,2,Salaried,Tier_1,50510,23280,2530,29400,11660,4790,8090,10700,8260,3640,9150,162010,9.1,18980,46590,1520,700,80,880,1170,1680,2430,320,250,110,2290
1141,221500,32,1,Business Owner,Tier_1,70260,0,3980,30740,8580,12570,3100,7990,5690,1350,4850,149110,12.4,27470,72390,2110,0,120,920,860,4400,930,240,170,40,1210
1142,131300,19,2,Salaried,Tier_1,26140,13140,4900,21170,5100,5510,4470,5910,1580,1130,4060,93110,27.2,35710,38190,780,390,150,640,510,1930,1340,180,50,30,1020
1143,6000,37,1,Salaried,Tier_2,1690,0,240,540,450,470,200,320,250,50,310,4520,29.7,1780,1480,50,0,10,20,40,160,60,10,10,0,80
1144,41000,59,2,Retired,Tier_1,13940,0,1040,5670,1970,1190,1210,2010,1540,1060,1460,31090,18.8,7710,9910,420,0,30,170,200,420,360,60,50,30,360
1145,55300,21,1,Salaried,Tier_3,10960,100,650,7080,4600,1450,1950,1830,620,540,1370,31150,31.2,17250,24150,330,0,20,210,460,510,580,50,20,20,340
1146,68300,37,1,Self-Employed,Tier_2,15670,5090,2560,8950,3930,3770,1960,3240,1590,920,3140,50820,13.0,8880,17480,470,150,80,270,390,1320,590,100,50,30,780
1147,47000,19,1,Salaried,Tier_1,15890,3610,2000,5050,2240,2000,2000,3010,2010,120,1540,39470,28.2,13250,7530,480,110,60,150,220,700,600,90,60,0,380
1148,50100,67,0,Retired,Tier_1,12730,7920,1690,4400,2560,1740,2280,2700,2410,360,1820,40610,31.4,15730,9490,380,240,50,130,260,610,680,80,70,10,460
1149,32900,40,2,Self-Employed,Tier_2,9690,2960,1400,4860,1600,1960,920,1220,2030,610,1210,28460,32.9,10820,4440,290,90,40,150,160,690,280,40,60,20,300
1150,77000,34,1,Salaried,Tier_1,16590,3370,780,7920,5450,4960,1050,3320,1220,3910,2610,51180,19.9,15320,25820,500,100,20,240,540,1740,320,100,40,120,650
1151,92900,33,2,Salaried,Tier_1,26470,19800,3650,9620,3330,7140,3510,6410,3600,610,4540,88680,11.3,10500,4220,790,590,110,290,330,2500,1050,190,110,20,1140
1152,8100,19,0,Student,Tier_1,2690,0,210,630,400,660,260,230,210,90,250,5630,26.1,2110,2470,80,0,10,20,40,230,80,10,10,0,60
1153,75000,29,3,Self-Employed,Tier_2,12280,12310,2180,9110,5540,5210,1480,1880,3920,5070,1990,60970,24.3,18220,14030,370,370,70,270,550,1820,440,60,120,150,500
1154,70200,40,3,Salaried,Tier_1,11620,8730,3120,7240,2270,5670,3290,2860,4190,1030,4030,54050,32.2,22600,16150,350,260,90,220,230,1980,990,90,130,30,1010
1155,55900,21,0,Self-Employed,Tier_2,11470,2910,2650,4070,4090,5410,2020,1220,1230,180,2400,37650,14.8,8270,18250,340,90,80,120,410,1890,610,40,40,10,600
1156,20300,60,2,Retired,Tier_1,4050,2950,690,2400,1690,420,750,780,610,200,1090,15630,26.6,5400,4670,120,90,20,70,170,150,220,20,20,10,270
1157,30900,43,0,Salaried,Tier_1,5550,0,460,1860,2470,2320,1530,880,550,430,1150,17200,24.9,7690,13700,170,0,10,60,250,810,460,30,20,10,290
1158,37100,39,0,Freelancer,Tier_3,10720,3380,1450,4300,1190,1780,1750,1830,420,540,750,28110,23.1,8570,8990,320,100,40,130,120,620,520,50,10,20,190
1159,116600,47,1,Salaried,Tier_1,18140,21140,4150,15530,5580,2770,5350,3880,5510,1820,4540,88410,28.5,33230,28190,540,630,120,470,560,970,1600,120,170,50,1140
1160,92800,44,0,Self-Employed,Tier_2,25200,0,1520,11820,4150,5380,3920,4310,2580,1410,4860,65150,18.9,17540,27650,760,0,50,350,420,1880,1180,130,80,40,1220
1161,41800,64,0,Retired,Tier_1,11360,0,1290,3240,2730,3090,1550,2090,2170,530,2240,30290,24.2,10120,11510,340,0,40,100,270,1080,460,60,70,20,560
1162,30300,31,0,Salaried,Tier_2,5350,5780,1030,3760,1290,2350,1240,1140,630,70,880,23520,23.9,7240,6780,160,170,30,110,130,820,370,30,20,0,220
1163,8100,23,0,Student,Tier_1,2210,0,380,700,380,690,150,170,360,30,310,5380,28.0,2270,2720,70,0,10,20,40,240,40,10,10,0,80
1164,13000,65,2,Retired,Tier_3,2260,0,610,1100,700,680,390,600,790,180,530,7840,32.5,4220,5160,70,0,20,30,70,240,120,20,20,10,130
1165,31800,27,0,Salaried,Tier_2,7580,6800,690,2890,1050,2190,1570,890,1470,330,1110,26570,16.3,5180,5230,230,200,20,90,100,770,470,30,40,10,280
1166,92900,19,1,Business Owner,Tier_2,19770,0,3250,10570,7230,3730,3450,2980,1020,1040,5270,58310,12.2,11330,34590,590,0,100,320,720,1310,1040,90,30,30,1320
1167,79000,36,1,Salaried,Tier_1,17180,0,1100,7320,6640,5630,2950,3090,2040,4730,4510,55190,33.6,26540,23810,520,0,30,220,660,1970,880,90,60,140,1130
1168,135400,26,2,Salaried,Tier_2,26750,170,1640,16010,6800,10170,3600,6480,2610,1670,4640,80540,19.2,26000,54860,800,10,50,480,680,3560,1080,190,80,50,1160
1169,166800,49,3,Salaried,Tier_1,49600,0,4820,17310,6440,13240,3010,8520,11500,19980,3450,137870,28.9,48210,28930,1490,0,140,520,640,4630,900,260,340,600,860
1170,4500,44,0,Freelancer,Tier_3,580,620,190,370,380,250,120,120,220,30,100,2980,24.5,1100,1520,20,20,10,10,40,90,40,0,10,0,20
1171,19400,41,0,Self-Employed,Tier_1,3530,0,200,2360,1320,1810,560,760,1010,290,830,12670,21.1,4090,6730,110,0,10,70,130,630,170,20,30,10,210
1172,74900,38,2,Freelancer,Tier_1,15260,700,1360,10450,3940,5120,1650,3510,5140,5150,2990,55270,25.3,18950,19630,460,20,40,310,390,1790,500,110,150,150,750
1173,96400,43,2,Salaried,Tier_1,14200,0,2630,8220,6460,3750,3470,5850,1370,400,2280,48630,32.6,31430,47770,430,0,80,250,650,1310,1040,180,40,10,570
1174,76600,29,2,Self-Employed,Tier_2,9760,1620,3050,10060,4460,5270,2180,3940,5130,1040,2480,48990,21.9,16780,27610,290,50,90,300,450,1840,650,120,150,30,620
1175,63400,32,2,Salaried,Tier_1,15600,10100,2760,6300,4340,5150,2400,3840,1750,4340,1670,58250,25.5,16170,5150,470,300,80,190,430,1800,720,120,50,130,420
1176,31600,19,2,Salaried,Tier_3,8100,0,850,3610,2710,1100,1390,1380,1650,220,860,21870,23.9,7550,9730,240,0,30,110,270,380,420,40,50,10,220
1177,33700,43,1,Business Owner,Tier_2,9460,0,970,3640,1610,1220,850,1250,980,1260,1510,22750,24.0,8090,10950,280,0,30,110,160,430,260,40,30,40,380
1178,64500,37,2,Salaried,Tier_2,13580,8220,3180,9780,2820,4360,2120,1600,3790,5900,2400,57750,30.2,19480,6750,410,250,100,290,280,1530,640,50,110,180,600
1179,7200,19,0,Student,Tier_2,2140,0,270,470,560,360,160,200,260,130,400,4950,22.7,1630,2250,60,0,10,10,60,130,50,10,10,0,100
1180,147400,22,0,Business Owner,Tier_1,31100,2100,4390,9530,9560,8110,7300,7440,6100,440,7820,93890,13.7,20190,53510,930,60,130,290,960,2840,2190,220,180,10,1960
1181,120100,23,2,Salaried,Tier_2,23030,0,4050,15950,4900,10270,4980,6140,5800,720,2830,78670,31.7,38070,41430,690,0,120,480,490,3590,1490,180,170,20,710
1182,53400,19,0,Self-Employed,Tier_1,11650,7700,2160,5390,2030,4910,1920,2110,2980,370,2690,43910,34.1,18210,9490,350,230,60,160,200,1720,580,60,90,10,670
1183,67600,28,1,Salaried,Tier_1,14750,0,1300,5990,4890,4490,2970,3390,2950,550,1480,42760,27.3,18450,24840,440,0,40,180,490,1570,890,100,90,20,370
1184,78900,34,0,Salaried,Tier_2,20590,0,3930,5940,4040,4040,3310,2970,3710,1090,4230,53850,25.8,20360,25050,620,0,120,180,400,1410,990,90,110,30,1060
1185,8100,23,0,Student,Tier_1,2640,0,290,830,540,550,320,330,370,40,180,6090,17.9,1450,2010,80,0,10,20,50,190,100,10,10,0,40
1186,72100,42,1,Self-Employed,Tier_1,11480,2420,1380,8710,3560,2030,1880,4640,1220,810,2580,40710,33.2,23940,31390,340,70,40,260,360,710,560,140,40,20,640
1187,117400,44,3,Self-Employed,Tier_1,27050,0,5320,11440,10380,10750,4120,4990,5190,3710,6930,89880,23.5,27590,27520,810,0,160,340,1040,3760,1240,150,160,110,1730
1188,9100,52,1,Salaried,Tier_3,1200,0,140,840,390,500,330,540,270,150,320,4680,27.1,2470,4420,40,0,0,30,40,180,100,20,10,0,80
1189,20100,43,0,Salaried,Tier_3,4250,4250,820,1540,650,1200,270,850,1130,240,920,16120,34.9,7010,3980,130,130,20,50,60,420,80,30,30,10,230
1190,90400,50,2,Salaried,Tier_1,22530,11600,3790,6490,5240,3120,1960,3710,3520,410,2450,64820,11.3,10220,25580,680,350,110,190,520,1090,590,110,110,10,610
1191,66800,30,0,Business Owner,Tier_2,13870,0,3140,7270,3710,4080,1570,3870,3670,90,3110,44380,18.9,12630,22420,420,0,90,220,370,1430,470,120,110,0,780
1192,136400,53,0,Self-Employed,Tier_2,23080,14390,5180,8820,8930,12640,2470,5380,4430,60,8160,93540,24.0,32740,42860,690,430,160,260,890,4420,740,160,130,0,2040
1193,206700,44,0,Business Owner,Tier_1,70070,0,2300,14910,18130,15980,10080,10330,8010,2400,7310,159520,30.1,62220,47180,2100,0,70,450,1810,5590,3020,310,240,70,1830
1194,79400,24,2,Salaried,Tier_3,15440,0,800,12880,5940,6680,1680,4830,5170,190,4280,57890,11.5,9130,21510,460,0,20,390,590,2340,500,140,160,10,1070
1195,140700,45,1,Business Owner,Tier_3,22170,13550,3790,11800,7770,7610,5570,3610,8090,1560,4660,90180,25.2,35460,50520,670,410,110,350,780,2660,1670,110,240,50,1160
1196,108400,33,1,Salaried,Tier_1,21780,0,2650,15280,4160,8310,4610,2860,3420,6370,2720,72160,13.9,15070,36240,650,0,80,460,420,2910,1380,90,100,190,680
1197,111300,40,0,Self-Employed,Tier_3,25620,8200,3710,8080,4560,9080,2790,6150,5630,600,2430,76850,13.8,15360,34450,770,250,110,240,460,3180,840,180,170,20,610
1198,72500,37,0,Freelancer,Tier_3,9530,11520,1330,9780,6390,5410,3410,2190,2720,630,1970,54880,32.6,23640,17620,290,350,40,290,640,1890,1020,70,80,20,490
1199,98000,31,0,Salaried,Tier_1,18650,7790,2460,11670,3430,6670,2130,5210,1710,160,2980,62860,29.1,28520,35140,560,230,70,350,340,2330,640,160,50,0,740
1200,128100,26,0,Salaried,Tier_2,15690,9080,2530,12760,7190,3410,2280,6140,6430,1160,2870,69540,27.5,35230,58560,470,270,80,380,720,1190,680,180,190,30,720
1201,65800,41,2,Self-Employed,Tier_3,8660,3310,1920,7100,4470,6800,700,3960,1060,3600,1440,43020,26.1,17170,22780,260,100,60,210,450,2380,210,120,30,110,360
1202,98400,31,2,Business Owner,Tier_1,13630,0,4220,12840,4390,9050,1270,6580,2160,1320,2020,57480,8.9,8760,40920,410,0,130,390,440,3170,380,200,60,40,500
1203,80100,34,2,Salaried,Tier_1,26680,16040,860,8000,6400,2550,3170,2210,4590,40,2910,73450,9.0,7210,6650,800,480,30,240,640,890,950,70,140,0,730
1204,214300,33,0,Salaried,Tier_1,69180,9700,8490,15270,8170,6340,2460,12780,4630,3770,5400,146190,26.0,55720,68110,2080,290,250,460,820,2220,740,380,140,110,1350
1205,75800,37,1,Salaried,Tier_1,11190,0,3060,6590,3670,2700,1060,2380,1530,250,2660,35090,34.3,26000,40710,340,0,90,200,370,940,320,70,50,10,660
1206,85400,33,0,Freelancer,Tier_1,14020,5720,2560,7160,6680,5350,2320,1720,1980,790,3170,51470,15.2,12980,33930,420,170,80,210,670,1870,700,50,60,20,790
1207,62100,25,0,Business Owner,Tier_2,12520,9150,2170,8030,2770,4940,1990,2790,1170,530,1820,47880,18.9,11740,14220,380,270,70,240,280,1730,600,80,40,20,460
1208,102600,38,2,Freelancer,Tier_1,19840,17250,2630,8640,7930,8320,3120,5330,3670,550,3150,80430,29.1,29860,22170,600,520,80,260,790,2910,940,160,110,20,790
1209,37500,31,2,Salaried,Tier_1,11210,7830,1760,3980,2740,2500,880,1850,1950,470,1360,36530,28.6,10720,970,340,230,50,120,270,880,260,60,60,10,340
1210,16400,18,0,Student,Tier_2,4200,0,770,1180,590,870,270,630,690,280,950,10430,28.1,4610,5970,130,0,20,40,60,300,80,20,20,10,240
1211,79700,30,4,Self-Employed,Tier_1,22030,460,3300,9620,4970,3890,2300,4790,4290,7190,4010,66850,29.3,23350,12850,660,10,100,290,500,1360,690,140,130,220,1000
1212,42100,46,2,Salaried,Tier_1,13630,4770,750,4730,1340,910,1780,1900,1420,2380,1120,34730,30.4,12800,7370,410,140,20,140,130,320,530,60,40,70,280
1213,37300,23,1,Salaried,Tier_1,9440,0,1470,4270,1380,3300,1830,1450,800,520,1910,26370,19.9,7420,10930,280,0,40,130,140,1160,550,40,20,20,480
1214,22800,35,2,Salaried,Tier_2,4330,0,540,2440,1940,760,330,680,1500,350,990,13860,32.3,7360,8940,130,0,20,70,190,270,100,20,40,10,250
1215,22000,23,0,Salaried,Tier_1,5960,3400,560,1830,1270,1400,620,1030,670,350,640,17730,16.9,3720,4270,180,100,20,50,130,490,190,30,20,10,160
1216,89300,19,2,Self-Employed,Tier_1,26620,540,2330,12170,5720,4180,2980,5230,1460,360,2760,64350,15.3,13660,24950,800,20,70,370,570,1460,890,160,40,10,690
1217,91100,41,0,Self-Employed,Tier_2,12580,910,2960,11280,4180,7760,4390,4970,3160,360,2090,54640,14.8,13480,36460,380,30,90,340,420,2720,1320,150,90,10,520
1218,100400,48,2,Self-Employed,Tier_1,27520,0,1200,9890,8430,3770,4670,3030,4440,10620,5430,79000,33.0,33130,21400,830,0,40,300,840,1320,1400,90,130,320,1360
1219,98900,59,2,Salaried,Tier_2,28860,16750,2010,15100,8510,4070,2020,3010,1490,3790,2270,87880,9.7,9590,11020,870,500,60,450,850,1420,610,90,40,110,570
1220,90500,24,3,Self-Employed,Tier_3,12480,0,2290,7450,6990,2920,3450,2630,3900,330,2300,44740,27.0,24440,45760,370,0,70,220,700,1020,1040,80,120,10,580
1221,184400,35,1,Self-Employed,Tier_1,62500,0,7770,13360,6550,6480,5780,10760,4970,3030,7260,128460,26.8,49420,55940,1880,0,230,400,660,2270,1730,320,150,90,1820
1222,41600,50,3,Freelancer,Tier_2,7200,3920,1420,4080,3220,1060,1940,2060,2100,560,2470,30030,11.3,4700,11570,220,120,40,120,320,370,580,60,60,20,620
1223,25100,34,2,Self-Employed,Tier_1,8240,1200,300,3140,1410,2000,640,1060,660,1040,670,20360,16.7,4190,4740,250,40,10,90,140,700,190,30,20,30,170
1224,120600,50,1,Business Owner,Tier_2,25030,21460,5710,12680,7550,10030,2540,5340,7230,6160,5330,109060,21.7,26170,11540,750,640,170,380,760,3510,760,160,220,180,1330
1225,75700,62,4,Retired,Tier_2,15240,0,3530,7660,3920,4190,3440,5400,1920,5800,1780,52880,12.2,9240,22820,460,0,110,230,390,1470,1030,160,60,170,440
1226,64300,27,2,Salaried,Tier_2,15390,1170,2850,8380,2990,5060,660,3930,2650,1110,2370,46560,12.9,8290,17740,460,40,90,250,300,1770,200,120,80,30,590
1227,87700,54,0,Salaried,Tier_2,10580,0,3730,8130,5790,5880,4340,4580,1320,210,2250,46810,20.7,18150,40890,320,0,110,240,580,2060,1300,140,40,10,560
1228,73000,41,2,Salaried,Tier_2,11140,8930,1560,8710,4250,5890,2270,2910,3410,5220,1550,55840,15.4,11240,17160,330,270,50,260,420,2060,680,90,100,160,390
1229,111400,28,1,Salaried,Tier_2,20850,19160,4250,16230,5660,2460,4910,6130,2370,1940,6430,90390,33.0,36760,21010,630,570,130,490,570,860,1470,180,70,60,1610
1230,141600,19,0,Salaried,Tier_2,33290,29160,3450,14040,12580,8770,4050,4190,2320,1380,7650,120880,8.6,12180,20720,1000,870,100,420,1260,3070,1220,130,70,40,1910
1231,40900,35,3,Salaried,Tier_2,9420,7840,620,6140,3090,1090,1480,1600,1920,3930,1290,38420,31.9,13050,2480,280,240,20,180,310,380,440,50,60,120,320
1232,36100,44,2,Salaried,Tier_1,7560,7790,1170,4890,1140,3240,1030,1820,660,630,1040,30970,25.8,9310,5130,230,230,40,150,110,1130,310,50,20,20,260
1233,251400,29,1,Business Owner,Tier_2,57150,760,10700,28290,21990,25360,10400,11860,6870,3480,10510,187370,15.5,38970,64030,1710,20,320,850,2200,8880,3120,360,210,100,2630
1234,14000,40,0,Self-Employed,Tier_2,2590,0,480,1450,430,410,170,470,460,60,700,7220,18.0,2520,6780,80,0,10,40,40,140,50,10,10,0,180
1235,22600,20,0,Student,Tier_1,3440,0,720,1610,980,480,480,880,680,250,1030,10550,30.9,6980,12050,100,0,20,50,100,170,140,30,20,10,260
1236,41600,37,1,Salaried,Tier_1,13290,0,890,3360,3100,3460,710,1440,460,160,970,27840,27.2,11320,13760,400,0,30,100,310,1210,210,40,10,0,240
1237,55700,20,4,Salaried,Tier_2,9850,3450,2690,9870,2950,4370,1810,2580,1330,160,2120,41180,14.5,8080,14520,300,100,80,300,300,1530,540,80,40,0,530
1238,121600,36,3,Freelancer,Tier_1,21340,0,1620,16770,10370,3620,3100,3290,1660,12080,5380,79230,18.6,22620,42370,640,0,50,500,1040,1270,930,100,50,360,1340
1239,15900,19,0,Student,Tier_2,2310,0,350,1470,990,1170,730,550,350,50,580,8550,24.3,3860,7350,70,0,10,40,100,410,220,20,10,0,140
1240,76200,41,1,Self-Employed,Tier_3,20650,9830,2290,6930,5850,7090,790,2140,2540,6140,1670,65920,23.6,17980,10280,620,290,70,210,580,2480,240,60,80,180,420
1241,53700,40,0,Business Owner,Tier_1,14120,20,1920,4010,3490,2830,750,1390,2800,360,2620,34310,15.6,8380,19390,420,0,60,120,350,990,220,40,80,10,660
1242,45700,19,4,Self-Employed,Tier_2,10600,0,870,5000,3510,3890,2240,1540,1310,790,2100,31850,20.7,9460,13850,320,0,30,150,350,1360,670,50,40,20,520
1243,8800,22,0,Student,Tier_2,1760,0,130,740,660,300,300,500,490,110,520,5510,19.6,1720,3290,50,0,0,20,70,100,90,20,10,0,130
1244,75200,49,2,Salaried,Tier_2,14680,2070,3110,6350,2650,5190,1720,3650,2650,100,3670,45840,9.6,7220,29360,440,60,90,190,260,1820,520,110,80,0,920
1245,8100,42,2,Salaried,Tier_1,1920,760,190,670,340,440,260,410,130,20,430,5570,22.0,1780,2530,60,20,10,20,30,150,80,10,0,0,110
1246,104200,27,0,Salaried,Tier_2,17870,3490,2340,6430,3310,7530,2930,3490,5770,1070,4330,58560,32.5,33860,45640,540,100,70,190,330,2640,880,100,170,30,1080
1247,89400,31,0,Salaried,Tier_1,21630,0,3080,6270,5250,7820,3450,2160,3840,320,4230,58050,19.1,17080,31350,650,0,90,190,520,2740,1040,60,120,10,1060
1248,73500,43,1,Self-Employed,Tier_3,10120,4440,3300,9940,5750,2770,1990,2520,2500,7640,4050,55020,31.5,23150,18480,300,130,100,300,580,970,600,80,80,230,1010
1249,42100,19,1,Salaried,Tier_3,11940,0,1830,5170,2060,3060,1450,2690,1050,330,1340,30920,19.5,8210,11180,360,0,50,160,210,1070,440,80,30,10,340
1250,33300,42,0,Salaried,Tier_3,4130,0,520,2010,1820,970,1090,1100,1220,200,810,13870,30.1,10020,19430,120,0,20,60,180,340,330,30,40,10,200
1251,35600,41,2,Salaried,Tier_2,6320,0,980,5050,1620,2900,1590,950,1600,1290,1950,24250,25.7,9150,11350,190,0,30,150,160,1010,480,30,50,40,490
1252,8100,21,0,Student,Tier_1,2690,0,320,490,690,710,320,310,440,50,440,6460,15.9,1290,1640,80,0,10,10,70,250,100,10,10,0,110
1253,192100,34,2,Business Owner,Tier_2,38710,28760,9200,30930,7420,8530,5340,10970,3970,1290,8200,153320,27.0,51870,38780,1160,860,280,930,740,2990,1600,330,120,40,2050
1254,67400,26,2,Salaried,Tier_2,15730,9950,2960,9590,5290,3360,690,1770,1320,960,1760,53380,30.2,20350,14020,470,300,90,290,530,1180,210,50,40,30,440
1255,9300,32,1,Freelancer,Tier_3,1770,520,450,1040,390,680,250,380,390,30,480,6380,12.5,1160,2920,50,20,10,30,40,240,80,10,10,0,120
1256,14400,67,0,Retired,Tier_2,3940,2030,290,1920,1200,1170,490,300,850,240,450,12880,27.3,3930,1520,120,60,10,60,120,410,150,10,30,10,110
1257,51900,42,3,Salaried,Tier_3,6690,0,2370,3870,1890,2240,1330,2510,3180,3300,2470,29850,27.1,14060,22050,200,0,70,120,190,780,400,80,100,100,620
1258,79600,29,1,Salaried,Tier_3,19990,630,1610,5630,3730,3110,1000,3110,4700,490,3780,47780,30.5,24280,31820,600,20,50,170,370,1090,300,90,140,10,940
1259,73600,43,2,Salaried,Tier_2,11440,10110,770,11420,4490,3110,1570,2080,4440,3980,2240,55650,10.5,7730,17950,340,300,20,340,450,1090,470,60,130,120,560
1260,10100,23,0,Student,Tier_1,2840,0,180,1170,570,280,310,360,600,90,370,6770,10.3,1040,3330,90,0,10,40,60,100,90,10,20,0,90
1261,74900,25,0,Self-Employed,Tier_3,16020,0,1230,4890,6160,6320,3340,2500,4420,280,2070,47230,17.6,13180,27670,480,0,40,150,620,2210,1000,80,130,10,520
1262,97400,24,2,Self-Employed,Tier_2,15890,5300,3530,13740,5900,4650,2490,5240,1660,1590,4680,64670,17.0,16560,32730,480,160,110,410,590,1630,750,160,50,50,1170
1263,61800,41,0,Salaried,Tier_2,13510,8220,1130,7740,4730,1260,2570,2080,1100,920,1680,44940,28.4,17550,16860,410,250,30,230,470,440,770,60,30,30,420
1264,95900,29,0,Salaried,Tier_2,12560,0,4310,8600,4600,2630,1870,5000,3200,330,5430,48530,22.4,21480,47370,380,0,130,260,460,920,560,150,100,10,1360
1265,15200,38,3,Self-Employed,Tier_2,2440,0,670,2560,1180,960,710,1090,300,240,610,10760,11.8,1790,4440,70,0,20,80,120,340,210,30,10,10,150
1266,85700,21,0,Salaried,Tier_2,17110,1560,1110,10810,6250,3390,1520,4030,2950,1370,5020,55120,17.4,14910,30580,510,50,30,320,620,1190,460,120,90,40,1260
1267,17900,50,1,Business Owner,Tier_3,4840,3090,830,2610,1270,1310,520,680,880,140,910,17080,18.9,3380,820,150,90,20,80,130,460,160,20,30,0,230
1268,30800,21,0,Salaried,Tier_1,9220,110,1070,2750,1220,2390,650,790,1350,380,1070,21000,29.1,8960,9800,280,0,30,80,120,840,200,20,40,10,270
1269,162500,47,2,Business Owner,Tier_3,26630,0,1710,11630,11630,10430,3210,4150,2960,1440,7410,81200,11.1,18040,81300,800,0,50,350,1160,3650,960,120,90,40,1850
1270,23400,20,0,Student,Tier_1,5260,0,260,2160,1490,1640,860,1260,1300,250,1280,15760,32.8,7680,7640,160,0,10,60,150,570,260,40,40,10,320
1271,34200,19,1,Salaried,Tier_1,5480,0,990,2490,1540,1260,1570,1490,1130,390,1850,18190,26.3,8990,16010,160,0,30,70,150,440,470,40,30,10,460
1272,78500,50,2,Salaried,Tier_1,13090,0,2110,6530,4800,3280,2480,2780,4960,8490,4670,53190,21.4,16800,25310,390,0,60,200,480,1150,740,80,150,250,1170
1273,85700,39,0,Salaried,Tier_1,18770,940,1900,10260,6630,3630,2880,3630,2300,320,2210,53470,31.7,27170,32230,560,30,60,310,660,1270,860,110,70,10,550
1274,6000,19,1,Salaried,Tier_2,930,0,280,830,510,280,230,350,130,0,340,3880,9.5,570,2120,30,0,10,20,50,100,70,10,0,0,80
1275,134600,39,0,Salaried,Tier_1,18670,27850,5940,13800,4400,7650,6640,3930,6050,680,4500,100110,31.8,42800,34490,560,840,180,410,440,2680,1990,120,180,20,1120
1276,19900,38,0,Self-Employed,Tier_1,6550,3090,700,1860,700,1770,510,820,840,180,1040,18060,11.8,2350,1840,200,90,20,60,70,620,150,20,30,10,260
1277,121900,24,1,Salaried,Tier_2,24700,18700,2470,12720,3680,5400,4720,3020,6770,2190,2620,86990,17.4,21210,34910,740,560,70,380,370,1890,1420,90,200,70,660
1278,52500,32,1,Self-Employed,Tier_1,17350,0,1820,4720,2010,3720,2600,2830,960,2660,1540,40210,35.0,18380,12290,520,0,50,140,200,1300,780,80,30,80,380
1279,37900,49,1,Business Owner,Tier_1,9220,3990,1700,2870,2340,3490,710,2340,1290,360,1770,30080,17.7,6710,7820,280,120,50,90,230,1220,210,70,40,10,440
1280,29500,40,3,Salaried,Tier_2,4450,1030,800,3470,1800,2020,310,1750,720,340,690,17380,18.7,5520,12120,130,30,20,100,180,710,90,50,20,10,170
1281,36100,20,1,Freelancer,Tier_1,4990,0,1200,4860,2310,990,830,1750,1330,100,1190,19550,24.3,8770,16550,150,0,40,150,230,350,250,50,40,0,300
1282,85300,19,0,Self-Employed,Tier_1,28720,0,1930,11430,7260,8790,1850,4340,1320,1450,3030,70120,21.0,17910,15180,860,0,60,340,730,3080,560,130,40,40,760
1283,158500,39,1,Self-Employed,Tier_2,21670,0,2090,11830,14050,10800,1830,9400,4800,830,7720,85020,13.0,20600,73480,650,0,60,350,1400,3780,550,280,140,20,1930
1284,138600,28,2,Salaried,Tier_2,38810,0,3950,10290,6090,2930,2170,4480,2600,1820,3600,76740,25.1,34790,61860,1160,0,120,310,610,1030,650,130,80,50,900
1285,61400,35,1,Salaried,Tier_2,14480,0,3060,4840,4980,2980,1130,1640,2520,2830,3410,41870,8.4,5160,19530,430,0,90,150,500,1040,340,50,80,80,850
1286,37100,65,1,Retired,Tier_2,5380,5730,1220,3570,2160,2800,1310,2390,1800,220,2050,28630,26.6,9870,8470,160,170,40,110,220,980,390,70,50,10,510
1287,116200,40,0,Freelancer,Tier_2,21630,0,4770,11580,3830,5420,5360,5990,3260,640,6690,69170,13.9,16150,47030,650,0,140,350,380,1900,1610,180,100,20,1670
1288,40700,26,2,Salaried,Tier_1,8600,0,730,5660,1870,1380,890,2340,1010,690,1390,24560,22.8,9280,16140,260,0,20,170,190,480,270,70,30,20,350
1289,117100,30,0,Salaried,Tier_1,25650,7720,2640,8470,9560,8990,3390,4800,1200,1070,5190,78680,14.6,17100,38420,770,230,80,250,960,3150,1020,140,40,30,1300
1290,59100,35,0,Freelancer,Tier_2,9690,12680,1610,6370,2970,3400,1430,2990,2930,340,1320,45730,34.9,20630,13370,290,380,50,190,300,1190,430,90,90,10,330
1291,139700,52,1,Salaried,Tier_1,32520,0,6530,18200,10550,8340,5290,5710,8410,8210,3590,107350,34.2,47780,32350,980,0,200,550,1060,2920,1590,170,250,250,900
1292,71100,47,0,Salaried,Tier_2,8900,0,1660,9910,2600,1610,1090,3400,730,1270,1490,32660,13.0,9240,38440,270,0,50,300,260,560,330,100,20,40,370
1293,202300,33,0,Self-Employed,Tier_1,47350,11790,7560,23020,8890,8660,6000,10990,9690,680,10500,145130,27.6,55830,57170,1420,350,230,690,890,3030,1800,330,290,20,2620
1294,78300,26,0,Salaried,Tier_1,13800,7940,1610,8150,6300,3650,1360,3660,1220,70,2700,50460,14.0,10960,27840,410,240,50,240,630,1280,410,110,40,0,680
1295,89500,53,0,Salaried,Tier_2,14920,0,4390,11090,7110,5710,2990,2950,1250,1070,5090,56570,17.3,15480,32930,450,0,130,330,710,2000,900,90,40,30,1270
1296,121400,36,3,Salaried,Tier_2,33040,11100,2180,14360,6450,10910,1900,3530,3890,6930,7110,101400,27.4,33260,20000,990,330,70,430,640,3820,570,110,120,210,1780
1297,24900,37,1,Freelancer,Tier_2,3120,1410,370,3710,1730,1180,260,1210,350,260,580,14180,30.5,7590,10720,90,40,10,110,170,410,80,40,10,10,140
1298,46200,35,3,Salaried,Tier_3,8130,0,1070,6260,3020,1390,1980,3240,2590,350,1340,29370,29.7,13720,16830,240,0,30,190,300,490,590,100,80,10,340
1299,12500,21,0,Student,Tier_3,3650,0,300,1690,870,820,150,430,630,90,430,9060,31.2,3900,3440,110,0,10,50,90,290,40,10,20,0,110
1300,71600,23,1,Salaried,Tier_1,16870,12080,1980,7530,4750,1750,2770,2450,870,370,2170,53590,32.2,23060,18010,510,360,60,230,480,610,830,70,30,10,540
1301,104200,29,0,Self-Employed,Tier_2,14090,0,3760,7560,9260,6740,1540,4760,2710,770,4930,56120,11.1,11570,48080,420,0,110,230,930,2360,460,140,80,20,1230
1302,203000,27,3,Business Owner,Tier_2,53920,0,3760,18360,7450,12160,7590,5870,3190,1840,5920,120060,24.7,50140,82940,1620,0,110,550,740,4260,2280,180,100,60,1480
1303,93100,34,3,Salaried,Tier_2,24210,2330,1030,8190,5660,4800,930,5280,3150,6650,4170,66400,27.7,25790,26700,730,70,30,250,570,1680,280,160,90,200,1040
1304,129600,38,1,Salaried,Tier_1,18040,22130,3250,17430,5790,7080,4470,7770,6610,720,4390,97680,9.5,12310,31920,540,660,100,520,580,2480,1340,230,200,20,1100
1305,78000,24,1,Self-Employed,Tier_2,17850,12340,1420,7800,5570,6320,1710,1920,3840,210,4020,63000,22.6,17630,15000,540,370,40,230,560,2210,510,60,120,10,1000
1306,146300,51,1,Salaried,Tier_1,21660,24150,2050,12570,7680,3960,3280,4100,2360,9400,6130,97340,17.8,26040,48960,650,720,60,380,770,1390,980,120,70,280,1530
1307,81300,27,1,Salaried,Tier_1,20020,0,2890,6830,6540,2980,2650,4100,1260,1370,3180,51820,14.6,11870,29480,600,0,90,200,650,1040,800,120,40,40,800
1308,33900,19,1,Salaried,Tier_1,8090,3600,400,2260,1280,1290,1310,1880,2140,560,1300,24110,19.7,6680,9790,240,110,10,70,130,450,390,60,60,20,320
1309,52700,38,0,Salaried,Tier_1,9240,5320,1640,3500,1930,3940,2120,2370,2630,290,1600,34580,17.8,9380,18120,280,160,50,100,190,1380,640,70,80,10,400
1310,130900,19,0,Self-Employed,Tier_1,34320,0,3920,10330,7430,10670,1920,6570,4590,980,3360,84090,19.5,25530,46810,1030,0,120,310,740,3730,580,200,140,30,840
1311,163000,40,2,Self-Employed,Tier_1,23350,13030,2980,12830,10210,15580,4750,5950,11280,3240,4170,107370,26.6,43360,55630,700,390,90,380,1020,5450,1420,180,340,100,1040
1312,18100,20,0,Student,Tier_2,3410,0,330,1400,870,1220,230,690,890,220,490,9750,26.1,4720,8350,100,0,10,40,90,430,70,20,30,10,120
1313,149700,37,1,Salaried,Tier_1,27080,0,3070,10050,6740,6280,4720,6890,6410,2430,8540,82210,13.8,20660,67490,810,0,90,300,670,2200,1420,210,190,70,2140
1314,16300,34,1,Self-Employed,Tier_3,3130,0,710,2130,1050,640,780,900,800,280,400,10820,25.4,4140,5480,90,0,20,60,100,220,230,30,20,10,100
1315,135000,31,1,Self-Employed,Tier_1,20020,22060,5050,15500,4710,8360,2040,3830,4960,1260,2810,90600,22.5,30380,44400,600,660,150,460,470,2930,610,110,150,40,700
1316,124600,44,1,Salaried,Tier_2,28700,21660,4870,15140,9960,6650,2670,6000,5550,850,3300,105350,31.4,39120,19250,860,650,150,450,1000,2330,800,180,170,30,820
1317,175100,40,1,Salaried,Tier_1,37070,0,5620,19430,6320,15030,8530,7060,6550,1990,8300,115900,33.9,59360,59200,1110,0,170,580,630,5260,2560,210,200,60,2080
1318,141200,35,5,Business Owner,Tier_1,30200,0,6030,23640,10620,4610,4780,8770,4130,2320,5690,100790,10.4,14680,40410,910,0,180,710,1060,1610,1430,260,120,70,1420
1319,13900,38,2,Freelancer,Tier_1,2070,0,670,1870,510,480,600,640,500,120,380,7840,26.4,3670,6060,60,0,20,60,50,170,180,20,20,0,100
1320,72500,38,0,Salaried,Tier_1,11160,0,2250,5900,2330,5750,1630,3200,930,620,1920,35690,17.6,12760,36810,330,0,70,180,230,2010,490,100,30,20,480
1321,87800,36,1,Salaried,Tier_2,23500,0,2980,10130,6630,2520,2570,2950,4420,950,2300,58950,32.6,28620,28850,700,0,90,300,660,880,770,90,130,30,580
1322,63600,48,3,Freelancer,Tier_3,17710,0,2520,10920,5530,2400,1890,2910,1500,7140,3360,55880,34.8,22130,7720,530,0,80,330,550,840,570,90,40,210,840
1323,162100,39,3,Business Owner,Tier_1,31130,9210,6970,23690,10260,8230,2230,7150,9810,11730,3300,123710,28.8,46680,38390,930,280,210,710,1030,2880,670,210,290,350,820
1324,115200,29,0,Self-Employed,Tier_1,32490,0,5220,12250,6670,8860,5370,2450,6830,1270,6300,87710,27.0,31100,27490,970,0,160,370,670,3100,1610,70,200,40,1580
1325,46800,33,2,Self-Employed,Tier_2,9140,0,590,4150,4110,2970,2220,2070,1840,110,1830,29030,14.1,6600,17770,270,0,20,120,410,1040,670,60,60,0,460
1326,55300,41,1,Salaried,Tier_1,8710,0,2500,7590,2420,4240,1460,3370,1150,230,1800,33470,32.3,17860,21830,260,0,80,230,240,1480,440,100,30,10,450
1327,45800,22,0,Salaried,Tier_2,7940,9790,2060,3740,3210,3060,750,1430,2310,620,930,35840,24.2,11080,9960,240,290,60,110,320,1070,220,40,70,20,230
1328,66300,37,1,Salaried,Tier_1,14870,0,2290,7600,2400,3620,1170,2980,3250,1070,2570,41820,16.6,11010,24480,450,0,70,230,240,1270,350,90,100,30,640
1329,8100,23,3,Freelancer,Tier_1,2160,0,350,910,280,670,330,210,200,60,360,5530,12.9,1040,2570,60,0,10,30,30,230,100,10,10,0,90
1330,55700,58,2,Self-Employed,Tier_3,16070,5190,940,4740,2830,2420,1410,2760,950,440,2950,40700,29.1,16210,15000,480,160,30,140,280,850,420,80,30,10,740
1331,19300,43,2,Salaried,Tier_2,3290,0,310,1350,1070,630,770,690,440,1870,910,11330,22.5,4340,7970,100,0,10,40,110,220,230,20,10,60,230
1332,157300,36,2,Salaried,Tier_1,29990,1290,4310,22750,12380,5080,3140,7750,5330,1760,3990,97770,16.9,26580,59530,900,40,130,680,1240,1780,940,230,160,50,1000
1333,160800,27,0,Salaried,Tier_1,33750,0,7090,17800,13850,12300,7970,7130,8680,2670,8640,119880,31.4,50490,40920,1010,0,210,530,1380,4300,2390,210,260,80,2160
1334,42900,50,0,Salaried,Tier_2,5890,8130,1120,2730,2470,3270,1330,870,2060,620,1440,29930,11.7,5020,12970,180,240,30,80,250,1140,400,30,60,20,360
1335,19500,38,5,Self-Employed,Tier_2,3750,0,950,2580,1270,1470,400,560,1230,160,1060,13430,25.3,4930,6070,110,0,30,80,130,510,120,20,40,0,260
1336,4500,21,0,Student,Tier_3,610,0,80,460,350,390,210,170,120,40,150,2580,19.7,890,1920,20,0,0,10,40,140,60,10,0,0,40
1337,62300,48,2,Salaried,Tier_2,10760,7720,2430,5380,2930,2150,3030,3210,3030,3250,2530,46420,8.5,5300,15880,320,230,70,160,290,750,910,100,90,100,630
1338,12600,58,4,Retired,Tier_3,3310,640,300,1060,1000,910,260,450,630,20,670,9250,22.5,2840,3350,100,20,10,30,100,320,80,10,20,0,170
1339,104000,20,0,Salaried,Tier_1,17150,1270,4630,13390,6480,8420,5200,3860,1940,700,5540,68580,21.9,22780,35420,510,40,140,400,650,2950,1560,120,60,20,1380
1340,24400,34,0,Freelancer,Tier_2,4720,0,290,2220,1200,1090,260,1310,270,30,1230,12620,19.9,4860,11780,140,0,10,70,120,380,80,40,10,0,310
1341,113100,23,3,Self-Employed,Tier_2,13600,0,5300,18060,4390,10960,4330,5380,5080,1550,2480,71130,13.8,15610,41970,410,0,160,540,440,3840,1300,160,150,50,620
1342,99700,49,0,Salaried,Tier_1,26740,5660,3030,10750,7460,7010,1920,4140,4360,270,2880,74220,19.9,19840,25480,800,170,90,320,750,2450,580,120,130,10,720
1343,10300,42,3,Salaried,Tier_2,1470,1010,220,1130,590,510,380,710,380,1170,390,7960,16.5,1700,2340,40,30,10,30,60,180,110,20,10,40,100
1344,21700,52,0,Salaried,Tier_2,4540,3690,540,1780,1020,800,460,870,580,230,1170,15680,20.0,4340,6020,140,110,20,50,100,280,140,30,20,10,290
1345,82700,22,1,Salaried,Tier_1,15520,0,2220,8760,2610,6700,900,4880,2770,530,2670,47560,20.0,16540,35140,470,0,70,260,260,2340,270,150,80,20,670
1346,111500,29,2,Salaried,Tier_1,33590,15780,1320,16570,8290,8450,2780,4430,4570,3240,3530,102550,15.1,16840,8950,1010,470,40,500,830,2960,830,130,140,100,880
1347,17700,50,2,Salaried,Tier_3,5160,3560,790,1450,970,1570,620,1160,890,30,1030,17230,15.0,2660,470,150,110,20,40,100,550,190,30,30,0,260
1348,47000,33,1,Salaried,Tier_3,8700,0,620,5850,3100,2810,1850,2710,3030,70,1130,29870,31.9,14990,17130,260,0,20,180,310,980,560,80,90,0,280
1349,105300,19,0,Self-Employed,Tier_2,14090,16920,3030,9900,3750,8210,3780,4260,4570,530,4050,73090,23.8,25060,32210,420,510,90,300,380,2870,1130,130,140,20,1010
1350,105800,35,0,Salaried,Tier_2,19800,3100,2770,14630,6890,2240,3770,2400,4860,1340,5040,66840,8.1,8570,38960,590,90,80,440,690,780,1130,70,150,40,1260
1351,69600,23,0,Salaried,Tier_2,12310,0,2590,7650,3850,5850,880,1540,930,1100,2870,39570,18.2,12670,30030,370,0,80,230,380,2050,260,50,30,30,720
1352,76000,38,0,Salaried,Tier_1,22140,5680,1550,6380,3660,2200,1330,3360,1830,20,4250,52400,31.6,24020,23600,660,170,50,190,370,770,400,100,50,0,1060
1353,32100,31,1,Salaried,Tier_2,4330,6470,1200,4170,1750,1340,1430,1380,870,780,1890,25610,32.8,10530,6490,130,190,40,130,180,470,430,40,30,20,470
1354,50300,43,1,Salaried,Tier_2,8920,0,1210,7390,4330,3740,1240,1450,870,3320,1670,34140,31.7,15950,16160,270,0,40,220,430,1310,370,40,30,100,420
1355,48700,39,0,Freelancer,Tier_1,14720,0,820,6810,4320,2100,2060,2610,2860,100,1870,38270,28.5,13880,10430,440,0,20,200,430,740,620,80,90,0,470
1356,75300,38,1,Salaried,Tier_2,21120,0,2960,11340,6600,1850,1530,2880,1870,6360,4460,60970,12.7,9560,14330,630,0,90,340,660,650,460,90,60,190,1120
1357,8100,19,0,Student,Tier_1,2540,0,320,550,270,340,230,220,120,10,400,5000,10.4,840,3100,80,0,10,20,30,120,70,10,0,0,100
1358,60000,38,0,Salaried,Tier_1,20110,0,690,3880,2910,1240,1660,1410,2740,970,2680,38290,32.0,19200,21710,600,0,20,120,290,430,500,40,80,30,670
1359,54100,28,3,Salaried,Tier_2,10700,0,1200,9330,2610,4050,2150,1830,2650,140,3110,37770,31.2,16880,16330,320,0,40,280,260,1420,640,50,80,0,780
1360,114800,43,2,Self-Employed,Tier_1,33280,2600,3070,9100,8230,6440,4090,6340,1950,120,5760,80980,30.7,35240,33820,1000,80,90,270,820,2250,1230,190,60,0,1440
1361,171500,43,3,Business Owner,Tier_2,46020,34900,2760,14180,13490,9240,6090,5700,10440,17200,7330,167350,18.3,31380,4150,1380,1050,80,430,1350,3230,1830,170,310,520,1830
1362,40400,46,0,Salaried,Tier_2,10000,0,420,4260,1550,3070,1430,2320,1680,360,2040,27130,22.9,9250,13270,300,0,10,130,160,1070,430,70,50,10,510
1363,113600,35,1,Salaried,Tier_2,20580,0,1720,15260,7200,9740,1790,4170,3040,2540,5530,71570,9.2,10450,42030,620,0,50,460,720,3410,540,130,90,80,1380
1364,49700,30,3,Business Owner,Tier_2,11620,0,530,5570,2350,1310,2070,3280,1420,2500,1710,32360,16.1,8000,17340,350,0,20,170,240,460,620,100,40,80,430
1365,39800,39,0,Self-Employed,Tier_2,4940,0,1410,5480,2590,2060,1020,1890,800,70,1420,21680,24.9,9910,18120,150,0,40,160,260,720,310,60,20,0,360
1366,81200,28,1,Salaried,Tier_3,23290,7910,3670,7700,5830,6800,2800,4660,1200,570,4740,69170,19.3,15670,12030,700,240,110,230,580,2380,840,140,40,20,1180
1367,60300,35,1,Salaried,Tier_3,11380,0,1770,6980,4220,3090,2730,3270,2660,1550,1250,38900,16.9,10190,21400,340,0,50,210,420,1080,820,100,80,50,310
1368,28500,36,2,Business Owner,Tier_2,7160,0,1370,3490,1380,2090,1140,1000,1670,380,1660,21340,14.3,4080,7160,210,0,40,100,140,730,340,30,50,10,420
1369,99600,19,0,Salaried,Tier_2,12960,12370,3900,6980,7350,5430,4210,3010,3540,930,5240,65920,22.3,22210,33680,390,370,120,210,740,1900,1260,90,110,30,1310
1370,65900,31,0,Freelancer,Tier_3,18480,5330,2410,7450,4600,5340,1080,3710,3020,1070,3320,55810,11.0,7250,10090,550,160,70,220,460,1870,320,110,90,30,830
1371,52300,36,2,Salaried,Tier_1,17420,4860,2420,6740,3150,3280,1360,2000,2280,3010,1610,48130,15.6,8160,4170,520,150,70,200,320,1150,410,60,70,90,400
1372,79200,33,1,Salaried,Tier_2,22870,5620,1880,10520,3940,5070,3720,4110,2940,5110,3030,68810,15.5,12280,10390,690,170,60,320,390,1770,1120,120,90,150,760
1373,88400,55,0,Retired,Tier_1,20040,0,1310,10600,3280,5590,2630,2680,1870,980,3030,52010,16.6,14670,36390,600,0,40,320,330,1960,790,80,60,30,760
1374,17400,19,2,Freelancer,Tier_3,2830,0,810,1290,1520,780,530,550,1040,120,480,9950,9.0,1570,7450,80,0,20,40,150,270,160,20,30,0,120
1375,149000,27,0,Business Owner,Tier_1,29220,4140,3160,15390,11130,7400,5440,3980,4330,1480,6360,92030,22.0,32780,56970,880,120,90,460,1110,2590,1630,120,130,40,1590
1376,42600,37,1,Salaried,Tier_2,6680,8530,1370,3030,3460,3450,1170,1370,2290,2690,1530,35570,28.2,12010,7030,200,260,40,90,350,1210,350,40,70,80,380
1377,136600,25,1,Salaried,Tier_1,25780,4640,3510,16110,7680,10920,6460,7820,4450,1720,5440,94530,9.3,12700,42070,770,140,110,480,770,3820,1940,230,130,50,1360
1378,74700,51,0,Salaried,Tier_1,20990,11680,3200,6570,4230,4770,2790,3890,2110,60,4430,64720,31.7,23680,9980,630,350,100,200,420,1670,840,120,60,0,1110
1379,4500,20,0,Student,Tier_3,1240,0,130,580,280,120,70,120,100,80,160,2880,20.9,940,1620,40,0,0,20,30,40,20,0,0,0,40
1380,137500,22,0,Self-Employed,Tier_1,42660,0,5940,9150,10570,9800,4510,3300,4850,1130,4810,96720,9.9,13610,40780,1280,0,180,270,1060,3430,1350,100,150,30,1200
1381,50500,28,3,Self-Employed,Tier_2,6970,10200,1760,4650,3820,4440,1550,2870,2700,430,1900,41290,19.7,9950,9210,210,310,50,140,380,1550,460,90,80,10,480
1382,62200,30,2,Salaried,Tier_1,16470,8880,2380,8020,3010,5530,1700,2800,2500,2510,2270,56070,23.2,14430,6130,490,270,70,240,300,1940,510,80,80,80,570
1383,10300,59,0,Retired,Tier_2,2990,1570,230,710,440,630,300,620,440,20,600,8550,25.4,2620,1750,90,50,10,20,40,220,90,20,10,0,150
1384,50000,35,0,Self-Employed,Tier_3,11930,0,1470,3690,4330,3170,1500,1800,760,310,2300,31260,27.7,13850,18740,360,0,40,110,430,1110,450,50,20,10,580
1385,70900,48,0,Self-Employed,Tier_1,12920,10380,1140,9140,4410,7460,1700,1470,3460,960,3650,56690,30.6,21700,14210,390,310,30,270,440,2610,510,40,100,30,910
1386,6500,38,0,Self-Employed,Tier_2,960,1280,200,860,440,220,120,170,130,90,330,4800,25.2,1640,1700,30,40,10,30,40,80,40,10,0,0,80
1387,99000,33,0,Salaried,Tier_1,34100,0,3830,7960,8790,6620,2930,5190,5050,440,3130,78040,23.0,22770,20960,1020,0,110,240,880,2320,880,160,150,10,780
1388,129300,46,1,Business Owner,Tier_2,16380,13130,2280,17590,4660,3950,3090,6580,6000,90,3130,76880,28.2,36460,52420,490,390,70,530,470,1380,930,200,180,0,780
1389,21800,21,0,Student,Tier_2,3310,0,490,1480,1840,670,870,750,1100,90,920,11520,29.4,6410,10280,100,0,10,40,180,230,260,20,30,0,230
1390,34400,36,1,Self-Employed,Tier_2,10320,2790,1270,3290,2120,2000,1020,1420,620,2220,1060,28130,10.3,3540,6270,310,80,40,100,210,700,310,40,20,70,260
1391,43800,41,0,Salaried,Tier_3,10010,8780,980,4350,2130,2760,1200,2370,2460,250,2120,37410,27.6,12090,6390,300,260,30,130,210,970,360,70,70,10,530
1392,15900,31,3,Salaried,Tier_2,2470,2690,780,2240,1110,1340,590,570,560,180,850,13380,23.1,3670,2520,70,80,20,70,110,470,180,20,20,10,210
1393,18800,19,1,Salaried,Tier_3,3060,0,800,2750,1360,1430,290,820,980,130,1080,12700,10.8,2030,6100,90,0,20,80,140,500,90,20,30,0,270
1394,33700,54,3,Freelancer,Tier_2,8030,2390,550,3770,2880,2060,1400,1750,2100,590,1120,26640,24.7,8320,7060,240,70,20,110,290,720,420,50,60,20,280
1395,48000,34,0,Salaried,Tier_3,8980,2270,1200,6020,2250,4070,690,1150,2330,460,2590,32010,32.4,15550,15990,270,70,40,180,220,1420,210,30,70,10,650
1396,78600,48,2,Salaried,Tier_1,13200,0,3380,10160,2830,4840,2180,5290,2870,430,1890,47070,29.0,22790,31530,400,0,100,300,280,1690,650,160,90,10,470
1397,73000,42,2,Salaried,Tier_2,11960,3900,1510,5480,2620,2400,1220,2390,2490,260,2940,37170,31.7,23140,35830,360,120,50,160,260,840,370,70,70,10,740
1398,84500,35,1,Salaried,Tier_1,23230,0,1210,9440,6470,3920,3350,3190,3120,1000,4020,58950,9.8,8280,25550,700,0,40,280,650,1370,1000,100,90,30,1000
1399,6500,31,1,Salaried,Tier_3,1130,720,280,550,280,510,110,380,300,620,200,5080,19.6,1270,1420,30,20,10,20,30,180,30,10,10,20,50
1400,72400,28,1,Salaried,Tier_2,17610,0,2700,7110,6130,5480,2370,4580,3590,980,3320,53870,14.2,10280,18530,530,0,80,210,610,1920,710,140,110,30,830
1401,21100,49,1,Salaried,Tier_3,5810,2590,300,2090,1320,1280,600,470,540,300,700,16000,14.7,3100,5100,170,80,10,60,130,450,180,10,20,10,180
1402,86700,25,1,Self-Employed,Tier_2,25270,0,880,6920,4800,7430,3490,3930,3320,570,2690,59300,8.3,7200,27400,760,0,30,210,480,2600,1050,120,100,20,670
1403,12200,24,0,Student,Tier_3,2120,0,430,810,660,630,550,400,170,70,690,6530,18.2,2220,5670,60,0,10,20,70,220,160,10,10,0,170
1404,74900,32,1,Salaried,Tier_2,10180,15010,1480,5420,3730,4190,2650,3900,3100,20,2160,51840,29.8,22320,23060,310,450,40,160,370,1470,800,120,90,0,540
1405,19700,18,0,Student,Tier_2,3590,0,910,2590,950,570,910,940,200,30,700,11390,22.6,4450,8310,110,0,30,80,100,200,270,30,10,0,180
1406,58400,21,0,Salaried,Tier_2,11060,3330,2350,5620,4670,3040,2610,2190,760,410,1690,37730,16.8,9810,20670,330,100,70,170,470,1060,780,70,20,10,420
1407,34400,59,0,Retired,Tier_3,9350,0,990,2710,1500,1110,1140,1270,1770,450,1150,21440,28.4,9770,12960,280,0,30,80,150,390,340,40,50,10,290
1408,59300,43,1,Self-Employed,Tier_3,7580,3960,2660,6090,4630,5630,1880,3820,1880,6090,3190,47410,12.4,7350,11890,230,120,80,180,460,1970,560,110,60,180,800
1409,13200,25,3,Salaried,Tier_2,2960,2580,560,1520,490,360,390,980,550,70,500,10960,15.8,2090,2240,90,80,20,50,50,130,120,30,20,0,120
1410,141800,22,1,Business Owner,Tier_1,36490,9240,3330,20750,10040,12430,4710,6790,3510,1750,5830,114870,17.4,24670,26930,1090,280,100,620,1000,4350,1410,200,110,50,1460
1411,73100,28,0,Salaried,Tier_3,20910,0,2830,6770,3150,2140,1930,3060,850,1010,2760,45410,19.9,14550,27690,630,0,80,200,320,750,580,90,30,30,690
1412,79500,19,2,Salaried,Tier_2,11610,0,2280,6890,5940,5810,2210,4320,1320,1350,4000,45730,34.7,27590,33770,350,0,70,210,590,2030,660,130,40,40,1000
1413,78000,46,0,Salaried,Tier_2,15070,0,2820,5730,3280,2830,2920,3980,980,200,3480,41290,33.1,25820,36710,450,0,80,170,330,990,880,120,30,10,870
1414,154800,38,0,Salaried,Tier_1,33470,0,3150,12090,13160,7420,3680,3900,4190,1500,5520,88080,29.0,44890,66720,1000,0,90,360,1320,2600,1100,120,130,40,1380
1415,95500,21,0,Self-Employed,Tier_1,14140,0,4250,7750,5910,8930,2240,3940,4680,590,2320,54750,34.0,32470,40750,420,0,130,230,590,3130,670,120,140,20,580
1416,127500,32,1,Business Owner,Tier_2,33710,9090,6240,12780,11420,13460,3140,7160,4680,13150,7400,122230,22.9,29200,5270,1010,270,190,380,1140,4710,940,210,140,390,1850
1417,158700,42,0,Business Owner,Tier_2,39670,33200,2660,12680,5480,10210,7310,3760,9270,2580,6730,133550,34.0,53960,25150,1190,1000,80,380,550,3570,2190,110,280,80,1680
1418,7300,18,0,Student,Tier_3,1510,0,220,560,570,180,310,380,280,100,200,4310,30.1,2200,2990,50,0,10,20,60,60,90,10,10,0,50
1419,42500,27,2,Self-Employed,Tier_2,9250,0,1230,3030,1480,1170,1320,1600,2180,110,890,22260,26.4,11220,20240,280,0,40,90,150,410,400,50,70,0,220
1420,97600,37,3,Business Owner,Tier_2,28350,1430,2050,12090,3730,9430,1240,6620,2840,4860,5370,78010,16.6,16200,19590,850,40,60,360,370,3300,370,200,90,150,1340
1421,47100,27,2,Business Owner,Tier_3,12650,2380,1830,3520,2920,4160,1020,2280,3110,160,970,35000,34.1,16060,12100,380,70,50,110,290,1460,310,70,90,0,240
1422,32300,24,3,Self-Employed,Tier_2,6990,4580,870,4950,2640,1690,1590,1050,670,280,990,26300,25.9,8370,6000,210,140,30,150,260,590,480,30,20,10,250
1423,75900,25,0,Salaried,Tier_2,15010,10170,3330,7490,2880,4800,1820,3250,930,1160,1990,52830,27.5,20870,23070,450,310,100,220,290,1680,550,100,30,30,500
1424,8100,35,0,Salaried,Tier_1,1120,480,290,610,470,360,130,460,220,140,370,4650,18.0,1460,3450,30,10,10,20,50,130,40,10,10,0,90
1425,54700,27,1,Salaried,Tier_1,9420,230,2270,5120,4710,2250,2430,3530,3440,900,1750,36050,29.9,16360,18650,280,10,70,150,470,790,730,110,100,30,440
1426,61300,27,1,Freelancer,Tier_2,13060,0,2310,4910,4240,5310,2990,3750,3070,260,3490,43390,19.7,12080,17910,390,0,70,150,420,1860,900,110,90,10,870
1427,57200,39,0,Freelancer,Tier_2,10390,0,2620,5810,2280,5050,1430,2230,1540,420,2770,34540,16.3,9320,22660,310,0,80,170,230,1770,430,70,50,10,690
1428,4500,18,0,Student,Tier_3,720,0,160,500,170,240,200,260,190,60,190,2690,8.3,370,1810,20,0,0,20,20,80,60,10,10,0,50
1429,71900,25,0,Salaried,Tier_2,20000,6410,2720,9890,5750,2070,1470,1880,840,530,3160,54720,9.4,6760,17180,600,190,80,300,580,720,440,60,30,20,790
1430,113400,31,4,Freelancer,Tier_2,18540,0,1650,14490,8980,5410,5270,4540,8680,4470,4860,76890,29.3,33230,36510,560,0,50,430,900,1890,1580,140,260,130,1220
1431,7600,19,0,Student,Tier_2,1750,0,160,940,300,460,270,410,440,90,250,5070,19.3,1470,2530,50,0,0,30,30,160,80,10,10,0,60
1432,12400,29,2,Salaried,Tier_2,3410,50,210,1360,1050,890,350,740,430,20,600,9110,11.9,1480,3290,100,0,10,40,100,310,100,20,10,0,150
1433,6000,29,0,Self-Employed,Tier_2,1650,850,130,580,360,570,230,200,260,10,340,5180,12.8,770,820,50,30,0,20,40,200,70,10,10,0,80
1434,92900,41,0,Salaried,Tier_1,14000,0,4460,11600,4280,5570,3240,2990,2000,960,4040,53140,15.5,14400,39760,420,0,130,350,430,1950,970,90,60,30,1010
1435,59700,24,0,Freelancer,Tier_2,12200,9110,1400,4530,4750,4650,830,1720,660,520,1860,42230,14.7,8780,17470,370,270,40,140,480,1630,250,50,20,20,460
1436,8700,26,0,Student,Tier_2,1500,0,180,960,540,290,370,230,190,50,290,4600,10.0,870,4100,40,0,10,30,50,100,110,10,10,0,70
1437,106100,36,1,Salaried,Tier_1,22670,8320,3330,11450,8300,9220,2190,6860,1450,290,5920,80000,30.1,31940,26100,680,250,100,340,830,3230,660,210,40,10,1480
1438,45800,30,1,Business Owner,Tier_3,6580,0,1930,3110,2710,3090,1530,2660,2530,600,2540,27280,32.4,14840,18520,200,0,60,90,270,1080,460,80,80,20,640
1439,40700,30,1,Salaried,Tier_2,12020,0,1830,3020,2910,3260,920,1750,710,680,1520,28620,14.2,5780,12080,360,0,50,90,290,1140,280,50,20,20,380
1440,76300,65,1,Retired,Tier_2,11000,14300,2810,10700,5300,6290,2950,2430,1370,1200,1530,59880,19.8,15110,16420,330,430,80,320,530,2200,880,70,40,40,380
1441,52400,38,2,Salaried,Tier_1,11790,0,2360,5140,3730,3590,1410,3440,2140,700,2290,36590,11.0,5760,15810,350,0,70,150,370,1260,420,100,60,20,570
1442,21600,30,1,Salaried,Tier_1,5660,0,660,2330,780,1330,250,1210,1280,260,770,14530,14.6,3150,7070,170,0,20,70,80,470,80,40,40,10,190
1443,94600,19,1,Self-Employed,Tier_1,19970,0,3200,14250,6400,7520,2390,6100,4900,910,2500,68140,20.9,19770,26460,600,0,100,430,640,2630,720,180,150,30,620
1444,67000,29,3,Self-Employed,Tier_1,18100,8170,2470,11260,3180,2480,1190,2360,2580,140,2720,54650,27.6,18490,12350,540,250,70,340,320,870,360,70,80,0,680
1445,45400,30,1,Business Owner,Tier_1,11750,0,1130,5460,2310,2170,1450,1790,2680,210,1780,30730,23.2,10530,14670,350,0,30,160,230,760,440,50,80,10,440
1446,8100,18,0,Student,Tier_1,1940,0,220,720,270,540,340,430,160,40,460,5120,10.4,840,2980,60,0,10,20,30,190,100,10,0,0,120
1447,84000,48,0,Salaried,Tier_2,20960,2490,2620,11500,4680,6140,1560,4270,3790,730,2490,61230,26.3,22090,22770,630,70,80,340,470,2150,470,130,110,20,620
1448,80500,29,1,Salaried,Tier_2,16620,2720,3550,6220,5630,2390,2010,4580,2330,230,1800,48080,17.2,13850,32420,500,80,110,190,560,840,600,140,70,10,450
1449,93300,19,3,Self-Employed,Tier_1,24200,0,1710,14780,5050,5830,2880,4530,2950,160,2670,64760,13.5,12600,28540,730,0,50,440,500,2040,860,140,90,0,670
1450,74100,19,1,Freelancer,Tier_1,13650,2570,1650,10800,6610,4030,3630,2490,2550,760,4330,53070,19.1,14150,21030,410,80,50,320,660,1410,1090,70,80,20,1080
1451,33500,58,2,Retired,Tier_1,7240,1070,540,4750,2270,800,560,1170,640,540,1050,20630,18.1,6060,12870,220,30,20,140,230,280,170,40,20,20,260
1452,6000,34,3,Business Owner,Tier_2,1120,740,70,600,510,570,100,410,400,10,140,4670,18.9,1130,1330,30,20,0,20,50,200,30,10,10,0,40
1453,35500,38,2,Salaried,Tier_2,7360,0,1180,3730,1480,920,550,1470,1080,350,1860,19980,31.2,11080,15520,220,0,40,110,150,320,160,40,30,10,460
1454,152900,28,3,Salaried,Tier_1,38680,8450,4860,17330,11230,5670,4350,7300,4740,110,8830,111550,30.6,46790,41350,1160,250,150,520,1120,1980,1300,220,140,0,2210
1455,4500,21,0,Student,Tier_3,1290,0,150,360,290,90,60,140,250,60,250,2940,23.3,1050,1560,40,0,0,10,30,30,20,0,10,0,60
1456,7400,41,0,Business Owner,Tier_3,1390,0,250,970,540,430,240,380,180,130,210,4720,10.1,750,2680,40,0,10,30,50,150,70,10,10,0,50
1457,66500,23,0,Salaried,Tier_2,18210,0,1500,9040,3360,1730,2540,1750,2780,530,2890,44330,8.1,5390,22170,550,0,40,270,340,610,760,50,80,20,720
1458,89300,33,1,Salaried,Tier_1,20700,0,3810,9330,3820,1920,1270,5050,2670,1460,2760,52790,20.8,18570,36510,620,0,110,280,380,670,380,150,80,40,690
1459,8100,18,0,Student,Tier_1,1570,0,360,1090,370,510,270,460,290,0,470,5390,14.7,1190,2710,50,0,10,30,40,180,80,10,10,0,120
1460,8100,23,1,Salaried,Tier_1,1430,1120,390,570,650,170,140,440,280,30,180,5400,25.4,2060,2700,40,30,10,20,60,60,40,10,10,0,40
1461,64600,41,1,Salaried,Tier_2,12470,4720,1700,4710,3190,3080,1650,2200,910,3420,3750,41800,18.8,12140,22800,370,140,50,140,320,1080,500,70,30,100,940
1462,87100,31,0,Self-Employed,Tier_3,18590,0,1750,5710,2680,6840,2280,2110,5170,1440,3330,49900,20.7,18030,37200,560,0,50,170,270,2390,680,60,160,40,830
1463,109100,50,0,Business Owner,Tier_2,19180,0,1970,15190,3520,7460,1570,6040,3500,1130,5490,65050,30.5,33280,44050,580,0,60,460,350,2610,470,180,100,30,1370
1464,48800,74,2,Retired,Tier_1,10110,0,1360,4430,2150,3240,1080,2410,1720,620,1640,28760,33.4,16300,20040,300,0,40,130,220,1130,320,70,50,20,410
1465,55500,42,0,Salaried,Tier_3,13920,0,2570,7220,4190,2320,2100,2410,1050,630,3290,39700,13.8,7660,15800,420,0,80,220,420,810,630,70,30,20,820
1466,107300,33,0,Salaried,Tier_1,19620,0,2380,10110,9100,4200,3200,5250,6060,380,5350,65650,23.1,24790,41650,590,0,70,300,910,1470,960,160,180,10,1340
1467,6000,27,3,Salaried,Tier_2,1390,1140,220,680,340,160,230,440,430,30,170,5230,11.4,680,770,40,30,10,20,30,60,70,10,10,0,40
1468,16600,19,3,Freelancer,Tier_3,2290,0,710,2000,620,1360,250,520,230,210,720,8910,24.5,4070,7690,70,0,20,60,60,480,80,20,10,10,180
1469,19900,20,0,Student,Tier_1,4590,0,430,2750,1370,900,200,1090,800,90,920,13140,20.8,4140,6760,140,0,10,80,140,320,60,30,20,0,230
1470,54500,46,0,Freelancer,Tier_1,14100,0,1250,5900,4420,1300,600,3100,1610,50,1190,33520,10.2,5560,20980,420,0,40,180,440,450,180,90,50,0,300
1471,35200,55,2,Retired,Tier_3,7930,1490,720,3270,2690,2240,1080,1040,590,980,770,22800,28.0,9860,12400,240,40,20,100,270,780,320,30,20,30,190
1472,50000,40,3,Self-Employed,Tier_2,12120,0,2330,7790,4060,3210,890,3550,850,1580,1520,37900,11.4,5700,12100,360,0,70,230,410,1120,270,110,30,50,380
1473,86800,25,0,Business Owner,Tier_3,16860,0,2130,7410,4790,6500,1310,1990,5170,850,4790,51800,8.6,7460,35000,510,0,60,220,480,2280,390,60,160,30,1200
1474,80300,32,0,Salaried,Tier_1,21550,17220,1520,5000,3320,3080,1180,3620,3240,610,2210,62550,32.7,26260,17750,650,520,50,150,330,1080,350,110,100,20,550
1475,44200,45,2,Self-Employed,Tier_1,8160,5610,560,5420,1930,1730,1050,2640,1880,4700,2010,35690,18.9,8350,8510,240,170,20,160,190,610,320,80,60,140,500
1476,59300,24,2,Salaried,Tier_1,15150,0,990,5150,2440,3740,2400,2090,3040,300,3470,38770,29.6,17550,20530,450,0,30,150,240,1310,720,60,90,10,870
1477,11200,35,1,Business Owner,Tier_2,3130,180,460,940,370,510,380,490,310,100,260,7130,17.0,1900,4070,90,10,10,30,40,180,110,10,10,0,60
1478,115100,25,0,Business Owner,Tier_2,17270,0,3360,12520,4640,6210,1600,3000,5260,550,4100,58510,14.4,16570,56590,520,0,100,380,460,2170,480,90,160,20,1020
1479,18000,19,4,Salaried,Tier_1,2570,580,410,1990,1120,370,630,800,970,180,710,10330,28.8,5180,7670,80,20,10,60,110,130,190,20,30,10,180
1480,141100,35,0,Business Owner,Tier_3,24950,0,4600,15730,5470,11920,2930,3300,1870,1720,8400,80890,34.0,47970,60210,750,0,140,470,550,4170,880,100,60,50,2100
1481,87600,19,0,Salaried,Tier_1,29460,8920,2390,5980,4550,5160,3430,2310,1790,1260,3650,68900,17.8,15590,18700,880,270,70,180,460,1810,1030,70,50,40,910
1482,43600,60,0,Retired,Tier_1,11770,1340,1250,5970,3500,1390,630,2420,1920,410,1230,31830,12.6,5490,11770,350,40,40,180,350,490,190,70,60,10,310
1483,60500,50,1,Salaried,Tier_2,7330,8210,2650,6800,2310,3200,2610,1490,2880,1160,2690,41330,19.6,11860,19170,220,250,80,200,230,1120,780,40,90,30,670
1484,11200,20,0,Student,Tier_2,2720,0,540,1460,360,310,250,460,260,30,420,6810,12.7,1420,4390,80,0,20,40,40,110,80,10,10,0,100
1485,282500,25,0,Business Owner,Tier_1,53060,2380,11250,28900,8520,28240,10390,13370,15210,3250,7880,182450,20.3,57350,100050,1590,70,340,870,850,9880,3120,400,460,100,1970
1486,95400,50,1,Freelancer,Tier_2,26410,14890,1800,9660,8010,4750,2430,4360,4770,520,2860,80460,31.2,29760,14940,790,450,50,290,800,1660,730,130,140,20,720
1487,195100,53,1,Salaried,Tier_1,37580,19930,2190,21860,9250,13930,6260,5060,9790,2220,7080,135150,11.9,23220,59950,1130,600,70,660,920,4880,1880,150,290,70,1770
1488,11000,21,0,Student,Tier_3,1950,0,380,1370,740,970,290,540,540,20,590,7390,27.1,2980,3610,60,0,10,40,70,340,90,20,20,0,150
1489,78900,32,0,Salaried,Tier_2,16610,9520,3890,8820,5380,2880,3700,3910,4560,1210,2540,63020,34.9,27540,15880,500,290,120,260,540,1010,1110,120,140,40,640
1490,70900,21,2,Salaried,Tier_1,21110,1360,3300,10040,5600,3000,2650,4390,2730,900,2980,58060,12.8,9080,12840,630,40,100,300,560,1050,800,130,80,30,740
1491,123400,22,2,Salaried,Tier_1,41650,21780,3870,17720,3750,9030,3560,7650,4520,1780,6660,121970,16.4,20240,1430,1250,650,120,530,380,3160,1070,230,140,50,1660
1492,25500,22,0,Student,Tier_1,5080,0,860,1900,1260,1930,830,960,820,280,1510,15430,10.4,2650,10070,150,0,30,60,130,680,250,30,20,10,380
1493,65000,31,3,Business Owner,Tier_3,16680,6690,3180,7690,2930,5750,2430,1890,2370,640,3850,54100,30.9,20080,10900,500,200,100,230,290,2010,730,60,70,20,960
1494,6000,62,1,Retired,Tier_2,920,0,110,760,390,280,60,260,150,50,300,3280,11.5,690,2720,30,0,0,20,40,100,20,10,0,0,80
1495,81800,20,1,Self-Employed,Tier_2,13950,0,3240,10590,6040,5900,3290,3460,4790,1250,2050,54560,10.8,8830,27240,420,0,100,320,600,2060,990,100,140,40,510
1496,20500,20,0,Student,Tier_1,5700,0,930,2340,1700,620,500,940,1170,320,830,15050,21.8,4470,5450,170,0,30,70,170,220,150,30,40,10,210
1497,68500,19,1,Salaried,Tier_3,13100,0,2640,9740,2090,1390,1330,3220,3020,1210,3700,41440,33.5,22950,27060,390,0,80,290,210,490,400,100,90,40,920
1498,240800,32,3,Business Owner,Tier_1,38730,0,6760,31810,19190,20820,3710,13620,16810,8230,7050,166730,28.8,69350,74070,1160,0,200,950,1920,7290,1110,410,500,250,1760
1499,50200,25,2,Freelancer,Tier_3,12650,0,1670,7780,2140,3150,1160,2620,2650,510,1110,35440,29.9,15010,14760,380,0,50,230,210,1100,350,80,80,20,280
1500,62300,23,2,Business Owner,Tier_2,15010,4520,2280,8950,2140,3990,1390,3830,4300,760,2460,49630,33.8,21060,12670,450,140,70,270,210,1400,420,110,130,20,620
1501,42100,44,1,Salaried,Tier_3,12310,0,1970,5040,1750,2780,1500,910,1610,1100,1830,30800,12.0,5050,11300,370,0,60,150,180,970,450,30,50,30,460
1502,95000,33,1,Salaried,Tier_2,27710,0,3860,12130,4130,6990,4610,5870,4530,4480,2640,76950,20.4,19380,18050,830,0,120,360,410,2450,1380,180,140,130,660
1503,82100,28,1,Salaried,Tier_2,12160,0,1000,6310,3090,3180,2420,2810,4400,490,1750,37610,14.6,11990,44490,360,0,30,190,310,1110,730,80,130,10,440
1504,210000,24,0,Salaried,Tier_1,46850,21730,2720,19620,10200,17970,8760,8930,10490,3020,5130,155420,12.3,25830,54580,1410,650,80,590,1020,6290,2630,270,310,90,1280
1505,74300,41,1,Self-Employed,Tier_1,21520,0,3250,6900,4180,4310,3440,2150,1400,8720,3420,59290,25.7,19100,15010,650,0,100,210,420,1510,1030,60,40,260,860
1506,104100,31,2,Business Owner,Tier_1,22330,18580,2460,10460,3910,6070,3980,4490,4220,6090,4330,86920,29.7,30920,17180,670,560,70,310,390,2120,1190,130,130,180,1080
1507,63900,26,1,Salaried,Tier_3,19010,8110,2170,5590,5070,1440,1970,3300,3540,460,2240,52900,25.8,16490,11000,570,240,70,170,510,500,590,100,110,10,560
1508,41000,54,0,Freelancer,Tier_1,6930,0,1020,3570,1290,1120,1680,880,1730,680,860,19760,27.5,11280,21240,210,0,30,110,130,390,500,30,50,20,220
1509,26200,63,1,Retired,Tier_2,5200,2740,430,1960,1070,660,940,1340,1350,2570,1140,19400,25.2,6600,6800,160,80,10,60,110,230,280,40,40,80,280
1510,104300,30,3,Freelancer,Tier_2,14630,0,1980,12730,4130,8800,1220,2870,4910,1660,4220,57150,25.6,26700,47150,440,0,60,380,410,3080,370,90,150,50,1060
1511,79400,30,1,Salaried,Tier_1,25570,13790,3620,11550,2680,2660,1300,3980,4420,7120,1670,78360,10.1,8020,1040,770,410,110,350,270,930,390,120,130,210,420
1512,32700,61,1,Retired,Tier_2,5830,5330,680,3270,2640,1610,1230,730,1110,3260,1000,26690,12.2,3990,6010,170,160,20,100,260,560,370,20,30,100,250
1513,71100,44,2,Business Owner,Tier_3,14490,3920,2120,10930,3250,4340,3020,3960,1950,2710,2750,53440,28.9,20550,17660,430,120,60,330,320,1520,910,120,60,80,690
1514,32800,42,2,Salaried,Tier_2,4850,0,1370,2700,2550,990,850,1860,1730,2980,990,20870,19.8,6490,11930,150,0,40,80,260,350,260,60,50,90,250
1515,94700,33,0,Salaried,Tier_1,13720,0,3660,9790,2900,3230,3560,5540,2850,520,3680,49450,31.5,29830,45250,410,0,110,290,290,1130,1070,170,90,20,920
1516,53600,42,2,Freelancer,Tier_2,8960,6560,1310,8620,3770,2090,2330,3210,890,580,3170,41490,23.0,12330,12110,270,200,40,260,380,730,700,100,30,20,790
1517,128600,38,0,Salaried,Tier_1,17780,14550,5010,11840,10590,3500,2160,5040,5460,1680,2850,80460,30.3,38970,48140,530,440,150,360,1060,1220,650,150,160,50,710
1518,59200,22,2,Salaried,Tier_1,16740,8440,1290,4580,1970,5220,810,3920,2650,0,2790,48410,9.4,5560,10790,500,250,40,140,200,1830,240,120,80,0,700
1519,107300,41,0,Salaried,Tier_2,13800,8220,2310,10500,7640,9130,2060,5080,2020,160,6390,67310,12.6,13520,39990,410,250,70,320,760,3200,620,150,60,0,1600
1520,13900,19,0,Student,Tier_2,3300,0,320,1090,920,590,620,830,660,60,700,9090,17.4,2420,4810,100,0,10,30,90,210,190,20,20,0,180
1521,58600,21,0,Salaried,Tier_2,11300,1460,2410,4510,2780,5030,2430,3170,860,950,1610,36510,20.4,11950,22090,340,40,70,140,280,1760,730,100,30,30,400
1522,80200,28,1,Freelancer,Tier_2,20470,13080,3280,9960,4560,4600,3190,4850,4190,10,3300,71490,17.3,13870,8710,610,390,100,300,460,1610,960,150,130,0,820
1523,56500,20,2,Freelancer,Tier_3,14140,6420,740,5360,3770,3170,1040,3460,1760,410,1770,42040,9.2,5200,14460,420,190,20,160,380,1110,310,100,50,10,440
1524,140500,36,0,Salaried,Tier_1,32090,0,3510,11170,5440,7150,4730,3360,2220,1750,3130,74550,26.9,37790,65950,960,0,110,340,540,2500,1420,100,70,50,780
1525,39600,45,2,Salaried,Tier_2,11850,2800,750,3370,1760,3080,1050,1840,940,3890,1510,32840,26.8,10610,6760,360,80,20,100,180,1080,320,60,30,120,380
1526,87700,39,1,Business Owner,Tier_2,12860,0,1810,8310,7720,5750,4150,1930,4980,470,4650,52630,30.2,26490,35070,390,0,50,250,770,2010,1240,60,150,10,1160
1527,89400,19,1,Self-Employed,Tier_3,11760,14920,1900,13300,4050,7620,1900,3110,990,280,2670,62500,20.3,18150,26900,350,450,60,400,400,2670,570,90,30,10,670
1528,44400,22,3,Salaried,Tier_2,12360,0,1210,5320,2660,2550,1880,1860,950,670,1210,30670,20.0,8880,13730,370,0,40,160,270,890,560,60,30,20,300
1529,6000,19,0,Student,Tier_2,1220,0,130,520,270,310,130,140,140,10,270,3140,34.9,2090,2860,40,0,0,20,30,110,40,0,0,0,70
1530,251100,31,0,Business Owner,Tier_2,73640,0,9500,21750,22460,26860,8350,7540,13760,2330,5300,191490,12.1,30380,59610,2210,0,280,650,2250,9400,2500,230,410,70,1320
1531,70500,33,1,Salaried,Tier_3,18460,0,1040,9970,6270,3430,2970,1940,1270,7800,3860,57010,9.7,6840,13490,550,0,30,300,630,1200,890,60,40,230,960
1532,14000,19,0,Student,Tier_2,2260,0,210,990,950,570,280,400,450,170,730,7010,32.7,4580,6990,70,0,10,30,100,200,80,10,10,10,180
1533,45700,43,2,Business Owner,Tier_3,8930,8660,1920,3630,3090,1900,1730,2100,2780,460,1810,37010,28.5,13020,8690,270,260,60,110,310,660,520,60,80,10,450
1534,123100,27,3,Salaried,Tier_1,32850,13830,3760,13760,6300,5270,5330,3540,8630,370,6670,100310,26.4,32500,22790,990,410,110,410,630,1840,1600,110,260,10,1670
1535,38500,54,0,Salaried,Tier_1,5640,7840,1670,4200,2060,3260,1320,1940,720,350,1010,30010,26.7,10280,8490,170,240,50,130,210,1140,400,60,20,10,250
1536,61000,32,2,Self-Employed,Tier_1,11200,9050,2600,7300,5000,3820,2540,3550,1300,5460,3460,55280,13.6,8300,5720,340,270,80,220,500,1340,760,110,40,160,860
1537,115100,26,2,Salaried,Tier_1,28870,0,5500,15510,8820,3800,1810,5140,3860,60,3420,76790,8.2,9440,38310,870,0,160,470,880,1330,540,150,120,0,860
1538,30500,55,0,Retired,Tier_2,5890,0,580,2370,2080,1350,1370,1530,1760,390,1200,18520,17.2,5250,11980,180,0,20,70,210,470,410,50,50,10,300
1539,22500,35,0,Salaried,Tier_1,5210,0,920,1450,1120,980,550,980,470,380,1150,13210,14.0,3150,9290,160,0,30,40,110,340,160,30,10,10,290
1540,122200,38,2,Business Owner,Tier_3,18250,0,4950,19520,6090,6400,5660,5790,6570,10270,3530,87030,23.6,28840,35170,550,0,150,590,610,2240,1700,170,200,310,880
1541,52800,29,1,Salaried,Tier_3,15570,6240,2540,5060,3430,3410,2350,2050,2410,1480,1880,46420,29.2,15420,6380,470,190,80,150,340,1190,700,60,70,40,470
1542,32100,21,0,Student,Tier_1,9390,0,1280,2460,2330,2040,410,1530,780,350,1090,21660,20.6,6610,10440,280,0,40,70,230,710,120,50,20,10,270
1543,203100,28,0,Business Owner,Tier_1,41180,37550,7530,16720,8040,9560,6000,4260,7670,1180,4540,144230,11.5,23360,58870,1240,1130,230,500,800,3350,1800,130,230,40,1140
1544,93900,46,3,Business Owner,Tier_1,26980,10420,1280,14060,3630,4020,2280,4890,1470,10040,3940,83010,35.0,32860,10890,810,310,40,420,360,1410,680,150,40,300,980
1545,75000,43,1,Salaried,Tier_2,14450,0,2660,7780,3000,5530,960,2650,2350,5470,3480,48330,17.9,13420,26670,430,0,80,230,300,1940,290,80,70,160,870
1546,55900,44,2,Business Owner,Tier_2,12860,4560,1380,8510,2760,4390,2100,2300,2470,4240,2110,47680,16.1,9000,8220,390,140,40,260,280,1540,630,70,70,130,530
1547,19700,45,0,Salaried,Tier_3,4810,0,870,2600,760,1680,940,1100,960,230,790,14740,28.9,5690,4960,140,0,30,80,80,590,280,30,30,10,200
1548,74800,28,1,Salaried,Tier_2,11470,0,3460,8020,5430,3170,930,2280,4000,900,2910,42570,18.4,13760,32230,340,0,100,240,540,1110,280,70,120,30,730
1549,136300,37,3,Business Owner,Tier_1,39370,0,2680,19920,4840,5200,6770,9320,4100,12050,3670,107920,13.4,18260,28380,1180,0,80,600,480,1820,2030,280,120,360,920
1550,8200,28,0,Freelancer,Tier_1,1560,320,320,1030,690,370,350,220,280,50,350,5540,27.1,2220,2660,50,10,10,30,70,130,100,10,10,0,90
1551,85600,28,0,Salaried,Tier_3,12640,5700,880,8930,5620,7430,3530,2410,2150,1480,5060,55830,15.1,12930,29770,380,170,30,270,560,2600,1060,70,60,40,1260
1552,114800,50,2,Self-Employed,Tier_1,32280,0,3110,12420,4720,5060,4910,3280,2110,50,3060,71000,10.3,11820,43800,970,0,90,370,470,1770,1470,100,60,0,760
1553,234100,40,2,Business Owner,Tier_1,62260,48970,2820,28130,14440,7000,5900,9910,13710,4430,5780,203350,23.5,55010,30750,1870,1470,80,840,1440,2450,1770,300,410,130,1440
1554,78100,41,2,Business Owner,Tier_3,14890,0,3330,6940,4420,2870,3160,5000,3740,4580,4660,53590,34.3,26790,24510,450,0,100,210,440,1000,950,150,110,140,1160
1555,196900,44,2,Business Owner,Tier_2,26900,0,5960,27640,9340,10040,8800,5590,10530,2770,4120,111690,32.0,63010,85210,810,0,180,830,930,3510,2640,170,320,80,1030
1556,73900,35,1,Salaried,Tier_3,12270,8440,3010,6990,5880,4040,1760,3840,2230,7620,2840,58920,14.1,10420,14980,370,250,90,210,590,1410,530,120,70,230,710
1557,70600,36,2,Freelancer,Tier_2,9450,0,3110,9790,5380,2970,3220,4110,4820,8230,4110,55190,28.5,20120,15410,280,0,90,290,540,1040,970,120,140,250,1030
1558,75900,21,1,Self-Employed,Tier_1,17730,230,2560,6760,6440,7320,3700,2940,3300,1180,1930,54090,28.7,21780,21810,530,10,80,200,640,2560,1110,90,100,40,480
1559,51700,38,1,Salaried,Tier_2,10810,10390,1080,3570,2860,1940,960,1600,640,4670,1730,40250,22.4,11580,11450,320,310,30,110,290,680,290,50,20,140,430
1560,9100,22,0,Self-Employed,Tier_1,2430,0,180,790,670,860,270,230,480,50,380,6340,26.7,2430,2760,70,0,10,20,70,300,80,10,10,0,100
1561,37700,29,2,Business Owner,Tier_2,10590,7920,1560,6000,3210,2550,630,2190,1370,370,2120,38510,22.8,8600,-810,320,240,50,180,320,890,190,70,40,10,530
1562,64200,52,0,Self-Employed,Tier_1,12060,240,1300,5060,2910,3500,1440,2370,3210,600,3180,35870,33.5,21510,28330,360,10,40,150,290,1220,430,70,100,20,800
1563,122000,29,1,Salaried,Tier_1,21100,11870,3170,9190,6280,5020,3720,3220,6430,3700,2830,76530,19.9,24280,45470,630,360,100,280,630,1760,1120,100,190,110,710
1564,6000,35,1,Self-Employed,Tier_2,1300,0,130,860,490,590,80,260,120,540,130,4500,17.0,1020,1500,40,0,0,30,50,210,20,10,0,20,30
1565,65300,27,2,Salaried,Tier_2,10740,7280,1320,9690,5010,5170,1260,2880,4500,950,1820,50620,31.7,20700,14680,320,220,40,290,500,1810,380,90,140,30,460
1566,294500,50,0,Business Owner,Tier_2,54110,0,7940,17880,26370,28130,4040,17140,12420,730,11740,180500,12.0,35340,114000,1620,0,240,540,2640,9850,1210,510,370,20,2940
1567,66200,37,0,Salaried,Tier_2,18160,14070,1840,8590,2810,5020,1280,2300,3260,70,2860,60260,30.6,20260,5940,540,420,60,260,280,1760,380,70,100,0,720
1568,68200,39,1,Business Owner,Tier_1,17510,6100,3190,6540,4270,2040,1810,3520,1690,1090,3470,51230,8.5,5800,16970,530,180,100,200,430,710,540,110,50,30,870
1569,124400,33,2,Salaried,Tier_2,30400,0,3670,15240,9050,7510,5600,3600,7300,8870,4260,95500,15.7,19530,28900,910,0,110,460,900,2630,1680,110,220,270,1060
1570,128500,19,1,Business Owner,Tier_2,32580,19700,5620,16080,6580,7780,3720,3710,1440,30,4700,101940,33.1,42530,26560,980,590,170,480,660,2720,1120,110,40,0,1180
1571,8800,20,0,Student,Tier_3,1970,0,330,750,360,370,130,320,180,40,230,4680,15.5,1360,4120,60,0,10,20,40,130,40,10,10,0,60
1572,86300,30,0,Business Owner,Tier_2,10550,10560,4130,6040,6280,4130,3130,3270,4970,1150,2550,56760,31.1,26840,29540,320,320,120,180,630,1450,940,100,150,30,640
1573,7200,22,0,Student,Tier_3,1090,0,260,940,320,500,290,370,390,120,200,4480,13.8,990,2720,30,0,10,30,30,180,90,10,10,0,50
1574,73300,49,0,Salaried,Tier_2,15290,16020,1100,5620,6240,3590,1690,2270,2410,940,1750,56920,10.2,7480,16380,460,480,30,170,620,1260,510,70,70,30,440
1575,159600,30,0,Self-Employed,Tier_1,53730,0,4930,17170,5490,13500,1610,7840,2560,2840,3950,113620,16.1,25700,45980,1610,0,150,520,550,4720,480,240,80,90,990
1576,74500,19,1,Salaried,Tier_1,19260,8270,920,8540,3860,3070,2920,2580,4500,290,3670,57880,28.8,21460,16620,580,250,30,260,390,1070,880,80,140,10,920
1577,63800,28,0,Self-Employed,Tier_2,15340,0,2070,8110,4700,3990,780,2710,3470,730,2150,44050,12.7,8100,19750,460,0,60,240,470,1400,230,80,100,20,540
1578,13700,21,0,Student,Tier_1,4030,0,450,1460,920,910,360,280,510,90,670,9680,13.5,1850,4020,120,0,10,40,90,320,110,10,20,0,170
1579,40400,60,0,Retired,Tier_3,9710,0,580,4740,3220,1340,2010,1570,2080,540,2170,27960,8.6,3470,12440,290,0,20,140,320,470,600,50,60,20,540
1580,89900,37,1,Salaried,Tier_1,20160,0,3650,11660,7760,3210,1030,5050,4830,1140,3850,62340,32.0,28770,27560,600,0,110,350,780,1120,310,150,140,30,960
1581,75300,33,2,Self-Employed,Tier_1,23880,0,1280,8100,2530,4810,1620,4760,4420,3570,2840,57810,19.5,14680,17490,720,0,40,240,250,1680,490,140,130,110,710
1582,91100,23,3,Salaried,Tier_2,12620,20000,1900,11090,4650,7300,3850,3140,3020,220,2370,70160,13.0,11840,20940,380,600,60,330,460,2560,1160,90,90,10,590
1583,102300,62,2,Retired,Tier_1,19530,3870,4810,16160,4440,2120,4750,5980,7110,850,5220,74840,15.0,15340,27460,590,120,140,480,440,740,1420,180,210,30,1300
1584,31200,34,2,Freelancer,Tier_2,7930,2530,470,4220,1310,2280,1030,2150,470,2990,1670,27050,31.8,9920,4150,240,80,10,130,130,800,310,60,10,90,420
1585,81200,33,0,Salaried,Tier_3,16940,4120,4040,5710,5030,3640,2110,4140,3940,340,2080,52090,29.2,23710,29110,510,120,120,170,500,1270,630,120,120,10,520
1586,65000,31,0,Freelancer,Tier_1,19870,10260,2790,7710,4740,1540,2060,2820,1110,240,3730,56870,8.9,5780,8130,600,310,80,230,470,540,620,80,30,10,930
1587,193400,27,1,Business Owner,Tier_1,54020,0,6090,26080,8250,9210,5020,10580,2950,1250,7630,131080,22.8,44100,62320,1620,0,180,780,820,3220,1510,320,90,40,1910
1588,13700,21,0,Student,Tier_1,4030,0,200,1860,880,640,150,810,570,70,740,9950,17.6,2410,3750,120,0,10,60,90,220,40,20,20,0,180
1589,35900,39,2,Salaried,Tier_3,5320,2290,820,4870,2430,1850,1290,2480,1670,340,1240,24600,13.5,4850,11300,160,70,20,150,240,650,390,70,50,10,310
1590,125000,23,2,Business Owner,Tier_1,18230,0,4320,15740,10600,10110,3840,4160,2980,1560,2610,74150,12.5,15620,50850,550,0,130,470,1060,3540,1150,120,90,50,650
1591,203100,20,0,Self-Employed,Tier_1,56660,0,3070,12380,11410,19840,8010,8320,8510,2810,7340,138350,20.4,41430,64750,1700,0,90,370,1140,6940,2400,250,260,80,1840
1592,50500,55,2,Retired,Tier_2,11150,3980,1750,7690,1520,2880,880,1520,1960,1020,1220,35570,17.5,8840,14930,330,120,50,230,150,1010,260,50,60,30,300
1593,57400,22,1,Business Owner,Tier_1,19630,0,1960,6770,4880,2770,1040,2640,1610,770,2100,44170,19.8,11370,13230,590,0,60,200,490,970,310,80,50,20,520
1594,104500,37,1,Business Owner,Tier_1,14760,3370,4420,10990,4410,8400,1970,5610,2080,1380,4840,62230,20.5,21420,42270,440,100,130,330,440,2940,590,170,60,40,1210
1595,145700,34,2,Business Owner,Tier_3,24510,6850,7170,15900,7790,13250,4840,3610,1780,9590,5420,100710,27.4,39920,44990,740,210,220,480,780,4640,1450,110,50,290,1360
1596,129100,39,4,Business Owner,Tier_2,33360,0,4530,12920,7510,6970,3170,9810,2480,15360,6690,102800,29.2,37700,26300,1000,0,140,390,750,2440,950,290,70,460,1670
1597,123100,41,1,Self-Employed,Tier_1,36640,17790,3030,18080,4490,5910,4930,6990,6090,930,7200,112080,30.6,37670,11020,1100,530,90,540,450,2070,1480,210,180,30,1800
1598,71500,39,4,Salaried,Tier_2,18500,14030,2750,6650,6190,1580,1660,3540,5280,750,1980,62910,22.6,16160,8590,560,420,80,200,620,550,500,110,160,20,500
1599,20800,18,0,Student,Tier_2,4160,0,430,1320,1650,1160,720,830,620,280,460,11630,14.5,3020,9170,120,0,10,40,160,410,220,20,20,10,120
1600,35300,28,0,Self-Employed,Tier_2,9330,7400,590,4750,1690,3440,860,1450,1400,110,860,31880,30.1,10630,3420,280,220,20,140,170,1200,260,40,40,0,220
1601,233900,39,0,Business Owner,Tier_1,48260,15970,8160,21180,7030,11500,9850,6660,7040,1860,8980,146490,27.8,65020,87410,1450,480,240,640,700,4020,2960,200,210,60,2240
1602,39800,38,2,Self-Employed,Tier_2,7200,8620,780,4890,2820,3290,1960,1940,1410,2400,2270,37580,9.9,3940,2220,220,260,20,150,280,1150,590,60,40,70,570
1603,111200,52,2,Self-Employed,Tier_2,15970,13300,4290,14570,3340,10280,3410,4210,1290,11510,2970,85140,17.1,19020,26060,480,400,130,440,330,3600,1020,130,40,350,740
1604,62600,42,0,Freelancer,Tier_1,9040,0,1360,5530,3630,5470,860,2190,800,840,2890,32610,10.4,6510,29990,270,0,40,170,360,1910,260,70,20,30,720
1605,22400,28,1,Salaried,Tier_2,6220,1660,740,2750,1670,1380,970,1040,890,30,840,18190,25.8,5780,4210,190,50,20,80,170,480,290,30,30,0,210
1606,94500,44,2,Salaried,Tier_1,17030,0,4100,14980,6000,6620,3900,6300,3100,5560,5340,72930,10.7,10110,21570,510,0,120,450,600,2320,1170,190,90,170,1340
1607,138300,28,1,Salaried,Tier_1,29190,29260,1620,19380,11280,10590,1610,3300,8900,530,7590,123250,10.0,13830,15050,880,880,50,580,1130,3710,480,100,270,20,1900
1608,16900,19,0,Student,Tier_2,3210,0,640,2230,1500,1410,700,840,780,200,960,12470,34.9,5900,4430,100,0,20,70,150,490,210,30,20,10,240
1609,41500,43,2,Self-Employed,Tier_3,5800,5060,490,5370,2590,4130,1520,1220,2090,3210,1210,32690,26.3,10910,8810,170,150,10,160,260,1450,460,40,60,100,300
1610,7400,36,2,Freelancer,Tier_3,1850,220,200,620,270,300,270,380,320,610,360,5400,34.9,2580,2000,60,10,10,20,30,100,80,10,10,20,90
1611,12200,49,3,Freelancer,Tier_3,2350,0,590,1340,620,320,190,330,320,620,500,7180,18.9,2310,5020,70,0,20,40,60,110,60,10,10,20,120
1612,124800,29,0,Salaried,Tier_1,27740,0,3950,8240,8320,10420,2530,6510,4690,530,4620,77550,16.8,20970,47250,830,0,120,250,830,3650,760,200,140,20,1160
1613,55600,34,2,Salaried,Tier_3,14080,0,2580,4050,4430,3810,1570,2170,2040,560,2630,37920,25.2,14010,17680,420,0,80,120,440,1330,470,70,60,20,660
1614,40100,19,0,Student,Tier_1,6720,5460,430,4400,2300,3210,1440,2260,760,610,1880,29470,24.9,9980,10630,200,160,10,130,230,1120,430,70,20,20,470
1615,59700,30,1,Salaried,Tier_1,18830,3750,930,8930,3230,3160,1300,3130,3510,2290,3360,52420,11.6,6930,7280,560,110,30,270,320,1110,390,90,110,70,840
1616,87500,28,3,Freelancer,Tier_2,11840,0,2230,13180,5460,4420,3560,3510,3920,430,5040,53590,31.7,27740,33910,360,0,70,400,550,1550,1070,110,120,10,1260
1617,58400,36,0,Self-Employed,Tier_2,8660,6390,1730,6700,1910,1710,1430,3350,3360,220,2840,38300,12.0,7010,20100,260,190,50,200,190,600,430,100,100,10,710
1618,115500,29,1,Salaried,Tier_1,16750,0,4600,12700,7760,7160,5210,4750,1920,13250,2570,76670,28.9,33380,38830,500,0,140,380,780,2510,1560,140,60,400,640
1619,97600,33,0,Salaried,Tier_1,23870,0,2590,8430,8550,6210,2100,2540,1710,1270,4730,62000,8.2,8000,35600,720,0,80,250,860,2170,630,80,50,40,1180
1620,68000,38,2,Salaried,Tier_1,19600,11860,1430,9140,5300,2700,760,4430,4440,590,1970,62220,26.8,18220,5780,590,360,40,270,530,940,230,130,130,20,490
1621,92200,40,0,Freelancer,Tier_1,25880,6160,3710,6250,3400,7850,1470,2190,3190,1560,5040,66700,32.3,29780,25500,780,180,110,190,340,2750,440,70,100,50,1260
1622,6000,22,0,Self-Employed,Tier_2,1330,0,130,830,300,380,250,300,190,20,200,3930,21.6,1300,2070,40,0,0,20,30,130,80,10,10,0,50
1623,112600,42,1,Salaried,Tier_1,37690,0,4500,16950,8940,3430,2530,6070,2000,4350,3720,90180,9.8,11030,22420,1130,0,140,510,890,1200,760,180,60,130,930
1624,61800,38,0,Self-Employed,Tier_2,7930,3390,1450,4850,4580,2450,3000,1630,3670,490,2400,35840,18.3,11310,25960,240,100,40,150,460,860,900,50,110,10,600
1625,53800,42,2,Salaried,Tier_1,8300,0,660,6100,2280,3650,2310,3040,1840,2320,1480,31980,18.0,9680,21820,250,0,20,180,230,1280,690,90,60,70,370
1626,228000,34,2,Business Owner,Tier_1,65060,47180,4620,36070,9850,17640,3390,13810,3720,3780,7800,212920,24.0,54720,15080,1950,1420,140,1080,980,6170,1020,410,110,110,1950
1627,39300,23,0,Student,Tier_1,10270,0,1150,4910,2790,1780,750,1170,940,410,1490,25660,24.8,9750,13640,310,0,30,150,280,620,220,40,30,10,370
1628,46800,47,2,Freelancer,Tier_2,10670,5110,1850,5610,2400,2740,1240,1240,1980,2850,2500,38190,20.9,9780,8610,320,150,60,170,240,960,370,40,60,90,620
1629,49900,19,3,Salaried,Tier_3,9280,6490,1500,4980,2860,4410,940,1550,3410,520,1090,37030,32.8,16370,12870,280,190,40,150,290,1540,280,50,100,20,270
1630,67900,41,4,Salaried,Tier_1,13440,0,1000,7620,5870,4860,3130,2580,2670,3780,2610,47560,27.5,18670,20340,400,0,30,230,590,1700,940,80,80,110,650
1631,104200,45,2,Self-Employed,Tier_1,30820,9220,1060,16600,5490,8780,1720,7220,6360,230,6110,93610,29.3,30530,10590,920,280,30,500,550,3070,520,220,190,10,1530
1632,198800,19,0,Business Owner,Tier_1,49540,0,8270,24060,7560,9140,8270,8740,3950,40,6360,125930,29.0,57650,72870,1490,0,250,720,760,3200,2480,260,120,0,1590
1633,84600,24,0,Business Owner,Tier_3,23860,0,4120,5300,3920,4530,1630,2310,1910,1390,2390,51360,17.2,14550,33240,720,0,120,160,390,1590,490,70,60,40,600
1634,102200,43,0,Freelancer,Tier_1,32300,9740,1420,14040,4180,2250,2610,3000,3870,160,5140,78710,8.5,8690,23490,970,290,40,420,420,790,780,90,120,0,1280
1635,115200,41,1,Self-Employed,Tier_2,15550,0,2710,10940,5950,12300,3700,5600,3560,12880,3070,76260,24.8,28570,38940,470,0,80,330,600,4300,1110,170,110,390,770
1636,89800,40,1,Self-Employed,Tier_2,18800,0,2550,9850,5260,4920,1650,5000,3030,2250,4580,57890,10.4,9340,31910,560,0,80,300,530,1720,500,150,90,70,1140
1637,56500,28,0,Salaried,Tier_2,12430,0,2040,7000,2300,4240,2500,1560,2280,10,2960,37320,30.9,17460,19180,370,0,60,210,230,1480,750,50,70,0,740
1638,52900,37,1,Salaried,Tier_3,9280,2130,950,7870,3170,1640,690,3410,2300,80,2890,34410,22.2,11740,18490,280,60,30,240,320,570,210,100,70,0,720
1639,80500,38,0,Salaried,Tier_3,21620,0,860,10230,7150,5320,2640,1900,4750,700,3320,58490,32.9,26480,22010,650,0,30,310,720,1860,790,60,140,20,830
1640,72100,23,0,Salaried,Tier_2,16230,0,850,5370,3000,2360,1600,3390,930,660,2560,36950,23.3,16800,35150,490,0,30,160,300,830,480,100,30,20,640
1641,6700,68,0,Retired,Tier_3,1240,0,190,510,510,360,70,160,180,80,160,3460,34.1,2280,3240,40,0,10,20,50,130,20,0,10,0,40
1642,8100,36,2,Business Owner,Tier_1,2740,0,190,950,580,780,300,350,120,900,330,7240,26.2,2120,860,80,0,10,30,60,270,90,10,0,30,80
1643,4500,19,1,Self-Employed,Tier_3,1020,0,220,650,400,260,90,190,90,20,180,3120,30.7,1380,1380,30,0,10,20,40,90,30,10,0,0,40
1644,22700,36,1,Business Owner,Tier_3,3800,1670,630,2930,1210,1040,760,750,790,30,780,14390,25.0,5680,8310,110,50,20,90,120,360,230,20,20,0,200
1645,117400,26,1,Business Owner,Tier_1,22350,0,2310,12630,7750,2870,4580,5980,6010,1290,3830,69600,14.1,16550,47800,670,0,70,380,780,1000,1370,180,180,40,960
1646,145400,36,2,Business Owner,Tier_1,46160,0,7080,17200,7630,9990,2610,6970,9490,10130,3990,121250,24.4,35480,24150,1380,0,210,520,760,3500,780,210,280,300,1000
1647,137100,28,3,Salaried,Tier_2,17170,0,2520,23360,11310,3580,1380,9380,3560,2000,6620,80880,30.6,41950,56220,520,0,80,700,1130,1250,410,280,110,60,1660
1648,68000,39,1,Salaried,Tier_1,16890,9450,1850,5590,3230,3240,1440,2720,3270,8140,3950,59770,18.6,12650,8230,510,280,60,170,320,1130,430,80,100,240,990
1649,124400,37,4,Salaried,Tier_1,29390,0,4200,20130,9020,9090,2660,8640,2080,1330,3380,89920,21.2,26370,34480,880,0,130,600,900,3180,800,260,60,40,840
1650,82200,42,3,Salaried,Tier_3,24320,4740,3720,10000,5590,2810,1470,3000,5270,4210,2510,67640,13.8,11340,14560,730,140,110,300,560,980,440,90,160,130,630
1651,19400,23,3,Salaried,Tier_3,2410,0,460,2900,1330,640,220,1210,280,140,800,10390,17.0,3300,9010,70,0,10,90,130,220,70,40,10,0,200
1652,221500,36,3,Business Owner,Tier_1,36060,0,3830,35880,11950,7080,4150,6700,5320,1840,7650,120460,25.4,56260,101040,1080,0,110,1080,1200,2480,1240,200,160,60,1910
1653,227300,26,0,Self-Employed,Tier_1,50720,25030,2350,30310,13710,24150,6720,5150,2780,3280,8220,172420,25.3,57510,54880,1520,750,70,910,1370,8450,2020,150,80,100,2060
1654,97300,29,1,Salaried,Tier_1,17560,11510,3490,10020,7190,5440,1740,2150,2390,9820,3310,74620,13.8,13430,22680,530,350,100,300,720,1900,520,60,70,290,830
1655,8100,23,0,Student,Tier_1,1920,0,280,610,660,480,350,240,350,60,480,5430,14.6,1180,2670,60,0,10,20,70,170,100,10,10,0,120
1656,6000,19,0,Student,Tier_2,1790,0,190,680,500,540,200,130,360,100,130,4620,24.9,1490,1380,50,0,10,20,50,190,60,0,10,0,30
1657,38200,31,0,Salaried,Tier_1,11150,1340,1660,4280,3210,2390,1300,1720,1110,150,2230,30540,30.2,11540,7660,330,40,50,130,320,840,390,50,30,0,560
1658,56400,40,2,Salaried,Tier_1,10640,5460,2010,4540,2890,4310,2460,3410,2890,1410,1500,41520,11.2,6320,14880,320,160,60,140,290,1510,740,100,90,40,380
1659,10900,21,0,Student,Tier_2,1560,190,520,780,350,980,480,620,180,180,350,6190,31.6,3440,4710,50,10,20,20,40,340,140,20,10,10,90
1660,96300,36,4,Freelancer,Tier_1,17630,10940,2670,16010,6360,7890,3220,5210,6030,470,4690,81120,25.2,24270,15180,530,330,80,480,640,2760,970,160,180,10,1170
1661,106700,29,3,Salaried,Tier_2,29310,4410,3270,9400,9170,8500,3570,7240,1970,4400,5850,87090,17.9,19100,19610,880,130,100,280,920,2980,1070,220,60,130,1460
1662,88200,21,1,Self-Employed,Tier_1,12920,1040,2690,10100,6500,8430,3070,5120,2200,800,3130,56000,26.2,23110,32200,390,30,80,300,650,2950,920,150,70,20,780
1663,22300,25,1,Salaried,Tier_3,5640,4340,980,2870,1350,660,450,870,590,100,740,18590,20.0,4460,3710,170,130,30,90,140,230,140,30,20,0,180
1664,6000,22,3,Freelancer,Tier_2,1120,0,180,960,360,420,220,280,360,30,300,4230,20.2,1210,1770,30,0,10,30,40,150,70,10,10,0,80
1665,137900,23,0,Self-Employed,Tier_2,38380,3560,2580,13210,11180,11840,5860,4130,5490,1530,2850,100610,9.7,13380,37290,1150,110,80,400,1120,4140,1760,120,160,50,710
1666,56200,19,4,Salaried,Tier_1,12600,0,2630,9470,2040,2800,1010,3160,3670,670,2220,40270,12.2,6860,15930,380,0,80,280,200,980,300,90,110,20,560
1667,34100,31,4,Salaried,Tier_1,6570,0,370,3790,2620,2860,1690,1780,1980,1630,950,24240,9.7,3310,9860,200,0,10,110,260,1000,510,50,60,50,240
1668,83500,44,2,Salaried,Tier_1,12490,0,2050,10120,6460,3730,2910,3240,4990,1390,4350,51730,33.9,28310,31770,370,0,60,300,650,1310,870,100,150,40,1090
1669,63800,45,2,Salaried,Tier_2,15210,9820,2830,6900,3860,3780,2630,2530,770,1140,3170,52640,10.5,6700,11160,460,290,80,210,390,1320,790,80,20,30,790
1670,29300,40,1,Self-Employed,Tier_2,5210,1020,1030,3360,1900,1250,940,1760,1550,2170,1720,21910,31.5,9230,7390,160,30,30,100,190,440,280,50,50,70,430
1671,69300,35,0,Business Owner,Tier_2,20580,0,2480,4290,2440,3810,2880,2920,2760,120,2410,44690,13.5,9360,24610,620,0,70,130,240,1330,860,90,80,0,600
1672,115800,47,2,Salaried,Tier_1,29660,6190,3880,10050,3490,7740,2250,5700,4350,2360,5350,81020,33.7,39020,34780,890,190,120,300,350,2710,680,170,130,70,1340
1673,65500,47,0,Self-Employed,Tier_2,13990,0,1740,6300,3550,5690,1370,3520,1100,10,1920,39190,21.8,14280,26310,420,0,50,190,360,1990,410,110,30,0,480
1674,82700,33,0,Salaried,Tier_1,18480,0,930,8030,5250,6090,3360,4170,3300,650,2450,52710,24.0,19850,29990,550,0,30,240,520,2130,1010,130,100,20,610
1675,14300,41,0,Business Owner,Tier_2,3920,860,470,1210,880,1140,320,830,420,160,850,11060,23.4,3350,3240,120,30,10,40,90,400,100,20,10,0,210
1676,53000,37,0,Business Owner,Tier_1,14060,120,850,4790,4110,4650,2330,3050,2660,260,3080,39960,18.5,9800,13040,420,0,30,140,410,1630,700,90,80,10,770
1677,43600,37,0,Salaried,Tier_3,12970,1750,680,5340,1690,2900,1570,2570,1840,210,1850,33370,11.7,5100,10230,390,50,20,160,170,1010,470,80,60,10,460
1678,13100,23,0,Student,Tier_1,3640,0,400,1300,630,1070,400,430,460,10,400,8740,16.9,2210,4360,110,0,10,40,60,370,120,10,10,0,100
1679,82600,41,1,Self-Employed,Tier_2,21670,0,3470,8940,5260,2000,3760,2990,4680,200,2960,55930,28.2,23290,26670,650,0,100,270,530,700,1130,90,140,10,740
1680,256400,19,1,Business Owner,Tier_1,57370,12650,7350,24760,9340,26880,6210,15320,13840,820,5760,180300,12.1,31020,76100,1720,380,220,740,930,9410,1860,460,420,20,1440
1681,49300,64,2,Retired,Tier_2,11520,1010,2410,5020,4270,1060,1160,2000,860,1320,2720,33350,22.8,11240,15950,350,30,70,150,430,370,350,60,30,40,680
1682,102700,33,2,Salaried,Tier_1,24290,0,3940,9100,8340,6880,3870,2610,2850,380,4310,66570,8.0,8220,36130,730,0,120,270,830,2410,1160,80,90,10,1080
1683,19500,39,2,Salaried,Tier_3,2490,1560,290,1500,900,1020,850,1160,1260,200,990,12220,17.8,3470,7280,70,50,10,40,90,360,260,30,40,10,250
1684,132900,35,1,Self-Employed,Tier_1,40400,6300,6130,14400,5530,6670,5940,6470,4870,2150,6480,105340,11.3,15020,27560,1210,190,180,430,550,2330,1780,190,150,60,1620
1685,77800,46,0,Salaried,Tier_1,12990,0,2610,6460,6090,2650,2210,2440,2520,1350,2040,41360,15.7,12210,36440,390,0,80,190,610,930,660,70,80,40,510
1686,111200,30,3,Salaried,Tier_1,19390,4920,1500,12840,5710,6200,2970,3560,4510,660,2890,65150,20.3,22570,46050,580,150,40,390,570,2170,890,110,140,20,720
1687,152600,43,1,Salaried,Tier_1,35420,10540,1570,21610,7840,11050,6670,7810,5250,8930,5650,122340,8.1,12360,30260,1060,320,50,650,780,3870,2000,230,160,270,1410
1688,88600,39,1,Self-Employed,Tier_1,23210,15790,4330,8540,6890,6400,1700,4580,2060,1000,3090,77590,22.3,19760,11010,700,470,130,260,690,2240,510,140,60,30,770
1689,67000,29,4,Business Owner,Tier_2,8720,6520,1470,6330,2450,4580,760,2730,2640,2130,3350,41680,29.2,19560,25320,260,200,40,190,240,1600,230,80,80,60,840
1690,106600,33,0,Business Owner,Tier_2,27660,21250,2440,9000,6420,9530,1490,4720,2080,750,3690,89030,14.7,15670,17570,830,640,70,270,640,3340,450,140,60,20,920
1691,44700,63,2,Retired,Tier_1,14220,30,1910,6840,1660,3310,920,1970,1680,3430,1160,37130,29.2,13050,7570,430,0,60,210,170,1160,280,60,50,100,290
1692,59500,24,1,Salaried,Tier_3,10790,0,2080,6690,4210,4540,2650,3650,2660,610,2310,40190,20.1,11960,19310,320,0,60,200,420,1590,800,110,80,20,580
1693,24500,30,2,Freelancer,Tier_2,5120,3990,1190,3470,1090,1800,310,630,780,160,1300,19840,10.3,2520,4660,150,120,40,100,110,630,90,20,20,0,320
1694,115200,41,2,Salaried,Tier_2,34460,9520,4120,8320,7620,8890,4480,2900,3680,9920,5200,99110,33.1,38130,16090,1030,290,120,250,760,3110,1340,90,110,300,1300
1695,20000,20,0,Student,Tier_3,4790,0,990,2580,610,770,340,410,740,230,740,12200,25.6,5120,7800,140,0,30,80,60,270,100,10,20,10,180
1696,6000,19,0,Business Owner,Tier_2,1620,0,250,750,200,430,180,330,280,0,270,4310,33.4,2000,1690,50,0,10,20,20,150,50,10,10,0,70
1697,46300,42,1,Salaried,Tier_3,12340,680,1330,3200,1930,1370,1740,2330,1820,1920,2490,31150,26.0,12040,15150,370,20,40,100,190,480,520,70,50,60,620
1698,101400,42,0,Business Owner,Tier_2,20640,0,3070,13230,3650,7230,2750,4690,4740,1660,3270,64930,8.8,8920,36470,620,0,90,400,360,2530,820,140,140,50,820
1699,171500,29,0,Self-Employed,Tier_1,52000,25880,8510,21510,6680,9220,7310,9220,10040,1140,5080,156590,33.0,56600,14910,1560,780,260,650,670,3230,2190,280,300,30,1270
1700,31200,24,0,Freelancer,Tier_3,5720,0,760,2930,2330,2540,1210,1140,1050,200,770,18650,11.5,3590,12550,170,0,20,90,230,890,360,30,30,10,190
1701,102900,19,1,Salaried,Tier_2,21590,0,2570,15420,8820,6860,4920,5130,2820,990,3590,72710,24.3,25000,30190,650,0,80,460,880,2400,1480,150,80,30,900
1702,89900,36,2,Self-Employed,Tier_2,25220,8420,2980,7500,7070,3000,1220,3840,4090,310,3130,66780,26.3,23640,23120,760,250,90,220,710,1050,370,120,120,10,780
1703,42700,34,1,Salaried,Tier_1,9370,1250,1790,5440,2500,1550,990,1530,1440,880,1090,27830,26.2,11190,14870,280,40,50,160,250,540,300,50,40,30,270
1704,57700,33,3,Freelancer,Tier_3,13040,3690,1430,6880,3710,1820,870,3090,1010,670,2330,38540,17.1,9870,19160,390,110,40,210,370,640,260,90,30,20,580
1705,6900,19,0,Student,Tier_3,1770,0,160,950,490,380,200,370,100,40,160,4620,11.4,790,2280,50,0,0,30,50,130,60,10,0,0,40
1706,128100,19,1,Salaried,Tier_1,36120,1940,2970,12190,10430,3820,6240,3640,5660,1190,6320,90520,13.1,16780,37580,1080,60,90,370,1040,1340,1870,110,170,40,1580
1707,4500,25,1,Self-Employed,Tier_3,700,100,140,640,350,480,190,200,130,30,230,3190,14.2,640,1310,20,0,0,20,40,170,60,10,0,0,60
1708,23800,20,0,Student,Tier_2,3480,2550,950,2330,1600,1060,1040,620,1330,0,1290,16250,29.6,7040,7550,100,80,30,70,160,370,310,20,40,0,320
1709,23300,39,0,Self-Employed,Tier_3,5490,0,380,2980,1580,1040,650,1350,480,130,930,15010,25.1,5850,8290,160,0,10,90,160,360,200,40,10,0,230
1710,79100,19,1,Salaried,Tier_1,12430,17010,2090,10880,6540,2480,1380,4550,2280,460,2900,63000,12.4,9810,16100,370,510,60,330,650,870,410,140,70,10,720
1711,9000,21,0,Student,Tier_3,1350,0,300,540,720,230,250,420,190,60,510,4570,32.8,2950,4430,40,0,10,20,70,80,80,10,10,0,130
1712,20900,43,2,Freelancer,Tier_3,2700,0,870,3250,1290,1860,250,1050,1180,40,580,13070,11.6,2420,7830,80,0,30,100,130,650,80,30,40,0,140
1713,84400,39,2,Salaried,Tier_2,16200,0,980,10630,4740,5610,1130,4820,5420,2730,2340,54600,26.2,22110,29800,490,0,30,320,470,1960,340,140,160,80,580
1714,69400,30,1,Salaried,Tier_1,21070,1030,3210,8670,5740,4070,1910,3340,3250,910,2910,56110,23.3,16170,13290,630,30,100,260,570,1420,570,100,100,30,730
1715,211600,38,0,Business Owner,Tier_1,57370,0,4510,22350,17910,9880,3070,5160,2190,320,11130,133890,34.0,71940,77710,1720,0,140,670,1790,3460,920,150,70,10,2780
1716,99700,50,0,Business Owner,Tier_1,31400,9040,1610,13210,7950,9270,1120,3790,5430,270,4460,87550,21.7,21630,12150,940,270,50,400,800,3240,340,110,160,10,1120
1717,133500,25,0,Salaried,Tier_1,26640,2180,4230,12960,11530,8280,2660,4730,7260,790,5910,87170,10.7,14280,46330,800,70,130,390,1150,2900,800,140,220,20,1480
1718,21500,31,1,Salaried,Tier_3,3320,0,310,2610,1800,580,270,760,390,40,780,10860,31.7,6820,10640,100,0,10,80,180,200,80,20,10,0,200
1719,35800,34,2,Freelancer,Tier_3,9980,6910,1680,3800,3100,1910,470,1230,2040,40,920,32080,14.7,5260,3720,300,210,50,110,310,670,140,40,60,0,230
1720,70300,49,1,Freelancer,Tier_2,18730,7330,790,9250,4720,5010,2540,3450,3270,750,2910,58750,25.3,17790,11550,560,220,20,280,470,1750,760,100,100,20,730
1721,15200,22,0,Student,Tier_2,4190,0,230,960,1050,490,330,720,170,230,730,9100,31.8,4830,6100,130,0,10,30,100,170,100,20,10,10,180
1722,93700,27,0,Salaried,Tier_1,30720,5850,2670,12930,4750,3070,2240,5190,2980,1370,5580,77350,24.0,22490,16350,920,180,80,390,480,1070,670,160,90,40,1400
1723,91200,19,2,Salaried,Tier_1,26810,0,3030,9050,3750,5370,1290,4450,5260,840,2520,62370,18.3,16690,28830,800,0,90,270,380,1880,390,130,160,30,630
1724,35900,43,3,Salaried,Tier_2,9070,310,620,5790,1840,3020,1470,1300,1600,390,1550,26960,9.9,3550,8940,270,10,20,170,180,1060,440,40,50,10,390
1725,58200,30,0,Salaried,Tier_2,8990,3190,2230,6840,2950,4480,2870,3480,590,500,1180,37300,23.1,13440,20900,270,100,70,210,300,1570,860,100,20,20,300
1726,4500,19,0,Student,Tier_3,1170,0,140,520,250,330,90,260,230,70,150,3210,24.5,1100,1290,40,0,0,20,20,120,30,10,10,0,40
1727,78600,33,0,Freelancer,Tier_2,14190,0,3450,5900,2520,3370,1000,2500,3070,290,3740,40030,11.0,8650,38570,430,0,100,180,250,1180,300,80,90,10,940
1728,112700,52,3,Business Owner,Tier_3,27170,24230,4760,13180,6100,6070,3860,8070,3740,410,2550,100140,14.4,16230,12560,820,730,140,400,610,2120,1160,240,110,10,640
1729,13500,22,0,Student,Tier_3,3530,0,650,850,980,1100,580,360,560,130,350,9090,10.2,1380,4410,110,0,20,30,100,380,170,10,20,0,90
1730,44900,20,1,Salaried,Tier_3,12340,6670,1780,6210,2210,1330,1920,1110,880,610,2600,37660,19.4,8710,7240,370,200,50,190,220,470,580,30,30,20,650
1731,70600,19,1,Business Owner,Tier_2,19160,3200,3500,5220,2190,4870,1840,4500,970,550,3580,49580,29.1,20540,21020,570,100,100,160,220,1700,550,140,30,20,900
1732,126500,35,1,Self-Employed,Tier_1,35920,8290,6080,16010,8940,12790,1920,5470,3450,10720,2650,112240,10.4,13160,14260,1080,250,180,480,890,4480,580,160,100,320,660
1733,66000,22,2,Salaried,Tier_2,13510,0,2750,5770,4990,2620,2260,3000,4270,10,3070,42250,34.0,22440,23750,410,0,80,170,500,920,680,90,130,0,770
1734,63600,30,0,Salaried,Tier_2,8130,5050,2850,7910,3030,3030,800,2870,990,140,2130,36930,17.0,10810,26670,240,150,90,240,300,1060,240,90,30,0,530
1735,178000,25,2,Business Owner,Tier_2,53350,0,2690,16220,15590,10600,7910,9850,3410,270,6250,126140,29.1,51800,51860,1600,0,80,490,1560,3710,2370,300,100,10,1560
1736,133500,20,0,Business Owner,Tier_3,37800,0,3960,13090,7510,7370,1670,5340,4440,180,6890,88250,24.4,32570,45250,1130,0,120,390,750,2580,500,160,130,10,1720
1737,77100,29,1,Salaried,Tier_3,13110,0,890,7400,5030,3260,3050,3030,2960,7670,3530,49930,29.3,22590,27170,390,0,30,220,500,1140,920,90,90,230,880
1738,46100,43,2,Freelancer,Tier_1,13790,0,530,5890,3580,2040,1350,1750,1420,160,1970,32480,28.7,13230,13620,410,0,20,180,360,710,400,50,40,0,490
1739,14800,23,0,Self-Employed,Tier_1,4800,2690,500,1800,960,910,550,480,170,110,600,13570,30.9,4570,1230,140,80,20,50,100,320,160,10,10,0,150
1740,15200,20,0,Student,Tier_1,3540,0,270,1750,770,1030,360,510,320,90,480,9120,28.5,4330,6080,110,0,10,50,80,360,110,20,10,0,120
1741,52500,47,0,Salaried,Tier_2,11060,0,2570,5620,4340,3420,2410,1330,3080,100,2990,36920,28.0,14700,15580,330,0,80,170,430,1200,720,40,90,0,750
1742,8100,24,0,Salaried,Tier_1,2390,550,330,530,300,260,210,380,230,70,390,5640,32.1,2600,2460,70,20,10,20,30,90,60,10,10,0,100
1743,41600,49,1,Salaried,Tier_3,6920,2500,2010,3150,1980,3230,2020,1010,1030,2740,1610,28200,11.1,4620,13400,210,80,60,90,200,1130,610,30,30,80,400
1744,109000,43,0,Salaried,Tier_1,18590,11110,1290,9030,5190,8180,1220,3250,2770,740,4020,65390,22.3,24310,43610,560,330,40,270,520,2860,370,100,80,20,1000
1745,7500,59,2,Retired,Tier_3,980,0,140,1210,590,380,250,430,490,80,230,4780,30.7,2300,2720,30,0,0,40,60,130,80,10,10,0,60
1746,127000,31,3,Salaried,Tier_2,24980,27310,2510,12570,10010,10740,4770,8290,2340,12000,3380,118900,17.9,22730,8100,750,820,80,380,1000,3760,1430,250,70,360,840
1747,57300,48,2,Salaried,Tier_3,9670,9190,930,8710,4490,3030,640,3490,3880,710,1630,46370,11.7,6700,10930,290,280,30,260,450,1060,190,100,120,20,410
1748,78700,36,2,Salaried,Tier_2,21290,0,2800,5680,2420,2140,3110,4200,1840,7400,2710,53590,11.5,9050,25110,640,0,80,170,240,750,930,130,60,220,680
1749,114000,27,1,Salaried,Tier_2,32710,16400,5450,14760,5920,3880,2350,3130,6000,250,6080,96930,10.9,12430,17070,980,490,160,440,590,1360,700,90,180,10,1520
1750,52300,22,0,Business Owner,Tier_2,12880,6140,2300,4520,2230,4610,2610,1710,3060,380,1310,41750,25.3,13230,10550,390,180,70,140,220,1610,780,50,90,10,330
1751,111700,49,1,Salaried,Tier_2,32860,0,1970,9120,7070,6870,4810,4880,5390,1910,5530,80410,25.0,27920,31290,990,0,60,270,710,2400,1440,150,160,60,1380
1752,10500,20,0,Student,Tier_1,2530,1540,140,1210,880,810,440,360,520,160,590,9180,17.7,1860,1320,80,50,0,40,90,280,130,10,20,0,150
1753,52600,22,1,Salaried,Tier_2,8820,0,600,5350,4120,1230,540,2430,3050,870,1870,28880,22.8,11990,23720,260,0,20,160,410,430,160,70,90,30,470
1754,83300,55,0,Salaried,Tier_2,17450,0,3450,10430,5310,6930,3720,3840,2420,870,2130,56550,8.6,7160,26750,520,0,100,310,530,2430,1120,120,70,30,530
1755,78700,39,2,Freelancer,Tier_1,12370,7520,2590,12720,6400,6060,1230,4130,2070,290,3350,58730,18.7,14720,19970,370,230,80,380,640,2120,370,120,60,10,840
1756,58600,25,2,Salaried,Tier_2,9160,8840,2400,5260,3070,3830,1130,3210,3030,620,1750,42300,25.1,14710,16300,270,270,70,160,310,1340,340,100,90,20,440
1757,15100,56,0,Self-Employed,Tier_2,4330,1420,630,1510,1280,1090,590,510,750,160,750,13020,17.6,2660,2080,130,40,20,50,130,380,180,20,20,0,190
1758,4500,37,1,Business Owner,Tier_3,1130,490,200,560,370,410,120,120,100,70,260,3830,15.6,700,670,30,10,10,20,40,140,40,0,0,0,60
1759,80300,43,1,Salaried,Tier_1,26340,4780,900,9830,7120,3170,3770,2900,2460,780,3380,65430,14.2,11400,14870,790,140,30,290,710,1110,1130,90,70,20,840
1760,92300,29,1,Salaried,Tier_1,15250,14590,1520,9780,6370,6230,2170,3420,4950,1550,5450,71280,33.6,31010,21020,460,440,50,290,640,2180,650,100,150,50,1360
1761,48700,23,2,Salaried,Tier_3,11970,2330,1950,7100,4370,2530,1910,1430,1810,840,2160,38400,28.8,14030,10300,360,70,60,210,440,890,570,40,50,30,540
1762,89300,40,2,Self-Employed,Tier_1,21380,14860,1130,7820,6040,4030,4450,4230,5990,6100,4600,80630,34.2,30540,8670,640,450,30,230,600,1410,1340,130,180,180,1150
1763,9100,20,0,Student,Tier_1,1310,360,290,950,310,470,100,480,540,10,410,5230,30.7,2790,3870,40,10,10,30,30,160,30,10,20,0,100
1764,80200,37,1,Self-Employed,Tier_3,23210,13090,2460,5560,7120,3000,3020,4050,5190,880,4260,71840,26.8,21490,8360,700,390,70,170,710,1050,910,120,160,30,1060
1765,95800,42,1,Self-Employed,Tier_1,13770,13810,2790,13420,8300,3270,3200,5180,2480,2070,4200,72490,25.4,24330,23310,410,410,80,400,830,1140,960,160,70,60,1050
1766,126100,41,1,Salaried,Tier_1,33690,0,6030,9420,6510,9490,1410,3640,1460,2120,5170,78940,9.5,11980,47160,1010,0,180,280,650,3320,420,110,40,60,1290
1767,29200,38,0,Salaried,Tier_1,4100,6130,1150,2040,1260,630,810,1310,910,340,1190,19870,29.1,8500,9330,120,180,30,60,130,220,240,40,30,10,300
1768,32300,19,4,Salaried,Tier_2,5830,2110,1390,4050,2720,1530,1130,2010,700,100,1200,22770,17.2,5560,9530,170,60,40,120,270,540,340,60,20,0,300
1769,64800,27,1,Self-Employed,Tier_1,21920,3220,2080,8480,3200,1810,3120,2130,2100,120,3570,51750,15.0,9720,13050,660,100,60,250,320,630,940,60,60,0,890
1770,108700,47,0,Salaried,Tier_1,35730,0,4940,10430,9580,5530,4980,4610,5850,820,4390,86860,30.5,33150,21840,1070,0,150,310,960,1940,1490,140,180,20,1100
1771,4500,23,0,Student,Tier_3,610,0,190,430,310,400,100,110,150,20,190,2510,22.5,1010,1990,20,0,10,10,30,140,30,0,0,0,50
1772,23800,20,0,Student,Tier_1,3820,0,580,2700,1460,720,1090,1410,1410,190,490,13870,19.9,4740,9930,110,0,20,80,150,250,330,40,40,10,120
1773,51100,45,0,Salaried,Tier_2,10810,5030,1320,5440,4560,4240,2360,1310,640,890,2610,39210,33.9,17320,11890,320,150,40,160,460,1480,710,40,20,30,650
1774,159800,47,4,Business Owner,Tier_3,44810,34810,7920,15260,7180,4200,6590,8080,7450,11050,8230,155580,11.1,17740,4220,1340,1040,240,460,720,1470,1980,240,220,330,2060
1775,118300,30,2,Salaried,Tier_2,25690,18840,1190,17810,10060,9080,2190,6330,1690,13540,2510,108930,32.4,38330,9370,770,570,40,530,1010,3180,660,190,50,410,630
1776,22000,52,1,Salaried,Tier_3,4360,4530,450,3120,1450,1760,980,1240,1210,70,880,20050,9.2,2020,1950,130,140,10,90,140,620,290,40,40,0,220
1777,62500,42,2,Salaried,Tier_2,17310,430,750,5960,4090,4440,2280,4330,3960,2130,2220,47900,19.8,12380,14600,520,10,20,180,410,1550,680,130,120,60,560
1778,6000,39,0,Business Owner,Tier_2,1660,1200,270,700,470,560,240,180,170,50,220,5720,22.1,1330,280,50,40,10,20,50,200,70,10,10,0,60
1779,68000,33,1,Salaried,Tier_2,18960,9390,1360,8670,4510,3740,1150,2080,1680,4670,1580,57790,12.3,8360,10210,570,280,40,260,450,1310,340,60,50,140,400
1780,9900,46,0,Salaried,Tier_1,1620,0,110,960,790,340,480,460,100,130,570,5560,15.0,1480,4340,50,0,0,30,80,120,140,10,0,0,140
1781,43300,31,2,Freelancer,Tier_1,8360,6990,1240,5810,2310,1770,1160,2190,1080,70,1040,32020,26.5,11470,11280,250,210,40,170,230,620,350,70,30,0,260
1782,160500,27,0,Business Owner,Tier_1,49210,32920,6850,18870,8520,15460,4690,5740,6120,360,6420,155160,27.9,44780,5340,1480,990,210,570,850,5410,1410,170,180,10,1600
1783,53800,19,0,Salaried,Tier_2,15430,0,1320,4470,3630,3030,1680,2350,1890,960,2080,36840,16.1,8660,16960,460,0,40,130,360,1060,500,70,60,30,520
1784,29300,20,2,Salaried,Tier_1,7730,3830,920,4170,1290,1670,1210,1050,440,420,750,23480,19.2,5630,5820,230,110,30,130,130,580,360,30,10,10,190
1785,65200,65,1,Retired,Tier_1,18400,14340,2790,5570,5170,5400,930,1720,3760,2060,1360,61500,17.5,11410,3700,550,430,80,170,520,1890,280,50,110,60,340
1786,89500,28,0,Self-Employed,Tier_1,17720,3020,2300,7830,4170,5250,2530,2700,2930,1540,2550,52540,10.0,8950,36960,530,90,70,230,420,1840,760,80,90,50,640
1787,6000,20,1,Salaried,Tier_2,1070,0,290,860,340,490,220,180,340,80,260,4130,27.2,1630,1870,30,0,10,30,30,170,70,10,10,0,60
1788,173200,40,1,Business Owner,Tier_2,50230,14750,2050,13060,11580,12640,2500,9890,8740,2680,9430,137550,33.2,57500,35650,1510,440,60,390,1160,4420,750,300,260,80,2360
1789,87200,32,0,Salaried,Tier_2,18890,0,2700,7760,3230,7640,2470,3260,3330,1320,4840,55440,9.3,8110,31760,570,0,80,230,320,2670,740,100,100,40,1210
1790,8100,50,0,Freelancer,Tier_1,2480,0,100,1000,540,650,320,440,420,30,470,6450,20.3,1640,1650,70,0,0,30,50,230,100,10,10,0,120
1791,55100,36,0,Salaried,Tier_1,17860,0,1390,6950,4350,3890,1470,1510,650,390,2040,40500,13.9,7660,14600,540,0,40,210,440,1360,440,50,20,10,510
1792,45400,24,2,Freelancer,Tier_2,7800,7310,1150,4520,3200,1200,960,1550,2220,260,2620,32790,24.1,10940,12610,230,220,30,140,320,420,290,50,70,10,660
1793,214100,24,0,Self-Employed,Tier_1,37950,44660,2560,17640,6610,22310,7280,10600,4780,710,4750,159850,23.8,50960,54250,1140,1340,80,530,660,7810,2180,320,140,20,1190
1794,11900,21,0,Student,Tier_2,1860,0,410,1160,430,700,230,390,530,200,300,6210,31.5,3750,5690,60,0,10,30,40,240,70,10,20,10,80
1795,74800,34,0,Self-Employed,Tier_2,14330,7200,2080,7340,3250,3810,2420,1820,2500,130,4220,49100,19.0,14210,25700,430,220,60,220,320,1330,730,50,80,0,1060
1796,56400,34,2,Salaried,Tier_3,11470,630,880,4290,1890,3660,1030,1970,3450,4310,2410,35990,19.8,11170,20410,340,20,30,130,190,1280,310,60,100,130,600
1797,42500,19,0,Self-Employed,Tier_3,8960,0,1810,4160,1820,4180,1390,2260,1710,460,920,27670,20.1,8540,14830,270,0,50,120,180,1460,420,70,50,10,230
1798,34400,40,2,Salaried,Tier_2,8260,0,740,2970,2660,900,1640,1100,750,3440,1660,24120,31.1,10700,10280,250,0,20,90,270,320,490,30,20,100,420
1799,132600,26,1,Business Owner,Tier_1,25200,11490,5980,13090,6290,5520,2180,7320,7220,1000,3140,88430,12.0,15910,44170,760,340,180,390,630,1930,650,220,220,30,780
1800,42100,30,0,Business Owner,Tier_3,12310,0,1260,3600,2430,1180,1480,2360,2360,700,1380,29060,21.0,8840,13040,370,0,40,110,240,410,440,70,70,20,340
1801,88000,35,2,Salaried,Tier_3,19870,17410,3220,7850,7790,3870,3450,3770,5910,9840,4870,87850,15.7,13820,150,600,520,100,240,780,1350,1040,110,180,300,1220
1802,74300,21,1,Salaried,Tier_1,14700,13130,2640,6230,5400,5750,1790,4140,3850,550,4050,62230,15.7,11670,12070,440,390,80,190,540,2010,540,120,120,20,1010
1803,104700,44,1,Freelancer,Tier_1,21220,4700,5120,13630,8280,5870,1500,5560,6740,4970,4920,82510,17.7,18530,22190,640,140,150,410,830,2050,450,170,200,150,1230
1804,54700,26,1,Freelancer,Tier_1,17980,0,1050,4580,4080,1680,1790,2120,1390,250,1400,36320,8.2,4490,18380,540,0,30,140,410,590,540,60,40,10,350
1805,58600,35,1,Salaried,Tier_3,16710,8170,2550,4800,4010,2110,1520,1380,850,1010,2180,45290,13.8,8090,13310,500,250,80,140,400,740,460,40,30,30,540
1806,54500,37,1,Salaried,Tier_3,6700,0,1330,7100,2650,4820,960,1540,2380,2420,1280,31180,34.7,18910,23320,200,0,40,210,260,1690,290,50,70,70,320
1807,24900,28,0,Business Owner,Tier_3,3100,0,920,2820,1960,1010,300,1040,920,100,1490,13660,15.9,3960,11240,90,0,30,80,200,350,90,30,30,0,370
1808,124900,31,1,Self-Employed,Tier_2,37030,10370,2790,14160,6980,10180,1270,7920,5620,3150,4540,104010,12.3,15360,20890,1110,310,80,420,700,3560,380,240,170,90,1140
1809,13300,32,1,Business Owner,Tier_1,4000,1250,440,1770,700,950,590,410,800,230,500,11640,30.0,3990,1660,120,40,10,50,70,330,180,10,20,10,120
1810,24100,27,3,Self-Employed,Tier_2,5980,0,290,3420,1400,970,890,890,1250,380,1420,16890,19.2,4630,7210,180,0,10,100,140,340,270,30,40,10,360
1811,77900,40,2,Salaried,Tier_1,19570,0,3490,8280,4680,4550,3140,4500,4050,8930,4500,65690,24.6,19160,12210,590,0,100,250,470,1590,940,140,120,270,1120
1812,81900,19,0,Salaried,Tier_3,21570,0,3800,7270,5010,4090,3140,3000,1170,980,2530,52560,31.0,25390,29340,650,0,110,220,500,1430,940,90,40,30,630
1813,18800,57,0,Retired,Tier_1,4850,790,540,2010,1470,1230,780,530,1100,200,970,14470,25.1,4720,4330,150,20,20,60,150,430,230,20,30,10,240
1814,81300,30,3,Self-Employed,Tier_3,10160,6900,1120,12210,3320,1990,1310,4350,2840,320,4640,49160,14.5,11790,32140,300,210,30,370,330,700,390,130,90,10,1160
1815,47200,28,0,Freelancer,Tier_2,6340,0,820,3290,3100,2350,830,2520,900,300,980,21430,30.9,14580,25770,190,0,20,100,310,820,250,80,30,10,240
1816,80300,34,0,Salaried,Tier_2,17950,12180,830,4850,2920,4880,4010,4010,4620,540,2710,59500,33.9,27220,20800,540,370,20,150,290,1710,1200,120,140,20,680
1817,43800,52,0,Salaried,Tier_2,12070,8770,1280,3930,1510,1750,1300,1640,690,370,1970,35280,32.2,14100,8520,360,260,40,120,150,610,390,50,20,10,490
1818,123600,32,2,Business Owner,Tier_2,33600,0,4320,16140,9140,8360,5490,5990,6650,630,6000,96320,25.3,31270,27280,1010,0,130,480,910,2930,1650,180,200,20,1500
1819,133500,45,2,Salaried,Tier_1,23340,0,4250,11010,9900,5940,5130,5480,4340,1580,2900,73870,12.4,16550,59630,700,0,130,330,990,2080,1540,160,130,50,720
1820,99900,34,0,Salaried,Tier_1,24730,19900,1860,13110,5960,2180,3990,2330,3230,200,5210,82700,34.7,34670,17200,740,600,60,390,600,760,1200,70,100,10,1300
1821,57800,19,1,Self-Employed,Tier_3,10400,6450,2600,7510,3230,2520,610,1680,2540,310,2270,40120,29.8,17220,17680,310,190,80,230,320,880,180,50,80,10,570
1822,11500,22,0,Student,Tier_1,3040,0,150,1300,360,490,260,470,400,30,360,6860,33.1,3810,4640,90,0,0,40,40,170,80,10,10,0,90
1823,92500,25,0,Salaried,Tier_1,22190,14930,2990,10920,8300,6060,2380,4290,4770,570,3740,81140,16.7,15450,11360,670,450,90,330,830,2120,710,130,140,20,940
1824,195700,28,1,Business Owner,Tier_1,36830,0,6250,22230,7250,16030,9060,5330,5930,320,5150,114380,30.3,59300,81320,1100,0,190,670,720,5610,2720,160,180,10,1290
1825,97600,46,2,Salaried,Tier_2,22190,7810,1670,7170,4770,2400,2810,5490,2680,1670,5080,63740,27.4,26740,33860,670,230,50,220,480,840,840,160,80,50,1270
1826,90400,32,2,Self-Employed,Tier_2,17450,3880,3280,7660,7890,8190,3900,3980,4510,270,4100,65110,22.7,20520,25290,520,120,100,230,790,2870,1170,120,140,10,1020
1827,86100,24,3,Salaried,Tier_1,28170,0,3450,13620,6820,3740,2260,5530,3210,680,4830,72310,23.8,20490,13790,850,0,100,410,680,1310,680,170,100,20,1210
1828,36100,32,1,Salaried,Tier_1,7270,0,1660,5050,2090,2740,550,1020,790,20,1740,22930,17.5,6320,13170,220,0,50,150,210,960,160,30,20,0,440
1829,43500,35,2,Salaried,Tier_2,6700,0,1510,4450,2840,2970,1360,2070,1910,4090,1500,29400,21.6,9400,14100,200,0,50,130,280,1040,410,60,60,120,380
1830,89200,40,3,Salaried,Tier_2,25020,0,1480,14610,2840,6880,1760,4440,4790,310,3950,66080,22.3,19890,23120,750,0,40,440,280,2410,530,130,140,10,990
1831,86100,31,1,Freelancer,Tier_1,16030,13690,2210,10620,3260,3170,1130,4590,2870,4690,2290,64550,34.2,29450,21550,480,410,70,320,330,1110,340,140,90,140,570
1832,102200,41,1,Self-Employed,Tier_1,17450,19160,2700,8340,4720,2960,2090,6080,1610,4890,2850,72850,31.8,32500,29350,520,570,80,250,470,1040,630,180,50,150,710
1833,77100,65,0,Retired,Tier_1,13540,0,1890,4820,3590,3510,3240,1900,4270,910,2490,40160,15.3,11800,36940,410,0,60,140,360,1230,970,60,130,30,620
1834,114500,51,2,Salaried,Tier_1,22750,14300,3330,11040,8690,2940,3680,6470,2520,8590,3670,87980,14.4,16490,26520,680,430,100,330,870,1030,1100,190,80,260,920
1835,135600,36,2,Salaried,Tier_1,23590,0,3460,11680,8920,7470,3750,4740,7300,790,6250,77950,24.8,33630,57650,710,0,100,350,890,2610,1120,140,220,20,1560
1836,13800,32,1,Self-Employed,Tier_2,1660,1410,580,1210,1230,1090,580,430,360,1460,370,10380,26.6,3670,3420,50,40,20,40,120,380,170,10,10,40,90
1837,109900,19,2,Salaried,Tier_1,16900,17510,1500,10210,9760,9150,2150,4990,5350,1630,3890,83040,12.5,13740,26860,510,530,40,310,980,3200,640,150,160,50,970
1838,76700,41,1,Salaried,Tier_1,17340,12430,2580,5730,2420,5880,2590,3030,3930,8400,3400,67730,31.8,24390,8970,520,370,80,170,240,2060,780,90,120,250,850
1839,20600,54,2,Salaried,Tier_3,4050,3850,430,1590,1340,560,950,780,400,2450,480,16880,9.2,1900,3720,120,120,10,50,130,200,280,20,10,70,120
1840,21300,23,0,Student,Tier_2,4150,0,950,2920,1460,590,360,900,1160,100,1020,13610,22.8,4860,7690,120,0,30,90,150,210,110,30,30,0,260
1841,102000,53,0,Salaried,Tier_1,26840,14290,4960,10240,4660,2270,1270,2320,1450,1540,2600,72440,18.6,18970,29560,810,430,150,310,470,790,380,70,40,50,650
1842,245700,26,1,Business Owner,Tier_1,83740,31290,4120,30880,19800,21170,9420,11670,8720,1430,9540,231780,19.8,48650,13920,2510,940,120,930,1980,7410,2830,350,260,40,2380
1843,11100,20,0,Student,Tier_3,2330,0,400,1200,690,870,280,410,370,140,270,6960,18.0,2000,4140,70,0,10,40,70,300,80,10,10,0,70
1844,74000,40,1,Salaried,Tier_1,23190,9280,3630,6980,5810,5320,3330,3300,3870,5620,3310,73640,34.0,25160,360,700,280,110,210,580,1860,1000,100,120,170,830
1845,74700,28,0,Salaried,Tier_1,10570,0,3270,9250,2630,1960,1620,2660,3220,510,4000,39690,15.7,11730,35010,320,0,100,280,260,690,490,80,100,20,1000
1846,9000,44,2,Salaried,Tier_1,2180,1950,310,820,490,330,150,320,230,830,450,8060,33.5,3020,940,70,60,10,20,50,120,40,10,10,20,110
1847,41500,32,0,Salaried,Tier_3,8410,0,1870,3330,3270,3150,1000,2360,740,60,1110,25300,16.9,7010,16200,250,0,60,100,330,1100,300,70,20,0,280
1848,80100,25,1,Freelancer,Tier_2,18840,0,2380,7440,3220,2490,2340,4330,4790,900,3400,50130,28.5,22830,29970,570,0,70,220,320,870,700,130,140,30,850
1849,63700,70,0,Retired,Tier_1,21320,0,770,4130,2770,3580,1320,2390,820,300,1500,38900,23.4,14910,24800,640,0,20,120,280,1250,400,70,20,10,380
1850,53300,41,2,Salaried,Tier_1,11110,8290,960,8370,4380,2470,1060,1630,1500,70,1340,41180,19.7,10500,12120,330,250,30,250,440,860,320,50,40,0,340
1851,90100,52,0,Salaried,Tier_1,17020,5220,2370,5900,5940,5120,1580,2320,1710,620,3060,50860,24.3,21890,39240,510,160,70,180,590,1790,470,70,50,20,760
1852,107700,32,1,Freelancer,Tier_2,30070,9110,5350,8860,8580,8210,2070,4670,3340,3640,4430,88330,16.1,17340,19370,900,270,160,270,860,2870,620,140,100,110,1110
1853,66100,48,0,Salaried,Tier_3,15430,0,890,6460,4180,1550,1080,3720,760,290,2420,36780,27.6,18240,29320,460,0,30,190,420,540,320,110,20,10,600
1854,8100,50,0,Business Owner,Tier_1,2720,670,200,680,540,230,160,470,130,50,440,6290,14.8,1200,1810,80,20,10,20,50,80,50,10,0,0,110
1855,112300,39,3,Salaried,Tier_2,25080,9180,2180,8900,7530,8150,1990,4170,5940,1780,3170,78070,26.3,29530,34230,750,280,70,270,750,2850,600,130,180,50,790
1856,44800,59,1,Retired,Tier_1,6340,1370,1870,2960,2530,3150,1020,2900,2290,1600,2360,28390,20.9,9360,16410,190,40,60,90,250,1100,310,90,70,50,590
1857,35700,42,0,Salaried,Tier_3,5920,0,1350,4530,2310,1340,610,1120,1140,210,1400,19930,12.6,4500,15770,180,0,40,140,230,470,180,30,30,10,350
1858,168300,62,1,Salaried,Tier_1,30410,0,2430,16350,6870,6480,8320,7700,9940,11950,9360,109810,27.4,46110,58490,910,0,70,490,690,2270,2500,230,300,360,2340
1859,80200,55,0,Retired,Tier_1,12180,0,2680,6820,6330,5290,1740,2560,1810,460,2370,42240,23.8,19090,37960,370,0,80,200,630,1850,520,80,50,10,590
1860,140900,28,2,Salaried,Tier_1,34790,0,3470,13150,11760,10580,4240,6340,5620,1740,7130,98820,11.4,16060,42080,1040,0,100,390,1180,3700,1270,190,170,50,1780
1861,69400,50,3,Business Owner,Tier_1,15660,0,2480,7530,2270,2410,2090,1820,4290,390,1600,40540,21.1,14640,28860,470,0,70,230,230,840,630,50,130,10,400
1862,80400,26,1,Business Owner,Tier_3,15630,3920,1760,10400,5250,2790,3010,2040,4710,510,2650,52670,12.8,10290,27730,470,120,50,310,520,980,900,60,140,20,660
1863,18600,31,1,Salaried,Tier_2,2650,0,480,2310,1120,1570,900,950,630,1970,760,13340,21.7,4040,5260,80,0,10,70,110,550,270,30,20,60,190
1864,92700,40,2,Salaried,Tier_2,20460,11870,2050,6820,4110,7920,1810,3230,4510,3800,5130,71710,16.5,15300,20990,610,360,60,200,410,2770,540,100,140,110,1280
1865,91400,21,2,Business Owner,Tier_1,20470,0,1400,14050,7850,6120,2280,4690,1420,210,5300,63790,25.3,23120,27610,610,0,40,420,780,2140,680,140,40,10,1320
1866,17500,45,0,Salaried,Tier_2,3930,0,540,1850,1390,1120,870,870,250,130,510,11460,17.4,3040,6040,120,0,20,60,140,390,260,30,10,0,130
1867,39000,27,1,Self-Employed,Tier_1,13370,0,930,4430,1350,1760,760,2430,700,200,1690,27620,27.4,10690,11380,400,0,30,130,140,620,230,70,20,10,420
1868,35300,35,2,Salaried,Tier_2,7200,5300,380,4170,2470,1260,900,1510,720,820,1290,26020,17.4,6140,9280,220,160,10,130,250,440,270,50,20,20,320
1869,111600,25,0,Self-Employed,Tier_2,28080,4080,3830,9460,3780,10170,5040,5970,5080,440,5560,81490,20.7,23100,30110,840,120,110,280,380,3560,1510,180,150,10,1390
1870,61100,29,3,Salaried,Tier_2,15560,0,2280,5940,3090,2990,890,3080,3610,90,1820,39350,34.3,20960,21750,470,0,70,180,310,1050,270,90,110,0,460
1871,22900,25,2,Salaried,Tier_3,4110,0,610,1890,780,990,1070,1560,1430,290,540,13270,33.1,7580,9630,120,0,20,60,80,350,320,50,40,10,140
1872,112400,20,1,Self-Employed,Tier_1,24470,5650,4050,16400,5420,4350,1460,3620,3730,1720,4860,75730,15.6,17530,36670,730,170,120,490,540,1520,440,110,110,50,1220
1873,37500,27,0,Salaried,Tier_1,10360,0,1860,2340,1630,1700,890,1780,1620,70,1050,23300,27.2,10200,14200,310,0,60,70,160,600,270,50,50,0,260
1874,78300,24,0,Business Owner,Tier_1,21040,820,3310,9610,3520,4310,2350,3310,2570,90,3760,54690,28.9,22630,23610,630,20,100,290,350,1510,700,100,80,0,940
1875,63300,43,2,Salaried,Tier_1,13390,11130,2150,7370,3830,5250,2940,4130,1010,920,2750,54870,19.9,12600,8430,400,330,60,220,380,1840,880,120,30,30,690
1876,43000,34,3,Salaried,Tier_2,9090,9410,2080,6200,3370,2020,1870,2460,2280,3660,1830,44270,30.0,12900,-1270,270,280,60,190,340,710,560,70,70,110,460
1877,8100,18,0,Student,Tier_3,2210,0,320,690,480,620,210,290,370,30,340,5560,30.8,2490,2540,70,0,10,20,50,220,60,10,10,0,80
1878,8100,51,2,Salaried,Tier_1,2090,0,200,820,440,410,140,540,360,90,400,5490,28.6,2320,2610,60,0,10,20,40,140,40,20,10,0,100
1879,39000,58,2,Retired,Tier_2,9150,0,990,4750,1940,1410,440,1870,1660,4660,1460,28330,8.0,3120,10670,270,0,30,140,190,490,130,60,50,140,360
1880,43800,52,0,Salaried,Tier_3,12690,1520,1770,4650,2440,3490,1190,1260,800,10,2010,31830,14.0,6130,11970,380,50,50,140,240,1220,360,40,20,0,500
1881,45600,21,2,Freelancer,Tier_2,5480,6430,1510,6120,2320,3020,1050,2760,2750,690,1990,34120,21.2,9670,11480,160,190,50,180,230,1060,320,80,80,20,500
1882,93400,36,0,Salaried,Tier_1,13000,0,4650,7630,5190,5460,2920,4660,2060,1110,4690,51370,22.0,20550,42030,390,0,140,230,520,1910,880,140,60,30,1170
1883,81500,43,2,Self-Employed,Tier_2,23970,14360,2190,12340,3070,3820,2430,3810,1180,320,2700,70190,9.4,7660,11310,720,430,70,370,310,1340,730,110,40,10,680
1884,61400,32,2,Salaried,Tier_1,8800,0,2260,9780,5250,3170,1890,4100,1630,3250,3090,43220,14.3,8780,18180,260,0,70,290,520,1110,570,120,50,100,770
1885,100400,50,1,Salaried,Tier_2,23550,0,3430,7410,3660,5740,4800,3810,1450,400,2450,56700,33.9,34040,43700,710,0,100,220,370,2010,1440,110,40,10,610
1886,53500,26,0,Salaried,Tier_1,8130,1020,2470,6020,2240,2390,1180,2670,2080,160,2310,30670,9.7,5190,22830,240,30,70,180,220,840,350,80,60,0,580
1887,31800,21,0,Salaried,Tier_2,7990,0,1300,2540,1990,1630,850,1230,1670,20,1440,20660,30.4,9670,11140,240,0,40,80,200,570,260,40,50,0,360
1888,81200,53,0,Freelancer,Tier_2,21900,0,1500,8850,7180,4750,2550,2560,3530,950,1690,55460,10.7,8690,25740,660,0,40,270,720,1660,760,80,110,30,420
1889,39700,19,0,Salaried,Tier_1,10600,5970,1110,2410,2110,1860,1210,2190,1330,250,1280,30320,10.2,4050,9380,320,180,30,70,210,650,360,70,40,10,320
1890,111600,36,1,Salaried,Tier_1,25780,20680,3320,12950,9960,8340,4740,5100,4860,10220,6140,112090,9.6,10710,-490,770,620,100,390,1000,2920,1420,150,150,310,1540
1891,49800,22,2,Salaried,Tier_3,6280,5520,2000,4320,3520,1040,1330,2030,1990,430,2180,30640,25.4,12650,19160,190,170,60,130,350,360,400,60,60,10,540
1892,44200,30,0,Salaried,Tier_2,6810,3940,1460,4120,3840,3040,610,2200,1140,360,2240,29760,17.6,7780,14440,200,120,40,120,380,1060,180,70,30,10,560
1893,162900,48,0,Business Owner,Tier_3,35140,0,3730,19160,11290,16880,5370,3570,2550,1530,9440,108660,28.6,46590,54240,1050,0,110,570,1130,5910,1610,110,80,50,2360
1894,91900,32,0,Salaried,Tier_1,14100,0,1970,8610,8230,6010,1140,3360,4900,1640,1870,51830,24.4,22420,40070,420,0,60,260,820,2100,340,100,150,50,470
1895,65000,41,4,Salaried,Tier_2,16020,2540,1910,8640,3620,2430,2280,4280,4720,2940,3090,52470,31.1,20220,12530,480,80,60,260,360,850,680,130,140,90,770
1896,60300,34,3,Freelancer,Tier_2,10920,0,2730,6500,3510,3450,2900,1890,1470,3940,3190,40500,13.5,8140,19800,330,0,80,200,350,1210,870,60,40,120,800
1897,12900,30,0,Salaried,Tier_1,2020,310,400,1470,990,900,480,730,370,220,750,8640,14.8,1910,4260,60,10,10,40,100,320,140,20,10,10,190
1898,47400,67,0,Salaried,Tier_3,8630,0,1360,5720,3560,3250,1260,1130,2820,160,1180,29070,24.5,11610,18330,260,0,40,170,360,1140,380,30,80,0,300
1899,122000,32,1,Salaried,Tier_2,35780,0,3710,15250,10010,8970,5390,3610,2900,8490,6670,100780,10.6,12930,21220,1070,0,110,460,1000,3140,1620,110,90,250,1670
1900,61900,31,1,Self-Employed,Tier_1,20360,3260,1270,4030,5160,3290,1180,1880,3730,3750,2310,50220,13.2,8170,11680,610,100,40,120,520,1150,350,60,110,110,580
1901,79800,32,5,Business Owner,Tier_3,23240,0,1120,14110,4810,6700,2890,2650,1940,1060,2770,61290,22.2,17720,18510,700,0,30,420,480,2340,870,80,60,30,690
1902,56300,41,0,Salaried,Tier_2,10670,8490,1740,7310,3510,1960,1860,3040,2100,180,2470,43330,25.6,14410,12970,320,250,50,220,350,690,560,90,60,10,620
1903,52300,47,2,Salaried,Tier_2,8570,9800,1140,3840,3040,3770,2550,1580,2940,1480,1480,40190,32.0,16740,12110,260,290,30,120,300,1320,760,50,90,40,370
1904,130200,37,0,Salaried,Tier_1,34990,0,6500,10460,9000,4630,6500,2780,7440,140,7560,90000,10.6,13800,40200,1050,0,200,310,900,1620,1950,80,220,0,1890
1905,106600,26,0,Salaried,Tier_2,22850,0,2420,7010,8000,6110,2480,4760,6000,1830,2780,64240,32.2,34330,42360,690,0,70,210,800,2140,740,140,180,50,700
1906,55100,34,1,Salaried,Tier_2,14290,9060,2180,7330,2260,2600,560,2190,650,100,1680,42900,25.8,14220,12200,430,270,70,220,230,910,170,70,20,0,420
1907,14000,43,0,Salaried,Tier_3,3930,0,310,920,440,660,420,580,360,120,800,8540,30.9,4330,5460,120,0,10,30,40,230,130,20,10,0,200
1908,121100,22,3,Salaried,Tier_1,36120,0,2890,17930,9790,2540,1580,3410,8450,1500,6080,90290,24.6,29790,30810,1080,0,90,540,980,890,470,100,250,40,1520
1909,83500,29,1,Salaried,Tier_1,12050,7820,2320,7230,4210,7110,3030,4600,3150,120,3190,54830,28.5,23800,28670,360,230,70,220,420,2490,910,140,90,0,800
1910,80500,45,2,Salaried,Tier_2,18050,2770,3450,6950,7040,6680,1040,4800,1780,740,4380,57680,26.4,21250,22820,540,80,100,210,700,2340,310,140,50,20,1100
1911,29400,21,2,Salaried,Tier_3,7840,2700,800,2960,960,1260,360,1690,2020,70,1470,22130,24.2,7110,7270,240,80,20,90,100,440,110,50,60,0,370
1912,120000,34,2,Salaried,Tier_2,18040,6620,3110,10040,10610,7110,3630,4350,1720,1970,6950,74150,34.2,41040,45850,540,200,90,300,1060,2490,1090,130,50,60,1740
1913,62400,30,0,Freelancer,Tier_2,14140,0,2450,7530,4630,1330,1190,1310,1910,290,1490,36270,23.0,14350,26130,420,0,70,230,460,470,360,40,60,10,370
1914,66800,31,1,Business Owner,Tier_3,11290,0,2950,8140,3340,1760,1510,3050,4010,560,1790,38400,9.6,6410,28400,340,0,90,240,330,620,450,90,120,20,450
1915,148100,35,1,Salaried,Tier_1,22640,4070,7050,20530,4530,5040,3000,5720,7030,8960,4600,93170,33.6,49760,54930,680,120,210,620,450,1760,900,170,210,270,1150
1916,61000,27,1,Salaried,Tier_2,11460,70,940,6030,4500,4500,2690,3410,1530,160,2580,37870,22.7,13850,23130,340,0,30,180,450,1580,810,100,50,0,640
1917,112300,41,2,Salaried,Tier_2,29460,16760,3750,10760,5430,6810,4600,3210,1420,800,5720,88720,16.9,18980,23580,880,500,110,320,540,2380,1380,100,40,20,1430
1918,27000,58,0,Retired,Tier_1,4940,0,730,2480,1660,1410,430,1440,1020,120,800,15030,18.4,4970,11970,150,0,20,70,170,490,130,40,30,0,200
1919,68800,42,0,Salaried,Tier_2,15990,14800,1350,6150,5120,5630,1780,2810,2540,430,1870,58470,29.8,20500,10330,480,440,40,180,510,1970,530,80,80,10,470
1920,79600,26,0,Freelancer,Tier_3,13190,14180,2350,9360,4560,3430,3110,2230,4260,640,3070,60380,15.4,12260,19220,400,430,70,280,460,1200,930,70,130,20,770
1921,12200,24,0,Self-Employed,Tier_2,3200,2620,290,1200,700,920,170,700,530,170,370,10870,17.3,2110,1330,100,80,10,40,70,320,50,20,20,10,90
1922,39000,31,0,Salaried,Tier_3,11160,0,1550,3260,1430,2620,1900,1270,1610,200,1110,26110,20.8,8110,12890,330,0,50,100,140,920,570,40,50,10,280
1923,68200,46,2,Business Owner,Tier_1,18980,0,3200,8470,3630,4540,1180,2880,2010,90,1450,46430,22.5,15340,21770,570,0,100,250,360,1590,350,90,60,0,360
1924,38600,23,2,Salaried,Tier_3,5400,0,890,4400,1530,3020,1240,1150,2170,580,1030,21410,21.2,8180,17190,160,0,30,130,150,1060,370,30,70,20,260
1925,51300,24,1,Self-Employed,Tier_2,11530,0,1340,6150,2440,4330,1230,3320,2710,810,1420,35280,27.3,14000,16020,350,0,40,180,240,1520,370,100,80,20,360
1926,101100,27,2,Salaried,Tier_3,21770,8190,2640,11670,6020,2890,4050,6260,2670,1290,5450,72900,15.3,15470,28200,650,250,80,350,600,1010,1220,190,80,40,1360
1927,100700,33,0,Salaried,Tier_1,18870,19080,1500,11900,4910,7480,2800,6010,3460,1060,4120,81190,12.4,12490,19510,570,570,40,360,490,2620,840,180,100,30,1030
1928,25600,24,3,Business Owner,Tier_2,5160,1160,530,4430,1860,1850,1010,820,1690,50,1390,19950,32.8,8400,5650,150,30,20,130,190,650,300,20,50,0,350
1929,232000,22,2,Self-Employed,Tier_1,77140,25970,10080,34150,16740,23890,11300,8000,11660,3800,13090,235820,30.7,71220,-3820,2310,780,300,1020,1670,8360,3390,240,350,110,3270
1930,37700,19,1,Salaried,Tier_3,8530,0,1420,4060,1400,1610,1450,820,1700,320,2150,23460,26.9,10140,14240,260,0,40,120,140,560,440,20,50,10,540
1931,53000,39,2,Salaried,Tier_3,10260,4630,1580,5420,3120,4770,1460,3670,3320,550,2560,41340,26.6,14100,11660,310,140,50,160,310,1670,440,110,100,20,640
1932,39600,31,1,Salaried,Tier_2,6860,8710,1120,4510,2630,860,860,1730,1770,350,1930,31330,20.5,8120,8270,210,260,30,140,260,300,260,50,50,10,480
1933,64700,40,0,Salaried,Tier_3,8600,9110,3210,6860,3180,2690,1740,3590,1050,490,3430,43950,18.4,11900,20750,260,270,100,210,320,940,520,110,30,10,860
1934,95100,41,2,Self-Employed,Tier_3,11780,0,1360,12890,6860,2540,4040,3940,1460,2940,4570,52380,31.5,29960,42720,350,0,40,390,690,890,1210,120,40,90,1140
1935,44600,45,3,Self-Employed,Tier_1,10170,0,960,3340,1970,3450,940,2490,2360,3700,1630,31010,23.3,10390,13590,310,0,30,100,200,1210,280,70,70,110,410
1936,189200,19,3,Salaried,Tier_1,61890,0,6930,20940,15770,6960,9210,4990,6250,760,4660,138360,18.2,34430,50840,1860,0,210,630,1580,2440,2760,150,190,20,1160
1937,18500,34,0,Freelancer,Tier_3,3460,1660,420,1150,570,1320,680,1100,190,320,490,11360,33.5,6200,7140,100,50,10,30,60,460,200,30,10,10,120
1938,95300,30,0,Salaried,Tier_1,15650,4000,4490,10190,7650,8360,3030,3560,1780,1600,4050,64360,24.1,22970,30940,470,120,130,310,760,2930,910,110,50,50,1010
1939,8400,21,0,Student,Tier_1,1800,0,340,900,630,580,210,460,170,130,250,5470,17.0,1430,2930,50,0,10,30,60,200,60,10,10,0,60
1940,52700,27,1,Salaried,Tier_3,11350,0,670,7940,2920,1640,940,1750,2740,380,2490,32820,10.1,5320,19880,340,0,20,240,290,570,280,50,80,10,620
1941,40400,26,3,Salaried,Tier_2,10760,1130,1500,4050,3340,2080,1600,2020,2960,0,1240,30680,26.7,10790,9720,320,30,40,120,330,730,480,60,90,0,310
1942,60200,45,2,Salaried,Tier_2,14360,0,2450,9490,3810,4420,2680,3430,3260,130,1530,45560,18.8,11320,14640,430,0,70,280,380,1550,800,100,100,0,380
1943,65500,51,1,Salaried,Tier_2,11680,7810,2210,9180,3260,4310,3250,1530,1130,20,1880,46260,27.2,17820,19240,350,230,70,280,330,1510,980,50,30,0,470
1944,33800,19,0,Salaried,Tier_3,10020,5280,800,3760,2480,2230,1430,1480,400,110,820,28810,14.4,4870,4990,300,160,20,110,250,780,430,40,10,0,200
1945,110500,19,0,Salaried,Tier_1,18380,15470,1820,15080,5240,5540,3090,4080,2530,1010,2870,75110,26.5,29280,35390,550,460,50,450,520,1940,930,120,80,30,720
1946,137000,40,0,Business Owner,Tier_2,31780,0,5660,11110,11520,11620,4650,7380,4030,2130,3550,93430,14.6,20000,43570,950,0,170,330,1150,4070,1400,220,120,60,890
1947,28000,43,1,Salaried,Tier_3,6970,0,1130,2760,1660,2250,850,720,340,3290,1260,21230,30.9,8650,6770,210,0,30,80,170,790,260,20,10,100,320
1948,48200,19,0,Salaried,Tier_3,6130,4090,2170,5620,3080,2050,2010,1210,790,200,1870,29220,12.0,5780,18980,180,120,70,170,310,720,600,40,20,10,470
1949,60000,38,4,Salaried,Tier_2,9210,1300,1120,10240,3110,4730,2470,3140,2060,2860,2410,42650,8.4,5040,17350,280,40,30,310,310,1660,740,90,60,90,600
1950,105700,26,1,Salaried,Tier_2,24740,21520,4610,13020,6180,6040,3440,6520,1850,330,3950,92200,18.3,19340,13500,740,650,140,390,620,2110,1030,200,60,10,990
1951,161600,31,0,Salaried,Tier_1,27050,16300,6070,11490,8870,5900,6830,6270,3480,740,6670,99670,24.6,39750,61930,810,490,180,340,890,2060,2050,190,100,20,1670
1952,157300,28,2,Self-Employed,Tier_2,40930,0,7270,22380,12480,14930,7200,3780,9680,1410,7410,127470,8.7,13690,29830,1230,0,220,670,1250,5230,2160,110,290,40,1850
1953,85800,32,1,Salaried,Tier_1,21990,0,1620,8260,3670,2290,3880,4230,4150,960,1820,52870,13.9,11930,32930,660,0,50,250,370,800,1160,130,120,30,460
1954,6000,22,0,Student,Tier_2,1650,0,270,560,360,430,170,280,100,10,340,4170,10.1,610,1830,50,0,10,20,40,150,50,10,0,0,80
1955,28300,20,0,Student,Tier_1,6220,0,1010,2710,2060,2120,1140,1300,550,480,1620,19210,11.8,3340,9090,190,0,30,80,210,740,340,40,20,10,400
1956,65400,38,1,Salaried,Tier_2,16910,0,1310,6760,3290,2060,930,3690,2560,2700,1550,41760,33.3,21780,23640,510,0,40,200,330,720,280,110,80,80,390
1957,90900,43,2,Salaried,Tier_1,23500,7920,3690,10450,7270,7370,1550,5410,5050,8680,2860,83750,16.9,15360,7150,700,240,110,310,730,2580,460,160,150,260,720
1958,38900,23,0,Business Owner,Tier_2,7800,0,1760,4130,3390,3640,1450,1050,1050,90,1770,26130,12.1,4710,12770,230,0,50,120,340,1270,440,30,30,0,440
1959,41500,55,2,Retired,Tier_1,9260,9010,1490,4910,3220,2340,1680,1960,1530,540,2070,38010,10.1,4190,3490,280,270,40,150,320,820,500,60,50,20,520
1960,50000,19,0,Salaried,Tier_2,14800,0,1910,3260,3640,2170,1380,1460,2080,870,1100,32670,24.7,12350,17330,440,0,60,100,360,760,410,40,60,30,280
1961,47700,29,1,Self-Employed,Tier_2,12860,0,2310,6980,3940,3870,1560,2490,1940,3620,2500,42070,29.4,14020,5630,390,0,70,210,390,1350,470,70,60,110,620
1962,62500,23,1,Salaried,Tier_2,15850,2450,2670,7660,4110,2980,1420,2220,1770,380,1880,43390,23.7,14810,19110,480,70,80,230,410,1040,430,70,50,10,470
1963,16800,30,0,Business Owner,Tier_1,2370,0,170,1360,1450,1130,490,460,300,50,910,8690,32.3,5430,8110,70,0,10,40,140,400,150,10,10,0,230
1964,4500,21,0,Salaried,Tier_3,1110,130,100,460,370,390,110,170,180,10,150,3180,12.9,580,1320,30,0,0,10,40,140,30,10,10,0,40
1965,24000,40,4,Salaried,Tier_3,5820,2630,440,4190,1850,700,1010,1610,1160,210,530,20150,26.0,6240,3850,170,80,10,130,180,240,300,50,30,10,130
1966,44700,55,0,Salaried,Tier_2,9150,4690,1570,5130,1830,2490,2160,1630,2550,800,1960,33960,21.0,9390,10740,270,140,50,150,180,870,650,50,80,20,490
1967,51600,55,0,Salaried,Tier_1,12190,0,2370,6190,2970,3740,870,2620,1470,390,2390,35200,14.6,7530,16400,370,0,70,190,300,1310,260,80,40,10,600
1968,8100,67,3,Retired,Tier_1,1360,0,250,1190,680,440,180,210,590,740,400,6040,25.9,2100,2060,40,0,10,40,70,150,50,10,20,20,100
1969,46000,53,0,Salaried,Tier_2,8720,9590,1220,5260,3970,1510,1160,1400,2060,650,1300,36840,18.9,8690,9160,260,290,40,160,400,530,350,40,60,20,320
1970,13400,20,0,Student,Tier_1,2680,0,600,850,660,860,580,480,800,50,280,7840,25.6,3430,5560,80,0,20,30,70,300,170,10,20,0,70
1971,153200,49,0,Salaried,Tier_1,22930,17200,6860,21020,12040,12150,1870,4910,8500,300,4320,112100,25.7,39370,41100,690,520,210,630,1200,4250,560,150,260,10,1080
1972,85200,38,2,Freelancer,Tier_3,25460,0,2910,8810,3370,7200,3870,5000,3930,890,3560,65000,19.9,16950,20200,760,0,90,260,340,2520,1160,150,120,30,890
1973,8100,26,2,Self-Employed,Tier_1,2770,1240,380,850,620,830,190,450,180,120,320,7950,9.3,750,150,80,40,10,30,60,290,60,10,10,0,80
1974,12200,25,1,Salaried,Tier_1,2010,1370,220,1650,670,380,240,660,690,60,420,8370,21.0,2560,3830,60,40,10,50,70,130,70,20,20,0,100
1975,140700,46,1,Business Owner,Tier_2,25830,12800,1890,14410,12560,7690,4550,3990,3190,930,7780,95620,26.7,37570,45080,770,380,60,430,1260,2690,1360,120,100,30,1940
1976,83400,46,5,Salaried,Tier_2,20020,14090,2660,15130,3390,7090,3490,4000,2010,8550,3430,83860,21.4,17850,-460,600,420,80,450,340,2480,1050,120,60,260,860
1977,39000,21,3,Salaried,Tier_3,7560,0,1720,4830,2130,2630,890,1850,850,360,940,23760,8.3,3240,15240,230,0,50,140,210,920,270,60,30,10,240
1978,46500,70,0,Retired,Tier_3,9600,0,1040,6270,2370,1010,1730,1940,1980,270,950,27160,8.0,3720,19340,290,0,30,190,240,350,520,60,60,10,240
1979,6000,20,0,Student,Tier_2,1260,0,110,620,460,350,160,170,180,70,210,3590,16.9,1010,2410,40,0,0,20,50,120,50,10,10,0,50
1980,15800,21,0,Student,Tier_1,5300,0,700,1150,1290,1080,740,420,250,260,530,11720,12.9,2040,4080,160,0,20,30,130,380,220,10,10,10,130
1981,50300,23,2,Self-Employed,Tier_1,10200,3580,830,6300,1540,5040,510,2270,2780,20,1970,35040,32.5,16350,15260,310,110,20,190,150,1760,150,70,80,0,490
1982,40500,42,2,Self-Employed,Tier_1,5720,0,1610,4010,1490,2870,1120,1500,2760,1130,1520,23730,13.5,5470,16770,170,0,50,120,150,1000,340,40,80,30,380
1983,96300,28,0,Salaried,Tier_2,24510,14470,2300,10820,4980,2710,1400,4360,3540,1660,2940,73690,29.4,28310,22610,740,430,70,320,500,950,420,130,110,50,740
1984,61900,40,1,Self-Employed,Tier_1,14740,3230,2200,4440,2680,2910,1750,2320,3690,540,3360,41860,24.8,15350,20040,440,100,70,130,270,1020,520,70,110,20,840
1985,6000,22,0,Student,Tier_2,1640,0,240,750,190,450,280,200,60,30,300,4140,19.8,1190,1860,50,0,10,20,20,160,80,10,0,0,80
1986,95600,43,1,Salaried,Tier_2,16240,0,2070,7230,6640,7730,1350,2620,4180,2830,5290,56180,9.5,9080,39420,490,0,60,220,660,2710,400,80,130,80,1320
1987,8100,67,2,Retired,Tier_1,1640,1620,270,970,520,730,130,260,420,90,460,7110,22.2,1800,990,50,50,10,30,50,260,40,10,10,0,120
1988,39000,28,2,Self-Employed,Tier_2,10200,0,1120,6110,1750,2860,1120,1300,1900,360,1170,27890,19.8,7720,11110,310,0,30,180,180,1000,340,40,60,10,290
1989,92000,23,0,Salaried,Tier_1,28130,18820,4510,11340,6920,6260,2000,5510,3960,730,2360,90540,18.8,17300,1460,840,560,140,340,690,2190,600,170,120,20,590
1990,4500,18,0,Student,Tier_3,900,230,80,610,240,140,140,150,130,0,200,2820,26.1,1170,1680,30,10,0,20,20,50,40,0,0,0,50
1991,55800,42,2,Business Owner,Tier_2,16190,0,1180,7180,3530,4700,1880,3490,2440,670,3310,44570,26.1,14560,11230,490,0,40,220,350,1640,560,100,70,20,830
1992,15100,46,1,Salaried,Tier_2,2800,0,360,1800,580,850,680,940,190,120,720,9040,8.6,1300,6060,80,0,10,50,60,300,200,30,10,0,180
1993,76800,47,2,Salaried,Tier_1,16770,4090,2150,5550,6600,4140,3670,5120,1890,5250,4040,59270,28.8,22120,17530,500,120,60,170,660,1450,1100,150,60,160,1010
1994,36500,35,1,Salaried,Tier_3,7530,20,1660,4540,2340,2850,1140,1630,460,2450,1730,26350,21.6,7880,10150,230,0,50,140,230,1000,340,50,10,70,430
1995,53200,60,2,Retired,Tier_2,9600,4840,2520,6050,2780,4540,1730,2340,1370,5840,2750,44360,15.8,8410,8840,290,150,80,180,280,1590,520,70,40,180,690
1996,100200,33,0,Freelancer,Tier_1,21170,0,1160,8640,7970,7260,3610,4960,3750,50,4170,62740,16.6,16630,37460,640,0,30,260,800,2540,1080,150,110,0,1040
1997,103700,26,1,Salaried,Tier_2,19160,10780,1650,11440,4060,8910,1110,3520,3190,1470,5120,70410,33.3,34530,33290,570,320,50,340,410,3120,330,110,100,40,1280
1998,70100,32,1,Salaried,Tier_1,14650,0,1770,7190,3070,2800,2680,2850,3230,380,1520,40140,30.4,21310,29960,440,0,50,220,310,980,800,90,100,10,380
1999,74500,24,3,Salaried,Tier_1,19940,380,3350,9760,5280,6320,1890,4090,2350,320,2790,56470,17.4,12960,18030,600,10,100,290,530,2210,570,120,70,10,700
2000,104200,44,0,Business Owner,Tier_3,16460,0,2260,7420,4160,5680,4260,5900,1550,70,5120,52880,14.4,15000,51320,490,0,70,220,420,1990,1280,180,50,0,1280
2001,111900,30,1,Salaried,Tier_2,26240,19290,3940,14120,6050,4180,3840,6140,5620,3490,3190,96100,32.5,36370,15800,790,580,120,420,600,1460,1150,180,170,100,800
2002,97700,27,0,Business Owner,Tier_1,28380,10660,1620,8330,4700,7990,2450,4840,1230,1020,5650,76870,13.7,13380,20830,850,320,50,250,470,2800,740,150,40,30,1410
2003,11600,19,0,Self-Employed,Tier_1,3930,0,540,790,970,500,410,370,470,140,490,8610,17.9,2080,2990,120,0,20,20,100,180,120,10,10,0,120
2004,133300,33,2,Salaried,Tier_1,28030,12370,2010,14260,8000,6350,5440,4090,7390,14180,4560,106680,21.5,28660,26620,840,370,60,430,800,2220,1630,120,220,430,1140
2005,147900,33,1,Business Owner,Tier_2,32760,16450,6120,11110,12460,11650,2010,5350,5560,16560,3180,123210,15.5,22920,24690,980,490,180,330,1250,4080,600,160,170,500,800
2006,54300,50,2,Salaried,Tier_3,14810,0,770,4710,2480,4770,2020,2520,2620,3910,2810,41420,27.9,15150,12880,440,0,20,140,250,1670,610,80,80,120,700
2007,86200,23,1,Salaried,Tier_3,22730,0,1620,11020,4980,1990,2910,3670,2930,30,2380,54260,22.8,19650,31940,680,0,50,330,500,700,870,110,90,0,600
2008,139000,27,2,Salaried,Tier_1,38460,0,5850,13300,9810,5810,2840,8150,3790,1990,5200,95200,11.3,15710,43800,1150,0,180,400,980,2030,850,240,110,60,1300
2009,126900,52,1,Salaried,Tier_1,38980,12010,2040,9190,7870,10880,5650,4720,1870,140,5920,99270,15.4,19540,27630,1170,360,60,280,790,3810,1700,140,60,0,1480
2010,48300,30,2,Salaried,Tier_3,11350,5430,1010,7290,4120,3320,1330,2180,980,1090,1560,39660,26.7,12900,8640,340,160,30,220,410,1160,400,70,30,30,390
2011,73300,34,0,Salaried,Tier_2,12070,0,1200,5850,2880,3570,2050,4150,2310,380,4050,38510,17.1,12530,34790,360,0,40,180,290,1250,620,120,70,10,1010
2012,60200,44,2,Self-Employed,Tier_2,12180,0,2250,9640,2850,4510,1070,1600,2150,380,3330,39960,12.2,7340,20240,370,0,70,290,280,1580,320,50,60,10,830
2013,11000,22,0,Student,Tier_2,1330,0,210,1230,920,720,200,300,220,80,620,5830,27.2,2990,5170,40,0,10,40,90,250,60,10,10,0,160
2014,94100,52,1,Salaried,Tier_1,17030,14090,1780,7720,6520,7120,3440,5640,1500,180,3380,68400,15.5,14590,25700,510,420,50,230,650,2490,1030,170,40,10,840
2015,120500,22,2,Freelancer,Tier_1,29810,18370,5610,15590,6260,4050,1740,4340,7590,1940,5130,100430,22.7,27350,20070,890,550,170,470,630,1420,520,130,230,60,1280
2016,81600,19,1,Salaried,Tier_2,21590,390,2050,8290,4900,6460,1590,3100,1140,580,4730,54820,19.1,15590,26780,650,10,60,250,490,2260,480,90,30,20,1180
2017,52600,70,0,Retired,Tier_1,17420,11100,750,6450,4710,1590,2540,1950,2210,890,2690,52300,17.1,8990,300,520,330,20,190,470,560,760,60,70,30,670
2018,76600,64,3,Retired,Tier_1,18440,0,1980,11090,6360,1880,2500,4220,4000,250,4460,55180,22.3,17080,21420,550,0,60,330,640,660,750,130,120,10,1120
2019,22400,40,1,Salaried,Tier_1,7420,0,260,3300,1310,760,690,1430,340,110,630,16250,8.5,1900,6150,220,0,10,100,130,270,210,40,10,0,160
2020,69000,28,1,Self-Employed,Tier_2,18780,11220,1770,6840,2230,1700,1180,3430,1810,350,3660,52970,32.1,22150,16030,560,340,50,210,220,600,350,100,50,10,920
2021,78900,22,1,Salaried,Tier_2,17040,15440,3750,6150,6080,2720,1220,3250,3750,1370,2610,63380,9.0,7100,15520,510,460,110,180,610,950,370,100,110,40,650
2022,31800,40,0,Salaried,Tier_2,8930,0,1440,2650,2180,1760,830,1030,1270,260,700,21050,20.8,6610,10750,270,0,40,80,220,620,250,30,40,10,180
2023,72100,47,4,Business Owner,Tier_3,15440,7580,1730,13160,4970,5660,1530,5400,3540,4670,2480,66160,8.4,6060,5940,460,230,50,390,500,1980,460,160,110,140,620
2024,76400,27,3,Business Owner,Tier_2,11760,7460,1210,10460,2650,3290,1870,4120,3320,390,2170,48700,11.0,8400,27700,350,220,40,310,260,1150,560,120,100,10,540
2025,116800,27,1,Business Owner,Tier_2,15920,15880,2100,16870,4970,4620,5140,4720,7480,1700,4130,83530,26.5,30950,33270,480,480,60,510,500,1620,1540,140,220,50,1030
2026,38300,36,1,Salaried,Tier_3,6160,990,530,2660,2410,1180,540,930,590,310,1690,17990,23.7,9080,20310,180,30,20,80,240,410,160,30,20,10,420
2027,78400,33,2,Salaried,Tier_3,10450,0,820,11580,5910,3390,3200,4720,1970,3370,4080,49490,34.9,27360,28910,310,0,20,350,590,1190,960,140,60,100,1020
2028,99900,43,0,Salaried,Tier_1,19240,5270,4780,7190,4110,8490,3110,5020,3390,180,3580,64360,16.8,16780,35540,580,160,140,220,410,2970,930,150,100,10,900
2029,60500,19,0,Salaried,Tier_1,9370,4010,710,5910,3620,2020,920,2410,2670,1010,3260,35910,21.3,12890,24590,280,120,20,180,360,710,280,70,80,30,820
2030,122400,42,3,Freelancer,Tier_2,34800,16820,5680,20330,8040,8570,3190,7460,8060,1450,7200,121600,16.6,20320,800,1040,500,170,610,800,3000,960,220,240,40,1800
2031,66300,71,2,Retired,Tier_1,14150,0,1770,5950,5630,5670,1840,4380,2580,6700,3220,51890,10.5,6960,14410,420,0,50,180,560,1980,550,130,80,200,800
2032,40300,22,0,Student,Tier_1,10090,0,1720,3040,1230,1150,1980,950,1400,640,950,23150,8.8,3550,17150,300,0,50,90,120,400,590,30,40,20,240
2033,83600,38,1,Salaried,Tier_2,24360,11610,3010,8700,2660,3100,1900,3930,2520,8410,2540,72740,8.8,7360,10860,730,350,90,260,270,1080,570,120,80,250,640
2034,6000,38,3,Self-Employed,Tier_2,860,0,70,980,340,560,100,240,120,630,170,4070,28.6,1720,1930,30,0,0,30,30,200,30,10,0,20,40
2035,60500,28,0,Salaried,Tier_3,10710,0,1560,5740,2810,4400,960,1760,3150,700,3370,35160,31.8,19240,25340,320,0,50,170,280,1540,290,50,90,20,840
2036,138200,27,4,Salaried,Tier_1,20640,15770,6630,19670,7030,8840,3250,4730,4370,1720,4920,97570,12.0,16580,40630,620,470,200,590,700,3090,980,140,130,50,1230
2037,49500,26,2,Freelancer,Tier_2,12640,0,2060,3490,1590,2110,2120,1390,2560,190,2930,31080,33.1,16380,18420,380,0,60,100,160,740,640,40,80,10,730
2038,36800,26,0,Salaried,Tier_1,11090,0,1480,2240,2200,2280,1370,1680,1350,380,1740,25810,16.7,6150,10990,330,0,40,70,220,800,410,50,40,10,440
2039,130500,19,0,Business Owner,Tier_1,36210,18200,6350,14500,7740,12320,2560,4010,2760,2320,6940,113910,31.1,40590,16590,1090,550,190,440,770,4310,770,120,80,70,1740
2040,64800,35,1,Self-Employed,Tier_2,11980,0,1590,5550,4530,6140,1900,3810,870,7650,3360,47380,13.8,8940,17420,360,0,50,170,450,2150,570,110,30,230,840
2041,25900,40,2,Salaried,Tier_3,6550,2040,840,2590,2000,2220,290,1020,1690,70,590,19900,15.2,3940,6000,200,60,30,80,200,780,90,30,50,0,150
2042,125100,41,0,Business Owner,Tier_1,40020,16670,5710,10390,6950,9680,1700,4240,2940,1830,6110,106240,32.9,41160,18860,1200,500,170,310,700,3390,510,130,90,50,1530
2043,4500,21,3,Business Owner,Tier_3,950,0,180,630,240,410,60,140,320,70,170,3170,23.7,1070,1330,30,0,10,20,20,140,20,0,10,0,40
2044,104700,32,3,Self-Employed,Tier_3,14100,7590,3080,9210,3160,8580,4540,5290,3530,9510,3890,72480,19.5,20420,32220,420,230,90,280,320,3000,1360,160,110,290,970
2045,141000,41,1,Business Owner,Tier_2,21710,6250,5080,11970,8380,6400,6530,3660,8340,1830,2890,83040,14.8,20870,57960,650,190,150,360,840,2240,1960,110,250,50,720
2046,52900,50,2,Salaried,Tier_2,6970,8250,1140,5360,4690,3510,2640,1560,3560,5040,1540,44260,31.5,16660,8640,210,250,30,160,470,1230,790,50,110,150,380
2047,6800,42,0,Business Owner,Tier_3,1420,0,330,740,370,550,120,190,270,60,200,4250,27.5,1870,2550,40,0,10,20,40,190,40,10,10,0,50
2048,42000,49,1,Salaried,Tier_3,7460,0,1910,2990,2910,990,470,1500,1300,3860,910,24300,31.4,13190,17700,220,0,60,90,290,350,140,40,40,120,230
2049,87300,52,0,Salaried,Tier_2,13160,0,3420,6500,7100,7280,2820,4490,3160,510,4200,52640,29.7,25930,34660,390,0,100,200,710,2550,850,130,90,20,1050
2050,26300,19,1,Salaried,Tier_2,7090,610,770,3940,2330,1560,730,1160,970,80,760,20000,34.7,9130,6300,210,20,20,120,230,550,220,30,30,0,190
2051,33900,28,1,Salaried,Tier_3,9010,0,430,2510,1490,2870,1480,1170,1670,330,1740,22700,29.7,10070,11200,270,0,10,80,150,1000,440,40,50,10,440
2052,8100,24,0,Self-Employed,Tier_1,2360,410,120,630,340,240,160,250,150,120,260,5040,8.8,710,3060,70,10,0,20,30,80,50,10,0,0,60
2053,38300,42,1,Freelancer,Tier_3,5490,0,790,4880,2680,2850,430,1750,780,3000,1120,23770,34.8,13330,14530,160,0,20,150,270,1000,130,50,20,90,280
2054,21600,43,1,Salaried,Tier_3,4740,790,510,2310,1110,1130,1070,860,580,830,1170,15100,33.6,7260,6500,140,20,20,70,110,400,320,30,20,20,290
2055,13100,35,0,Salaried,Tier_1,4220,2010,240,1730,460,790,650,640,590,240,780,12350,23.9,3130,750,130,60,10,50,50,280,200,20,20,10,200
2056,63600,44,0,Salaried,Tier_1,19850,0,780,6300,4280,5600,660,3680,2180,720,1810,45860,19.2,12210,17740,600,0,20,190,430,1960,200,110,70,20,450
2057,32600,49,0,Freelancer,Tier_2,4180,1030,450,2430,1510,2870,720,1040,1240,550,970,16990,17.7,5770,15610,130,30,10,70,150,1000,220,30,40,20,240
2058,8100,55,1,Freelancer,Tier_1,2130,0,370,790,690,410,290,220,440,960,460,6760,28.2,2280,1340,60,0,10,20,70,140,90,10,10,30,120
2059,25800,19,1,Salaried,Tier_1,8770,1820,1210,2870,1650,1880,1070,1500,1030,370,1480,23650,15.1,3900,2150,260,50,40,90,160,660,320,40,30,10,370
2060,8100,22,0,Salaried,Tier_1,2320,0,350,780,390,270,400,250,460,90,450,5760,34.3,2780,2340,70,0,10,20,40,90,120,10,10,0,110
2061,4500,19,0,Student,Tier_3,680,0,120,450,220,320,170,100,270,10,250,2590,31.3,1410,1910,20,0,0,10,20,110,50,0,10,0,60
2062,83000,25,3,Salaried,Tier_3,11040,4650,3440,14030,4280,4680,850,2260,1240,440,1730,48640,27.3,22660,34360,330,140,100,420,430,1640,260,70,40,10,430
2063,62000,38,0,Salaried,Tier_1,12350,0,2630,5460,3200,1320,3080,2610,2500,960,2220,36330,11.6,7190,25670,370,0,80,160,320,460,920,80,80,30,560
2064,72500,46,1,Salaried,Tier_1,17620,0,3310,9660,3850,2350,2630,1750,3430,3200,2410,50210,8.6,6240,22290,530,0,100,290,380,820,790,50,100,100,600
2065,103500,21,4,Salaried,Tier_1,15800,0,1330,12930,4810,8950,3040,6920,6300,720,2850,63650,28.8,29810,39850,470,0,40,390,480,3130,910,210,190,20,710
2066,50900,26,0,Freelancer,Tier_2,11460,4500,630,4530,4470,1370,1550,2890,1220,540,1590,34750,28.5,14510,16150,340,140,20,140,450,480,460,90,40,20,400
2067,41800,28,1,Business Owner,Tier_2,12100,4990,730,5940,1420,1310,1750,1340,1450,100,2410,33540,26.4,11040,8260,360,150,20,180,140,460,520,40,40,0,600
2068,91200,29,0,Salaried,Tier_2,16270,0,3530,7410,7300,8030,4230,3920,2310,1460,3920,58380,16.4,14960,32820,490,0,110,220,730,2810,1270,120,70,40,980
2069,49200,44,0,Salaried,Tier_2,14500,6280,1760,4090,3660,3740,1460,1020,2850,670,1930,41960,26.0,12790,7240,440,190,50,120,370,1310,440,30,90,20,480
2070,48300,40,0,Business Owner,Tier_2,8590,2910,770,3330,1740,3340,720,1210,1780,390,1820,26600,29.8,14390,21700,260,90,20,100,170,1170,220,40,50,10,460
2071,74500,35,1,Salaried,Tier_2,17000,0,1230,10230,2800,4500,2680,2290,2610,7730,2970,54040,33.1,24660,20460,510,0,40,310,280,1580,800,70,80,230,740
2072,46000,19,2,Salaried,Tier_3,12520,0,1910,6600,3400,3020,1980,1950,660,250,1430,33720,20.0,9200,12280,380,0,60,200,340,1060,590,60,20,10,360
2073,18400,66,1,Retired,Tier_3,2390,0,920,2380,1320,830,890,600,480,210,950,10970,26.7,4910,7430,70,0,30,70,130,290,270,20,10,10,240
2074,8100,21,0,Student,Tier_1,2710,0,320,660,410,350,300,320,460,140,380,6050,13.7,1110,2050,80,0,10,20,40,120,90,10,10,0,100
2075,47600,43,1,Freelancer,Tier_2,14280,0,2290,6290,3390,1490,2240,1990,1870,4040,2430,40310,20.8,9900,7290,430,0,70,190,340,520,670,60,60,120,610
2076,126100,42,0,Self-Employed,Tier_2,34230,0,4970,14070,7010,7300,2450,7190,6370,1230,6500,91320,13.1,16520,34780,1030,0,150,420,700,2560,740,220,190,40,1620
2077,124700,29,1,Self-Employed,Tier_2,36570,0,2670,15540,4090,13050,4260,4840,2040,800,4880,88740,31.5,39280,35960,1100,0,80,470,410,4570,1280,150,60,20,1220
2078,39500,41,2,Self-Employed,Tier_2,7510,0,1070,3970,3210,3230,1660,1550,860,170,1400,24630,10.0,3950,14870,230,0,30,120,320,1130,500,50,30,10,350
2079,85000,37,3,Salaried,Tier_2,20450,400,1070,8140,6880,3530,3360,2190,2150,7860,2720,58750,12.8,10880,26250,610,10,30,240,690,1240,1010,70,60,240,680
2080,54000,55,1,Retired,Tier_2,10170,0,1300,6350,2000,3520,920,3140,1810,1700,1610,32520,34.8,18790,21480,310,0,40,190,200,1230,280,90,50,50,400
2081,63700,55,1,Self-Employed,Tier_2,8590,0,2700,8680,4060,6380,3140,4110,2760,2940,2380,45740,19.7,12550,17960,260,0,80,260,410,2230,940,120,80,90,600
2082,34900,56,0,Self-Employed,Tier_1,8840,0,1020,4550,2460,3430,750,920,1220,240,1360,24790,20.9,7290,10110,270,0,30,140,250,1200,220,30,40,10,340
2083,70400,34,1,Salaried,Tier_2,14470,0,2940,10620,4540,5420,1830,2610,4370,420,1970,49190,19.5,13730,21210,430,0,90,320,450,1900,550,80,130,10,490
2084,29600,52,2,Self-Employed,Tier_1,7220,4500,470,4680,2160,2610,870,1900,1600,470,1220,27700,30.5,9030,1900,220,140,10,140,220,910,260,60,50,10,300
2085,18700,23,0,Student,Tier_1,3580,0,470,2040,620,400,470,1030,920,200,1020,10750,33.8,6320,7950,110,0,10,60,60,140,140,30,30,10,260
2086,79400,33,1,Salaried,Tier_1,11260,0,1040,11290,4570,2160,1010,3760,4310,2380,3770,45550,20.3,16120,33850,340,0,30,340,460,760,300,110,130,70,940
2087,81700,58,2,Retired,Tier_1,11780,10470,2030,12530,5690,1810,1190,3120,2380,3880,4390,59270,33.8,27610,22430,350,310,60,380,570,630,360,90,70,120,1100
2088,96500,42,1,Salaried,Tier_1,26580,0,3150,7020,8400,4360,4640,5430,6250,80,5570,71480,27.1,26150,25020,800,0,90,210,840,1530,1390,160,190,0,1390
2089,94100,40,1,Business Owner,Tier_3,12040,17420,4230,6890,7800,4550,1590,2670,5220,1660,4200,68270,12.3,11570,25830,360,520,130,210,780,1590,480,80,160,50,1050
2090,15200,20,0,Student,Tier_3,2870,0,570,1430,820,490,550,820,890,70,510,9020,27.5,4180,6180,90,0,20,40,80,170,160,20,30,0,130
2091,57200,32,3,Freelancer,Tier_3,14960,0,1350,4730,2800,2110,730,1740,4060,4200,3230,39910,34.0,19450,17290,450,0,40,140,280,740,220,50,120,130,810
2092,8100,36,0,Freelancer,Tier_1,2300,0,380,980,730,510,220,440,180,70,450,6260,18.2,1470,1840,70,0,10,30,70,180,70,10,10,0,110
2093,69400,43,2,Salaried,Tier_1,20450,5910,3130,9100,4960,3400,1000,3960,2790,1070,3830,59600,27.9,19360,9800,610,180,90,270,500,1190,300,120,80,30,960
2094,9400,37,2,Salaried,Tier_3,2760,40,120,1090,730,410,440,240,200,550,390,6970,31.0,2910,2430,80,0,0,30,70,140,130,10,10,20,100
2095,127200,26,1,Salaried,Tier_1,41410,0,1970,18940,5800,3830,3330,7090,1500,1230,6110,91210,30.9,39300,35990,1240,0,60,570,580,1340,1000,210,40,40,1530
2096,14400,36,3,Salaried,Tier_3,2380,0,720,1130,560,350,560,830,280,260,810,7880,8.2,1180,6520,70,0,20,30,60,120,170,20,10,10,200
2097,61800,69,2,Retired,Tier_2,11420,0,2280,5600,4630,4640,1590,3550,3170,2320,1540,40740,20.4,12610,21060,340,0,70,170,460,1620,480,110,100,70,380
2098,47800,37,1,Salaried,Tier_1,11120,7970,690,6160,3960,970,1340,2010,1160,440,2820,38640,17.8,8510,9160,330,240,20,180,400,340,400,60,30,10,700
2099,78400,23,2,Salaried,Tier_2,19120,10420,1280,11480,4950,2840,2620,2250,1840,1340,3420,61560,12.1,9490,16840,570,310,40,340,500,990,790,70,60,40,860
2100,95300,23,2,Salaried,Tier_2,15250,8860,4110,14690,4460,6500,4370,5210,1670,1180,2080,68380,24.0,22870,26920,460,270,120,440,450,2280,1310,160,50,40,520
2101,40400,28,0,Freelancer,Tier_3,12040,0,550,4590,1610,2940,1690,910,840,70,830,26070,23.1,9330,14330,360,0,20,140,160,1030,510,30,30,0,210
2102,81000,20,1,Salaried,Tier_1,17940,11560,3140,10390,4370,2990,1010,4900,4930,900,4490,66620,24.8,20090,14380,540,350,90,310,440,1050,300,150,150,30,1120
2103,50800,47,0,Salaried,Tier_1,11280,0,1210,6540,4340,3670,1290,3020,850,330,3010,35540,18.1,9190,15260,340,0,40,200,430,1280,390,90,30,10,750
2104,10400,38,2,Self-Employed,Tier_3,1920,1840,520,1610,550,480,360,510,680,150,550,9170,32.5,3380,1230,60,60,20,50,60,170,110,20,20,0,140
2105,6200,23,0,Student,Tier_2,870,0,70,370,330,360,190,370,360,30,300,3250,29.8,1850,2950,30,0,0,10,30,130,60,10,10,0,80
2106,102600,34,0,Self-Employed,Tier_3,24320,9350,3940,11160,8330,7880,4670,3630,3930,1570,3060,81840,18.1,18570,20760,730,280,120,330,830,2760,1400,110,120,50,760
2107,76100,39,0,Freelancer,Tier_1,23580,5270,2450,6040,3480,1600,2250,3130,850,1160,2820,52630,17.9,13620,23470,710,160,70,180,350,560,680,90,30,30,700
2108,28400,62,3,Retired,Tier_1,7580,0,660,3500,1360,980,900,1800,1310,610,920,19620,18.3,5200,8780,230,0,20,100,140,340,270,50,40,20,230
2109,54100,36,0,Self-Employed,Tier_2,13240,11450,1320,4630,2820,1550,950,1420,1810,90,2030,41310,21.8,11790,12790,400,340,40,140,280,540,280,40,50,0,510
2110,140300,39,0,Business Owner,Tier_3,41670,19210,5280,18260,9560,4400,1540,7010,7170,260,2930,117290,27.3,38300,23010,1250,580,160,550,960,1540,460,210,220,10,730
2111,35200,32,1,Freelancer,Tier_2,8050,6490,660,4630,2050,2430,560,1940,1450,3770,1530,33560,20.1,7080,1640,240,190,20,140,200,850,170,60,40,110,380
2112,95800,61,2,Self-Employed,Tier_3,26170,12700,2400,7120,5250,5610,1130,2580,2790,9350,2390,77490,20.9,20020,18310,790,380,70,210,520,1960,340,80,80,280,600
2113,8100,46,2,Self-Employed,Tier_1,1770,0,140,790,710,430,310,220,240,110,260,4980,34.2,2770,3120,50,0,0,20,70,150,90,10,10,0,60
2114,56400,69,1,Retired,Tier_1,9050,3640,2150,7500,4840,1550,1570,2560,2070,2780,1640,39350,34.3,19350,17050,270,110,60,220,480,540,470,80,60,80,410
2115,131000,35,2,Business Owner,Tier_1,24100,0,4620,12030,9130,7400,5340,5010,6160,11220,3420,88430,8.4,11000,42570,720,0,140,360,910,2590,1600,150,180,340,860
2116,98800,34,4,Salaried,Tier_3,12570,10860,1590,8270,3910,4150,3890,5770,7510,2400,3970,64890,17.6,17390,33910,380,330,50,250,390,1450,1170,170,230,70,990
2117,46400,55,1,Retired,Tier_2,12700,5760,520,5450,4160,2690,1010,2000,2080,2600,1110,40080,26.7,12390,6320,380,170,20,160,420,940,300,60,60,80,280
2118,67200,19,0,Salaried,Tier_1,18400,0,2930,6200,4140,5980,1140,3090,900,510,3890,47180,18.5,12430,20020,550,0,90,190,410,2090,340,90,30,20,970
2119,4500,49,0,Salaried,Tier_3,1270,480,50,530,180,140,170,160,160,0,190,3330,10.0,450,1170,40,10,0,20,20,50,50,0,0,0,50
2120,77200,33,1,Salaried,Tier_1,26530,0,1440,5280,2600,2690,2500,1680,3110,1180,4280,51290,15.0,11580,25910,800,0,40,160,260,940,750,50,90,40,1070
2121,4500,20,0,Student,Tier_3,970,0,120,560,280,380,130,220,80,0,110,2850,9.9,450,1650,30,0,0,20,30,130,40,10,0,0,30
2122,21400,65,1,Retired,Tier_2,5970,2240,800,1800,670,1180,690,1240,480,200,1220,16490,25.3,5410,4910,180,70,20,50,70,410,210,40,10,10,300
2123,8200,34,2,Salaried,Tier_3,1410,1620,190,1300,490,710,110,430,300,700,260,7520,12.5,1020,680,40,50,10,40,50,250,30,10,10,20,60
2124,39600,60,0,Retired,Tier_3,11630,0,710,2730,3510,1230,750,2070,1090,620,1550,25890,19.7,7800,13710,350,0,20,80,350,430,220,60,30,20,390
2125,100200,42,4,Salaried,Tier_1,22140,19770,4060,11450,5710,4850,2550,3260,5390,880,4660,84720,30.7,30760,15480,660,590,120,340,570,1700,760,100,160,30,1160
2126,81200,46,0,Salaried,Tier_1,18300,0,2790,8590,2700,4260,1250,3960,2730,400,3030,48010,8.6,6980,33190,550,0,80,260,270,1490,380,120,80,10,760
2127,68600,41,2,Salaried,Tier_3,11110,6140,2160,6170,3030,2020,1240,3300,3780,650,1750,41350,17.7,12140,27250,330,180,60,190,300,710,370,100,110,20,440
2128,6000,20,0,Student,Tier_2,790,0,150,490,380,360,130,240,340,80,320,3280,23.6,1420,2720,20,0,0,10,40,130,40,10,10,0,80
2129,59600,33,1,Salaried,Tier_2,11580,3740,1530,8130,3880,3000,1270,3300,2470,920,1210,41030,24.1,14360,18570,350,110,50,240,390,1050,380,100,70,30,300
2130,16000,35,0,Salaried,Tier_1,5330,3290,320,1030,940,900,330,580,680,250,790,14440,31.3,5010,1560,160,100,10,30,90,320,100,20,20,10,200
2131,58800,43,0,Business Owner,Tier_1,16210,7110,1780,7730,4190,5480,720,3000,1170,120,3510,51020,18.1,10640,7780,490,210,50,230,420,1920,220,90,40,0,880
2132,56700,51,1,Freelancer,Tier_1,15790,5040,2630,7910,4470,1500,2080,1840,2570,360,3290,47480,19.0,10770,9220,470,150,80,240,450,520,620,60,80,10,820
2133,50100,55,1,Salaried,Tier_3,12070,0,2340,6160,4250,1220,1140,1500,1890,2950,2700,36220,10.1,5060,13880,360,0,70,180,420,430,340,40,60,90,680
2134,63900,55,1,Retired,Tier_1,16090,0,1520,7450,5370,3490,1450,3950,1340,300,1460,42420,17.3,11050,21480,480,0,50,220,540,1220,440,120,40,10,360
2135,42300,29,3,Salaried,Tier_3,6820,0,590,7020,1960,1530,1960,1570,3060,680,2470,27660,20.4,8630,14640,200,0,20,210,200,540,590,50,90,20,620
2136,64400,32,2,Salaried,Tier_2,13020,0,3010,7460,4420,2560,2470,2380,3950,3650,2460,45380,15.1,9720,19020,390,0,90,220,440,900,740,70,120,110,620
2137,258300,28,1,Business Owner,Tier_1,82050,41980,7850,31500,12330,18410,2690,10610,15310,3060,5940,231730,8.9,22990,26570,2460,1260,240,940,1230,6440,810,320,460,90,1480
2138,12900,32,2,Self-Employed,Tier_2,2150,340,390,1410,780,1350,370,760,870,1340,350,10110,21.9,2830,2790,60,10,10,40,80,470,110,20,30,40,90
2139,133800,33,0,Salaried,Tier_1,28480,0,4170,10820,6140,11930,6110,4550,2120,350,6800,81470,15.7,21010,52330,850,0,130,320,610,4180,1830,140,60,10,1700
2140,19300,18,0,Student,Tier_1,5270,0,760,2070,1290,780,440,730,920,230,590,13080,16.8,3240,6220,160,0,20,60,130,270,130,20,30,10,150
2141,95800,50,1,Salaried,Tier_2,12730,8290,3400,6990,6670,2440,1940,5250,6080,5810,2750,62350,20.5,19640,33450,380,250,100,210,670,850,580,160,180,170,690
2142,16000,72,2,Retired,Tier_1,4320,0,410,1440,910,520,320,860,890,280,400,10350,17.0,2720,5650,130,0,10,40,90,180,100,30,30,10,100
2143,51700,38,0,Salaried,Tier_3,10770,5470,1800,6370,4180,1910,1770,2100,1800,310,2480,38960,25.6,13240,12740,320,160,50,190,420,670,530,60,50,10,620
2144,64200,37,0,Business Owner,Tier_2,11890,3780,2870,7990,4030,2750,1940,2210,3770,1030,1680,43940,12.5,8020,20260,360,110,90,240,400,960,580,70,110,30,420
2145,51500,32,2,Freelancer,Tier_2,11770,0,860,8020,2920,3920,2230,3570,3460,2230,1710,40690,14.0,7210,10810,350,0,30,240,290,1370,670,110,100,70,430
2146,41000,57,1,Retired,Tier_1,12590,0,1040,2880,3280,2970,1820,1560,1840,110,2140,30230,29.6,12140,10770,380,0,30,90,330,1040,550,50,60,0,540
2147,24800,25,1,Freelancer,Tier_1,7640,0,1000,3490,830,500,370,670,700,230,1140,16570,31.6,7840,8230,230,0,30,100,80,180,110,20,20,10,280
2148,62800,25,1,Freelancer,Tier_1,20200,0,1590,7310,2530,3700,2220,3820,3000,800,3580,48750,21.4,13440,14050,610,0,50,220,250,1300,670,110,90,20,900
2149,138000,34,0,Business Owner,Tier_3,21390,2330,6250,10090,6290,12510,4360,3500,5910,1100,5220,78950,13.2,18220,59050,640,70,190,300,630,4380,1310,100,180,30,1300
2150,84300,26,1,Salaried,Tier_3,22000,2130,3230,8200,3900,7400,2780,5360,4380,580,3820,63780,26.1,22000,20520,660,60,100,250,390,2590,830,160,130,20,960
2151,146400,19,0,Self-Employed,Tier_1,40350,27180,4100,19600,10240,8610,3400,6720,1890,1780,8170,132040,12.2,17860,14360,1210,820,120,590,1020,3010,1020,200,60,50,2040
2152,4500,19,2,Salaried,Tier_3,970,450,220,510,290,180,190,180,160,70,200,3420,29.8,1340,1080,30,10,10,20,30,60,60,10,0,0,50
2153,90600,41,0,Business Owner,Tier_2,15310,30,1200,12590,4850,5010,2550,4330,3000,680,4140,53690,28.8,26090,36910,460,0,40,380,480,1750,760,130,90,20,1040
2154,26100,19,0,Student,Tier_1,5230,0,610,2470,1290,560,1050,1280,580,30,1340,14440,32.1,8380,11660,160,0,20,70,130,200,320,40,20,0,340
2155,101500,45,3,Salaried,Tier_2,27490,0,4880,10920,8220,8410,1910,6720,1340,370,5580,75840,16.0,16240,25660,820,0,150,330,820,2940,570,200,40,10,1400
2156,21300,21,1,Self-Employed,Tier_1,3830,4380,900,2080,1090,610,310,1240,730,50,940,16160,13.9,2960,5140,110,130,30,60,110,210,90,40,20,0,240
2157,57100,19,1,Freelancer,Tier_2,11580,10550,2030,7060,3230,2860,1030,2700,3630,420,1220,46310,33.1,18900,10790,350,320,60,210,320,1000,310,80,110,10,300
2158,132100,20,2,Salaried,Tier_1,41820,14860,1420,17400,7850,7420,5080,5840,5850,1210,5310,114060,14.9,19680,18040,1250,450,40,520,780,2600,1520,180,180,40,1330
2159,122200,19,0,Salaried,Tier_1,34230,26780,3410,9810,7350,10470,2370,6710,7000,1250,4600,113980,32.3,39470,8220,1030,800,100,290,740,3660,710,200,210,40,1150
2160,108600,26,0,Salaried,Tier_3,28710,0,3050,7830,7540,2670,2510,4110,5060,1890,3380,66750,22.5,24440,41850,860,0,90,230,750,930,750,120,150,60,840
2161,10900,19,0,Student,Tier_1,3300,0,390,1050,600,470,360,510,200,160,310,7350,10.9,1190,3550,100,0,10,30,60,160,110,20,10,0,80
2162,22800,21,0,Student,Tier_1,7060,0,320,2690,1650,1060,760,480,540,180,500,15240,19.7,4490,7560,210,0,10,80,160,370,230,10,20,10,120
2163,78900,37,2,Salaried,Tier_2,10860,0,2730,12140,4710,4700,1080,5000,3780,690,4660,50350,12.3,9700,28550,330,0,80,360,470,1640,320,150,110,20,1160
2164,65600,47,2,Freelancer,Tier_2,17640,0,3000,9630,3180,1680,3010,2820,3510,110,2560,47140,20.6,13510,18460,530,0,90,290,320,590,900,80,110,0,640
2165,69700,25,1,Salaried,Tier_2,14250,0,780,8980,5200,3080,1130,4510,800,780,2730,42240,27.2,18960,27460,430,0,20,270,520,1080,340,140,20,20,680
2166,83700,32,0,Self-Employed,Tier_2,11300,1190,3470,10810,2970,4450,2710,3130,4070,1030,3720,48850,25.1,21010,34850,340,40,100,320,300,1560,810,90,120,30,930
2167,76300,33,3,Self-Employed,Tier_1,24170,0,1320,8420,5030,2070,790,5150,4780,320,2330,54380,24.8,18920,21920,730,0,40,250,500,720,240,150,140,10,580
2168,92700,44,0,Salaried,Tier_1,18660,13850,2490,6840,6210,6680,3680,2830,4140,430,4780,70590,10.5,9730,22110,560,420,70,210,620,2340,1100,80,120,10,1200
2169,157600,30,2,Self-Employed,Tier_1,30770,3460,7660,23690,5700,12020,6380,6310,5200,18460,4140,123790,33.2,52320,33810,920,100,230,710,570,4210,1910,190,160,550,1040
2170,100500,34,0,Self-Employed,Tier_1,30840,0,4950,7800,4700,4530,1590,4980,3860,1440,3950,68640,23.6,23720,31860,930,0,150,230,470,1590,480,150,120,40,990
2171,53400,45,1,Salaried,Tier_3,6590,4940,1090,6650,4070,3760,630,3210,2830,1090,2970,37830,9.1,4860,15570,200,150,30,200,410,1320,190,100,80,30,740
2172,44500,27,1,Freelancer,Tier_2,9960,0,1780,2970,2480,3230,1570,1660,1700,370,1280,27000,8.5,3780,17500,300,0,50,90,250,1130,470,50,50,10,320
2173,139900,21,2,Salaried,Tier_1,41190,28840,5120,22360,12540,6450,1510,3790,3230,340,8060,133430,28.2,39450,6470,1240,870,150,670,1250,2260,450,110,100,10,2020
2174,38800,65,2,Retired,Tier_1,8060,0,1470,4530,2740,1350,1140,1330,1440,2750,1610,26420,8.2,3180,12380,240,0,40,140,270,470,340,40,40,80,400
2175,21100,42,1,Salaried,Tier_3,2820,0,340,2790,920,1400,730,1190,600,260,730,11780,13.3,2810,9320,80,0,10,80,90,490,220,40,20,10,180
2176,132400,33,0,Business Owner,Tier_3,19670,9550,3350,17890,5190,9200,5970,3740,3180,970,4010,82720,15.3,20260,49680,590,290,100,540,520,3220,1790,110,100,30,1000
2177,44600,58,1,Retired,Tier_2,12920,440,1750,5090,3470,1520,1510,1620,570,310,2410,31610,13.4,5980,12990,390,10,50,150,350,530,450,50,20,10,600
2178,6000,39,1,Business Owner,Tier_2,920,670,230,800,220,170,160,180,70,270,200,3890,33.7,2020,2110,30,20,10,20,20,60,50,10,0,10,50
2179,84000,19,1,Business Owner,Tier_3,19360,0,1560,6660,5180,6350,3110,4800,3980,1430,4670,57100,28.5,23940,26900,580,0,50,200,520,2220,930,140,120,40,1170
2180,101100,37,1,Self-Employed,Tier_1,17600,21330,3860,6780,7760,5940,1130,5020,6450,8040,3180,87090,29.1,29420,14010,530,640,120,200,780,2080,340,150,190,240,800
2181,54200,33,0,Salaried,Tier_3,8200,0,2090,5400,3240,2660,2420,2780,1150,920,2630,31490,10.0,5420,22710,250,0,60,160,320,930,730,80,30,30,660
2182,23900,23,0,Student,Tier_1,8160,0,710,3270,1260,1680,490,590,380,330,510,17380,29.9,7150,6520,240,0,20,100,130,590,150,20,10,10,130
2183,37500,20,2,Freelancer,Tier_2,5330,7960,910,5020,1820,770,460,2060,670,50,1540,26590,20.1,7540,10910,160,240,30,150,180,270,140,60,20,0,380
2184,8100,19,0,Business Owner,Tier_1,1650,970,110,540,400,750,90,230,430,20,270,5460,31.4,2540,2640,50,30,0,20,40,260,30,10,10,0,70
2185,131400,21,1,Salaried,Tier_1,19290,28140,5650,13730,9140,4290,3020,4120,7570,400,3650,99000,25.6,33640,32400,580,840,170,410,910,1500,910,120,230,10,910
2186,62400,34,2,Salaried,Tier_2,13780,0,2700,6150,2150,5250,1320,3230,1020,790,3280,39670,9.0,5620,22730,410,0,80,180,220,1840,400,100,30,20,820
2187,94700,31,1,Self-Employed,Tier_1,23880,0,4140,7810,6730,9310,1810,5980,2880,1270,3420,67230,13.1,12410,27470,720,0,120,230,670,3260,540,180,90,40,860
2188,61300,24,4,Salaried,Tier_3,11530,0,1210,10540,3170,1550,2400,2710,1650,730,1300,36790,18.7,11460,24510,350,0,40,320,320,540,720,80,50,20,320
2189,57400,51,0,Salaried,Tier_3,11820,0,2510,5000,3900,2830,1350,1690,720,820,1670,32310,34.5,19800,25090,350,0,80,150,390,990,400,50,20,20,420
2190,70400,62,2,Retired,Tier_1,10120,8560,990,5830,3710,3180,960,2650,2940,820,2160,41920,17.8,12530,28480,300,260,30,170,370,1110,290,80,90,20,540
2191,4500,63,2,Retired,Tier_3,1120,0,220,480,340,290,60,210,250,490,90,3550,13.8,620,950,30,0,10,10,30,100,20,10,10,10,20
2192,139500,19,0,Salaried,Tier_1,36690,12460,1480,15000,11310,10270,1580,8200,2230,2470,6020,107710,12.4,17300,31790,1100,370,40,450,1130,3590,470,250,70,70,1500
2193,45500,22,0,Freelancer,Tier_2,6770,1460,1620,4610,3950,4070,1790,2140,1240,440,2260,30350,25.2,11470,15150,200,40,50,140,400,1420,540,60,40,10,560
2194,30400,38,1,Freelancer,Tier_2,8270,6320,1490,2180,970,1090,1260,1100,800,1370,970,25820,14.8,4500,4580,250,190,40,70,100,380,380,30,20,40,240
2195,97000,29,0,Freelancer,Tier_2,28010,0,1220,8120,6290,4350,4680,5670,1210,1100,5420,66070,34.5,33460,30930,840,0,40,240,630,1520,1400,170,40,30,1360
2196,175300,48,0,Business Owner,Tier_1,57480,5220,4900,12470,7930,10290,2400,10190,7100,1780,10100,129860,15.0,26300,45440,1720,160,150,370,790,3600,720,310,210,50,2520
2197,65300,33,2,Salaried,Tier_2,13000,0,810,7140,2610,2970,1530,4270,1520,5160,1800,40810,28.1,18350,24490,390,0,20,210,260,1040,460,130,50,150,450
2198,101300,36,1,Salaried,Tier_1,15430,0,3760,7410,4540,8960,3500,3720,4100,6740,4270,62430,20.0,20260,38870,460,0,110,220,450,3140,1050,110,120,200,1070
2199,8100,43,0,Self-Employed,Tier_1,2660,1360,390,590,530,640,400,300,130,120,420,7540,33.4,2710,560,80,40,10,20,50,220,120,10,0,0,100
2200,147800,19,0,Salaried,Tier_1,28340,18050,3580,10870,12410,8700,6930,3300,6510,1730,8860,109280,33.5,49510,38520,850,540,110,330,1240,3040,2080,100,200,50,2220
2201,66100,46,1,Salaried,Tier_3,18450,7480,980,5110,3350,2870,2860,2140,2600,6810,2170,54820,17.0,11240,11280,550,220,30,150,340,1000,860,60,80,200,540
2202,52500,43,3,Salaried,Tier_1,16300,1360,2130,4540,4220,3960,1640,3330,1260,5390,2750,46880,28.8,15120,5620,490,40,60,140,420,1390,490,100,40,160,690
2203,10700,21,0,Student,Tier_3,2580,530,130,1120,660,230,420,490,360,80,270,6870,26.6,2850,3830,80,20,0,30,70,80,130,10,10,0,70
2204,78700,35,1,Salaried,Tier_3,17970,16940,1710,11300,3810,6730,1660,4590,3360,9330,1940,79340,16.4,12910,-640,540,510,50,340,380,2360,500,140,100,280,480
2205,61800,34,0,Self-Employed,Tier_3,8710,9410,2180,7390,3240,4050,2120,2720,2050,180,2170,44220,27.9,17240,17580,260,280,70,220,320,1420,640,80,60,10,540
2206,103100,39,4,Salaried,Tier_2,24150,1790,3780,8600,5620,7580,3850,8030,7650,490,4890,76430,16.3,16810,26670,720,50,110,260,560,2650,1160,240,230,10,1220
2207,60700,30,0,Salaried,Tier_2,13590,6770,1540,7020,2130,3900,1650,3480,3070,690,2630,46470,20.7,12560,14230,410,200,50,210,210,1360,500,100,90,20,660
2208,67900,36,2,Salaried,Tier_2,11200,0,1270,5200,6090,2270,880,2660,3440,5830,3540,42380,28.2,19150,25520,340,0,40,160,610,790,260,80,100,170,880
2209,191800,23,5,Salaried,Tier_1,63200,7200,5330,21600,11950,15730,7670,13240,6870,970,11230,164990,33.2,63680,26810,1900,220,160,650,1200,5510,2300,400,210,30,2810
2210,79500,26,4,Freelancer,Tier_1,17490,9340,2680,9690,3490,5140,850,4390,4440,1270,2440,61220,22.8,18130,18280,520,280,80,290,350,1800,260,130,130,40,610
2211,49200,33,0,Salaried,Tier_1,15850,0,2270,2990,3040,1150,1830,2840,2700,450,2210,35330,28.3,13920,13870,480,0,70,90,300,400,550,90,80,10,550
2212,174400,51,0,Business Owner,Tier_1,26440,7870,6570,10940,15060,12170,3260,9130,9020,250,7420,108130,26.6,46390,66270,790,240,200,330,1510,4260,980,270,270,10,1860
2213,42400,45,3,Self-Employed,Tier_1,12380,0,1000,5890,1280,4220,1310,2600,1250,570,990,31490,15.7,6660,10910,370,0,30,180,130,1480,390,80,40,20,250
2214,56000,32,0,Salaried,Tier_2,8770,0,2190,6270,4660,1750,1650,2680,2120,560,1930,32580,32.2,18030,23420,260,0,70,190,470,610,500,80,60,20,480
2215,20000,24,0,Business Owner,Tier_1,3480,880,590,1850,1380,890,450,1130,670,190,720,12230,12.2,2440,7770,100,30,20,60,140,310,140,30,20,10,180
2216,130600,39,1,Self-Employed,Tier_2,23630,870,4380,13170,8130,5040,3970,4190,5710,3470,6000,78560,16.9,22070,52040,710,30,130,400,810,1760,1190,130,170,100,1500
2217,95700,26,1,Business Owner,Tier_1,16280,0,1660,9910,8350,3070,2590,3510,4100,420,4880,54770,23.9,22870,40930,490,0,50,300,840,1070,780,110,120,10,1220
2218,8100,40,1,Business Owner,Tier_1,2560,0,220,1150,650,730,130,520,450,380,340,7130,9.7,790,970,80,0,10,30,60,260,40,20,10,10,80
2219,103200,39,2,Self-Employed,Tier_1,17450,0,1040,10010,3750,11010,4600,2570,4560,9380,2590,66960,22.8,23530,36240,520,0,30,300,380,3850,1380,80,140,280,650
2220,8100,41,3,Salaried,Tier_1,2670,1430,120,970,710,180,220,510,410,630,270,8120,9.8,790,-20,80,40,0,30,70,60,70,20,10,20,70
2221,60200,26,1,Salaried,Tier_2,12370,990,1600,6760,4130,5240,1600,3720,1440,270,2990,41110,30.5,18360,19090,370,30,50,200,410,1830,480,110,40,10,750
2222,100600,39,0,Salaried,Tier_1,24210,11610,3270,11570,4690,4400,1950,2310,5900,1680,4080,75670,26.8,26960,24930,730,350,100,350,470,1540,580,70,180,50,1020
2223,26200,45,3,Salaried,Tier_1,8980,220,400,2640,790,1170,1150,1300,430,60,1030,18170,22.0,5760,8030,270,10,10,80,80,410,340,40,10,0,260
2224,84600,23,0,Self-Employed,Tier_3,10200,4360,3290,6490,3360,4100,1600,4370,5050,1110,1800,45730,13.8,11670,38870,310,130,100,190,340,1440,480,130,150,30,450
2225,94000,38,0,Salaried,Tier_2,11440,15120,2140,12100,2910,4600,4150,4190,3730,1550,1890,63820,21.4,20120,30180,340,450,60,360,290,1610,1240,130,110,50,470
2226,127100,29,0,Business Owner,Tier_2,19060,13170,3140,10580,6550,3510,5780,4590,4120,830,4960,76290,22.1,28090,50810,570,400,90,320,660,1230,1730,140,120,20,1240
2227,94500,36,1,Salaried,Tier_1,27680,0,2230,6610,7880,8440,2760,4180,4210,10850,2960,77800,9.4,8880,16700,830,0,70,200,790,2950,830,130,130,330,740
2228,62600,33,0,Salaried,Tier_3,15110,0,1480,8680,3530,3030,2640,1660,1540,420,2760,40850,27.0,16900,21750,450,0,40,260,350,1060,790,50,50,10,690
2229,162700,24,2,Salaried,Tier_1,49960,0,7970,16280,8130,12280,3340,9700,5520,560,8300,122040,12.9,20990,40660,1500,0,240,490,810,4300,1000,290,170,20,2080
2230,106100,42,0,Salaried,Tier_1,35560,0,2660,6790,7670,8470,4140,5030,3790,1450,4320,79880,9.0,9550,26220,1070,0,80,200,770,2960,1240,150,110,40,1080
2231,152400,26,2,Salaried,Tier_2,32730,0,2170,21950,8140,12730,6890,9660,7180,2380,4010,107840,28.0,42670,44560,980,0,70,660,810,4460,2070,290,220,70,1000
2232,31700,21,0,Self-Employed,Tier_3,4740,5520,670,4060,1570,2970,1090,1390,1770,270,1070,25120,18.5,5860,6580,140,170,20,120,160,1040,330,40,50,10,270
2233,54600,57,0,Freelancer,Tier_2,12850,11310,1310,7050,4830,2780,710,2580,840,770,1710,46740,14.4,7860,7860,390,340,40,210,480,970,210,80,30,20,430
2234,33900,25,2,Self-Employed,Tier_2,5300,0,1630,3210,2240,2180,970,1710,1320,200,1290,20050,34.5,11700,13850,160,0,50,100,220,760,290,50,40,10,320
2235,42400,44,0,Freelancer,Tier_1,13950,0,1480,4880,3570,1450,1990,1740,1220,450,1530,32260,15.5,6570,10140,420,0,40,150,360,510,600,50,40,10,380
2236,35700,27,2,Salaried,Tier_2,10650,3070,1600,4210,2100,1770,1160,960,2390,80,1700,29690,16.7,5960,6010,320,90,50,130,210,620,350,30,70,0,420
2237,37300,31,0,Salaried,Tier_2,9780,0,790,3600,2130,1690,780,1830,1270,280,840,22990,17.0,6340,14310,290,0,20,110,210,590,230,50,40,10,210
2238,109000,26,1,Self-Employed,Tier_2,25120,14650,5150,10660,3320,6730,1820,4990,6370,450,3980,83240,33.6,36620,25760,750,440,150,320,330,2360,550,150,190,10,1000
2239,53100,36,2,Self-Employed,Tier_1,12610,0,2060,5460,1930,3840,1960,1760,3090,4000,3150,39860,18.6,9880,13240,380,0,60,160,190,1340,590,50,90,120,790
2240,10400,18,0,Student,Tier_3,2760,0,140,1440,800,260,270,380,480,140,560,7230,19.1,1990,3170,80,0,0,40,80,90,80,10,10,0,140
2241,105800,35,3,Salaried,Tier_1,17720,18610,1610,15060,7080,5240,1170,3950,3910,1540,3290,79180,21.1,22320,26620,530,560,50,450,710,1830,350,120,120,50,820
2242,112900,45,0,Salaried,Tier_1,21390,0,3670,9810,4090,3120,3230,3030,6240,1330,6090,62000,26.9,30370,50900,640,0,110,290,410,1090,970,90,190,40,1520
2243,12900,18,0,Student,Tier_2,3110,460,140,1030,690,280,460,460,400,100,280,7410,33.0,4260,5490,90,10,0,30,70,100,140,10,10,0,70
2244,29300,40,3,Self-Employed,Tier_3,8540,5980,1040,3130,2090,2410,460,1340,1120,2970,1350,30430,12.7,3720,-1130,260,180,30,90,210,840,140,40,30,90,340
2245,42300,50,3,Salaried,Tier_3,6800,0,1160,6680,2060,1300,580,1610,2610,340,2480,25620,10.3,4360,16680,200,0,30,200,210,450,170,50,80,10,620
2246,6000,19,0,Student,Tier_2,780,0,80,460,370,150,220,330,210,30,160,2790,19.0,1140,3210,20,0,0,10,40,50,70,10,10,0,40
2247,38700,26,0,Freelancer,Tier_1,11330,1090,1410,2510,2930,2240,1530,1410,1690,300,1240,27680,9.4,3640,11020,340,30,40,80,290,780,460,40,50,10,310
2248,7000,21,0,Student,Tier_3,1960,0,300,970,350,540,140,190,290,120,260,5120,30.4,2130,1880,60,0,10,30,40,190,40,10,10,0,60
2249,8300,22,2,Self-Employed,Tier_3,2470,150,330,1180,750,400,320,500,500,40,420,7060,28.9,2400,1240,70,0,10,40,80,140,100,20,20,0,100
2250,73100,51,2,Self-Employed,Tier_1,12180,0,2950,9640,3580,3410,2810,1960,1100,810,3400,41840,25.4,18570,31260,370,0,90,290,360,1190,840,60,30,20,850
2251,39000,42,1,Salaried,Tier_2,7770,0,1620,3310,1910,1520,870,2470,1680,1170,2170,24490,28.5,11120,14510,230,0,50,100,190,530,260,70,50,40,540
2252,48700,33,1,Self-Employed,Tier_2,6790,0,2290,7180,3100,2160,2200,1770,1020,20,1050,27580,28.5,13880,21120,200,0,70,220,310,760,660,50,30,0,260
2253,138500,30,1,Business Owner,Tier_2,20160,0,5160,18180,7210,7350,6530,8930,7620,2210,4440,87790,21.4,29640,50710,600,0,150,550,720,2570,1960,270,230,70,1110
2254,115400,45,0,Salaried,Tier_1,21730,14740,2490,7590,7470,5140,5640,4640,3190,920,4340,77890,32.9,37970,37510,650,440,70,230,750,1800,1690,140,100,30,1080
2255,12300,62,2,Freelancer,Tier_2,3080,0,240,1360,520,830,160,630,450,530,560,8360,31.1,3830,3940,90,0,10,40,50,290,50,20,10,20,140
2256,107200,34,0,Business Owner,Tier_1,22370,0,3940,12250,5640,6780,4910,6060,3470,1810,5610,72840,21.7,23260,34360,670,0,120,370,560,2370,1470,180,100,50,1400
2257,118200,19,0,Salaried,Tier_2,14860,0,3480,15470,8250,3410,2370,6110,4640,100,4550,63240,15.8,18680,54960,450,0,100,460,820,1190,710,180,140,0,1140
2258,70700,44,0,Self-Employed,Tier_2,10620,2320,2490,5690,5920,3290,2640,2080,1060,620,3980,40710,25.6,18100,29990,320,70,70,170,590,1150,790,60,30,20,1000
2259,141700,66,2,Business Owner,Tier_1,46240,19030,6920,10810,7610,12990,2850,4110,5210,16640,7240,139650,18.6,26360,2050,1390,570,210,320,760,4550,860,120,160,500,1810
2260,105400,36,1,Business Owner,Tier_1,22550,22920,4040,11780,3830,8590,4830,5700,1200,70,5210,90720,10.2,10750,14680,680,690,120,350,380,3010,1450,170,40,0,1300
2261,13200,21,0,Student,Tier_1,3170,0,520,1720,960,510,630,550,150,70,560,8840,25.9,3420,4360,100,0,20,50,100,180,190,20,0,0,140
2262,128700,32,2,Salaried,Tier_2,21280,7950,1880,13510,9970,3130,3630,6830,5160,1050,5310,79700,24.7,31790,49000,640,240,60,410,1000,1100,1090,200,150,30,1330
2263,123200,36,1,Salaried,Tier_1,32830,25590,3860,8480,4470,3280,1530,4500,3930,6870,6750,102090,19.6,24150,21110,980,770,120,250,450,1150,460,140,120,210,1690
2264,76600,45,0,Salaried,Tier_2,21410,0,1460,8450,6300,3250,2570,3760,1840,670,3380,53090,10.2,7810,23510,640,0,40,250,630,1140,770,110,60,20,840
2265,17900,55,0,Retired,Tier_3,5180,0,570,2300,870,630,210,360,460,70,550,11200,13.7,2450,6700,160,0,20,70,90,220,60,10,10,0,140
2266,51900,42,3,Salaried,Tier_3,10610,3850,1450,4900,3760,3280,2190,3320,930,400,2140,36830,17.2,8930,15070,320,120,40,150,380,1150,660,100,30,10,540
2267,105400,33,4,Salaried,Tier_3,28000,11760,1430,17270,4270,4970,2000,4160,1590,9700,2330,87480,33.5,35310,17920,840,350,40,520,430,1740,600,120,50,290,580
2268,11900,20,0,Student,Tier_2,2530,0,450,820,910,660,260,570,260,90,390,6940,30.4,3620,4960,80,0,10,20,90,230,80,20,10,0,100
2269,107900,38,1,Self-Employed,Tier_2,30430,22900,4750,15120,9710,10750,5280,6590,1920,4320,6180,117950,21.1,22770,-10050,910,690,140,450,970,3760,1580,200,60,130,1540
2270,62500,40,2,Freelancer,Tier_2,12120,8870,1310,10100,4990,1690,1810,2130,3900,6300,2320,55540,23.4,14620,6960,360,270,40,300,500,590,540,60,120,190,580
2271,53700,43,1,Salaried,Tier_2,11950,8210,2080,7240,2320,4190,1340,2060,3190,220,2630,45430,34.3,18420,8270,360,250,60,220,230,1470,400,60,100,10,660
2272,77700,43,1,Business Owner,Tier_2,21660,6030,2790,5450,4380,6080,1020,3840,4060,870,4490,60670,27.7,21520,17030,650,180,80,160,440,2130,310,120,120,30,1120
2273,18700,36,3,Business Owner,Tier_1,2870,380,660,2580,1660,990,700,1260,500,1750,950,14300,10.5,1960,4400,90,10,20,80,170,350,210,40,20,50,240
2274,29500,34,0,Salaried,Tier_2,8330,0,510,3500,1790,1250,1120,1070,370,440,1660,20040,8.7,2570,9460,250,0,20,100,180,440,340,30,10,10,420
2275,11100,21,0,Student,Tier_2,2960,0,220,1050,370,1000,340,420,460,150,630,7600,15.7,1740,3500,90,0,10,30,40,350,100,10,10,0,160
2276,37900,32,3,Salaried,Tier_3,6530,0,1000,4700,1430,2460,590,1930,2180,2380,790,23990,27.4,10380,13910,200,0,30,140,140,860,180,60,70,70,200
2277,157800,35,0,Business Owner,Tier_2,39090,1410,3550,12810,12210,8790,4340,8870,3340,2450,4340,101200,22.1,34870,56600,1170,40,110,380,1220,3080,1300,270,100,70,1080
2278,42500,45,0,Salaried,Tier_2,7060,980,1180,5500,1920,3590,1220,1430,810,590,1370,25650,30.8,13090,16850,210,30,40,160,190,1260,370,40,20,20,340
2279,46600,40,2,Salaried,Tier_3,8700,0,930,6220,1800,2740,1080,2470,620,3500,1540,29600,24.9,11600,17000,260,0,30,190,180,960,320,70,20,100,380
2280,43900,33,2,Salaried,Tier_3,8900,2880,840,5770,1630,2280,520,2110,1110,1840,1380,29260,12.8,5620,14640,270,90,30,170,160,800,160,60,30,60,340
2281,5600,22,0,Student,Tier_3,1210,0,60,420,290,210,80,210,290,30,140,2940,15.1,850,2660,40,0,0,10,30,70,20,10,10,0,40
2282,61200,58,1,Salaried,Tier_2,12440,2990,2180,7560,2130,1950,2020,3490,1440,890,2500,39590,15.6,9550,21610,370,90,70,230,210,680,610,100,40,30,620
2283,39700,60,0,Retired,Tier_2,8260,920,910,4440,3560,1330,1720,800,1570,490,1240,25240,21.2,8420,14460,250,30,30,130,360,470,520,20,50,10,310
2284,34100,20,0,Student,Tier_1,10050,0,560,3590,1110,1640,1470,1510,1640,200,1700,23470,8.9,3030,10630,300,0,20,110,110,570,440,50,50,10,420
2285,186900,26,2,Business Owner,Tier_1,63170,0,8810,17140,15460,9510,3200,7930,12870,1870,6470,146430,22.7,42430,40470,1900,0,260,510,1550,3330,960,240,390,60,1620
2286,109000,21,0,Business Owner,Tier_1,30810,0,2540,8240,6790,7620,2820,4460,3700,310,5340,72630,30.9,33680,36370,920,0,80,250,680,2670,850,130,110,10,1340
2287,113900,35,1,Salaried,Tier_3,22360,18490,5420,9400,8250,6000,5440,4390,1920,550,3870,86090,34.4,39180,27810,670,550,160,280,820,2100,1630,130,60,20,970
2288,54900,46,0,Salaried,Tier_2,13300,0,2160,6020,2200,4250,1850,2960,3110,650,2000,38500,17.0,9330,16400,400,0,60,180,220,1490,560,90,90,20,500
2289,24800,20,0,Freelancer,Tier_1,6690,0,890,2020,1230,1550,300,640,1210,100,730,15360,17.8,4410,9440,200,0,30,60,120,540,90,20,40,0,180
2290,68700,42,2,Self-Employed,Tier_1,15170,3260,2100,8660,5720,2120,2340,2710,4620,4580,2380,53660,8.5,5840,15040,460,100,60,260,570,740,700,80,140,140,600
2291,6000,47,2,Business Owner,Tier_2,1650,0,130,660,380,460,100,150,230,80,240,4080,26.4,1580,1920,50,0,0,20,40,160,30,0,10,0,60
2292,8100,23,3,Business Owner,Tier_1,1240,1700,390,980,320,380,330,320,470,40,250,6420,30.7,2490,1680,40,50,10,30,30,130,100,10,10,0,60
2293,36400,42,4,Self-Employed,Tier_1,12410,0,630,2970,1210,2820,400,1840,530,370,1450,24630,31.3,11390,11770,370,0,20,90,120,990,120,60,20,10,360
2294,26500,68,1,Retired,Tier_2,7920,0,1070,3720,1470,580,990,880,1460,2320,530,20940,17.2,4560,5560,240,0,30,110,150,200,300,30,40,70,130
2295,37500,20,1,Business Owner,Tier_1,10640,2420,1340,4640,2890,3040,380,2390,1100,390,810,30040,32.2,12080,7460,320,70,40,140,290,1060,110,70,30,10,200
2296,188800,28,0,Salaried,Tier_1,44540,0,3090,15670,11090,7590,4810,10970,10920,3210,7790,119680,17.0,32100,69120,1340,0,90,470,1110,2660,1440,330,330,100,1950
2297,76200,41,3,Salaried,Tier_2,9650,0,2030,7690,4390,4870,2820,3800,4820,1220,1930,43220,26.3,20040,32980,290,0,60,230,440,1700,850,110,140,40,480
2298,125700,36,0,Salaried,Tier_1,37570,11970,4050,14100,5180,6920,3670,4240,4080,1650,4260,97690,17.0,21370,28010,1130,360,120,420,520,2420,1100,130,120,50,1060
2299,127600,26,0,Salaried,Tier_1,42870,21400,2640,17530,7480,4050,3320,7020,4530,260,2780,113880,9.5,12120,13720,1290,640,80,530,750,1420,1000,210,140,10,700
2300,92000,28,0,Salaried,Tier_1,19340,0,3260,12700,4340,4770,1970,2280,4140,620,3050,56470,28.1,25850,35530,580,0,100,380,430,1670,590,70,120,20,760
2301,106500,42,3,Salaried,Tier_1,16140,2450,2740,9200,6610,5420,4790,6100,3620,7210,2830,67110,23.5,25030,39390,480,70,80,280,660,1900,1440,180,110,220,710
2302,14600,25,0,Student,Tier_2,2960,0,420,980,890,1170,560,510,650,120,840,9100,13.2,1930,5500,90,0,10,30,90,410,170,20,20,0,210
2303,59500,33,1,Salaried,Tier_1,11390,8960,1960,5250,2690,3710,2900,2070,2180,4980,2420,48510,23.7,14100,10990,340,270,60,160,270,1300,870,60,70,150,600
2304,226000,29,0,Business Owner,Tier_1,55820,0,6410,19110,16640,15360,2760,7170,3180,2520,10260,139230,12.4,28020,86770,1670,0,190,570,1660,5380,830,220,100,80,2560
2305,63200,42,0,Salaried,Tier_2,15130,1870,1690,5670,4540,3430,790,3560,3780,600,3610,44670,33.0,20860,18530,450,60,50,170,450,1200,240,110,110,20,900
2306,80100,32,2,Business Owner,Tier_2,22170,0,1350,9410,3490,5260,1580,5080,1440,5000,3810,58590,17.4,13940,21510,670,0,40,280,350,1840,470,150,40,150,950
2307,15500,18,0,Student,Tier_1,2790,0,580,1000,1160,620,350,620,870,210,930,9130,29.9,4630,6370,80,0,20,30,120,220,100,20,30,10,230
2308,50400,23,4,Self-Employed,Tier_3,7870,0,610,5090,2920,3890,2430,1680,3140,40,1770,29440,29.1,14670,20960,240,0,20,150,290,1360,730,50,90,0,440
2309,36500,39,2,Freelancer,Tier_1,5050,5220,1780,5070,3220,1260,1420,1520,580,270,990,26380,29.7,10840,10120,150,160,50,150,320,440,430,50,20,10,250
2310,187700,37,0,Business Owner,Tier_2,31610,0,7340,25480,15250,6010,2860,5240,5460,1710,4080,105040,27.7,51990,82660,950,0,220,760,1520,2100,860,160,160,50,1020
2311,95200,42,0,Freelancer,Tier_1,27940,0,4730,8250,6600,2930,1590,2040,2470,1240,3280,61070,30.0,28560,34130,840,0,140,250,660,1030,480,60,70,40,820
2312,112000,54,0,Salaried,Tier_2,20810,13080,3830,10960,9040,3530,2320,4510,1320,750,4760,74910,32.4,36290,37090,620,390,110,330,900,1240,700,140,40,20,1190
2313,25000,56,4,Retired,Tier_1,7440,0,1130,3600,1920,1020,1040,1430,400,2620,1220,21820,21.2,5300,3180,220,0,30,110,190,360,310,40,10,80,300
2314,49500,68,0,Retired,Tier_3,7060,0,500,5640,1510,1860,2250,1720,750,720,1020,23030,19.1,9450,26470,210,0,20,170,150,650,680,50,20,20,260
2315,113600,34,0,Freelancer,Tier_1,38400,0,2940,11680,6110,6970,5070,5670,5180,330,3040,85390,12.9,14650,28210,1150,0,90,350,610,2440,1520,170,160,10,760
2316,14200,21,2,Salaried,Tier_1,4470,0,620,1960,640,1040,340,380,720,210,760,11140,34.5,4900,3060,130,0,20,60,60,360,100,10,20,10,190
2317,45200,24,2,Salaried,Tier_1,13870,2150,1450,6000,3840,3310,940,2550,870,230,1500,36710,11.7,5290,8490,420,60,40,180,380,1160,280,80,30,10,380
2318,97200,37,2,Salaried,Tier_2,12140,0,2710,15230,3920,6430,1600,5240,3000,7470,5200,62940,23.3,22650,34260,360,0,80,460,390,2250,480,160,90,220,1300
2319,184000,46,1,Business Owner,Tier_1,49620,19620,4860,21280,15390,15180,3860,9820,9930,6310,10300,166170,22.5,41400,17830,1490,590,150,640,1540,5310,1160,290,300,190,2580
2320,24300,58,2,Retired,Tier_3,5330,0,690,3040,1300,2010,470,630,970,550,600,15590,34.2,8310,8710,160,0,20,90,130,700,140,20,30,20,150
2321,49600,35,2,Salaried,Tier_3,7250,3510,1680,5960,2890,2560,1400,2400,2710,4110,1380,35850,21.6,10710,13750,220,110,50,180,290,900,420,70,80,120,340
2322,57300,19,0,Salaried,Tier_2,16630,0,1020,6740,2000,3150,2700,1550,1040,350,3430,38610,18.4,10540,18690,500,0,30,200,200,1100,810,50,30,10,860
2323,195300,20,0,Self-Employed,Tier_1,56020,4120,4120,12880,9510,19850,3400,11620,4410,1300,7360,134590,8.7,16990,60710,1680,120,120,390,950,6950,1020,350,130,40,1840
2324,202700,25,1,Business Owner,Tier_2,49770,0,4290,29050,14520,15310,3560,10010,7210,410,11540,145670,31.2,63240,57030,1490,0,130,870,1450,5360,1070,300,220,10,2880
2325,64900,48,0,Self-Employed,Tier_3,18810,5210,2270,7690,5090,4880,1530,3280,2530,870,2180,54340,21.0,13630,10560,560,160,70,230,510,1710,460,100,80,30,540
2326,60300,45,1,Self-Employed,Tier_1,11130,0,2250,3980,3550,4280,2710,1480,2070,5890,2420,39760,16.0,9650,20540,330,0,70,120,360,1500,810,40,60,180,600
2327,192900,30,0,Business Owner,Tier_1,36590,15560,6920,24990,6270,14970,4870,4910,10020,1590,11100,137790,33.2,64040,55110,1100,470,210,750,630,5240,1460,150,300,50,2780
2328,32800,46,2,Salaried,Tier_1,9060,1910,1150,4710,2450,800,1310,1320,1790,110,1050,25660,9.9,3250,7140,270,60,30,140,240,280,390,40,50,0,260
2329,153300,21,2,Salaried,Tier_1,29570,0,3450,16390,9050,5730,4130,5450,9260,2320,5060,90410,13.4,20540,62890,890,0,100,490,900,2010,1240,160,280,70,1260
2330,294800,36,0,Business Owner,Tier_1,49240,0,3740,41000,14120,8530,10800,16450,14250,4420,11540,174090,17.3,51000,120710,1480,0,110,1230,1410,2990,3240,490,430,130,2880
2331,7400,21,0,Student,Tier_2,1440,0,340,810,620,340,290,430,350,20,440,5080,12.4,920,2320,40,0,10,20,60,120,90,10,10,0,110
2332,51000,27,1,Freelancer,Tier_1,13650,4280,1080,5540,3450,4120,590,3270,2580,420,1180,40160,9.1,4640,10840,410,130,30,170,340,1440,180,100,80,10,300
2333,219000,32,4,Salaried,Tier_1,30640,0,7800,39140,7950,15710,6420,14070,12330,670,6620,141350,9.9,21680,77650,920,0,230,1170,800,5500,1930,420,370,20,1660
2334,39400,32,0,Salaried,Tier_3,10440,0,670,2460,2530,1360,1520,1440,510,190,990,22110,9.6,3780,17290,310,0,20,70,250,480,460,40,20,10,250
2335,36000,19,1,Salaried,Tier_3,6580,6220,670,3470,2210,1870,820,1380,420,280,2110,26030,17.7,6370,9970,200,190,20,100,220,650,250,40,10,10,530
2336,131300,24,1,Salaried,Tier_1,21390,0,6200,13890,9340,3220,5400,5900,2230,2280,3270,73120,10.1,13260,58180,640,0,190,420,930,1130,1620,180,70,70,820
2337,8100,38,1,Business Owner,Tier_1,2150,470,90,600,660,850,80,260,390,70,470,6090,17.4,1410,2010,60,10,0,20,70,300,20,10,10,0,120
2338,84000,22,1,Salaried,Tier_2,14950,590,3020,7670,6620,6080,1850,1890,3250,1090,1800,48810,24.5,20580,35190,450,20,90,230,660,2130,560,60,100,30,450
2339,60200,36,1,Business Owner,Tier_1,16680,12220,2000,7310,3880,5400,2610,2840,970,5580,3220,62710,28.9,17400,-2510,500,370,60,220,390,1890,780,90,30,170,800
2340,100300,31,1,Salaried,Tier_2,29980,12960,3660,13820,6880,5630,2800,6060,5050,610,4380,91830,32.4,32500,8470,900,390,110,410,690,1970,840,180,150,20,1100
2341,105400,19,1,Business Owner,Tier_3,28220,0,2850,12700,6190,7240,4050,5120,6000,1590,5880,79840,22.8,24030,25560,850,0,90,380,620,2530,1220,150,180,50,1470
2342,9200,22,0,Student,Tier_1,2160,0,160,1090,550,500,280,430,300,80,190,5740,8.1,750,3460,60,0,0,30,60,180,80,10,10,0,50
2343,163500,45,1,Business Owner,Tier_1,52560,6870,6620,24630,9360,6370,5310,8280,8750,1130,8690,138570,18.5,30250,24930,1580,210,200,740,940,2230,1590,250,260,30,2170
2344,8100,20,2,Salaried,Tier_1,2740,0,300,850,650,390,370,400,500,140,300,6640,11.0,890,1460,80,0,10,30,60,140,110,10,20,0,80
2345,51400,33,1,Salaried,Tier_3,12380,0,1320,5480,3880,1100,1600,1620,2790,200,2230,32600,25.5,13110,18800,370,0,40,160,390,380,480,50,80,10,560
2346,32600,36,1,Salaried,Tier_1,9330,2540,1010,2190,1050,2550,390,1560,1320,170,1470,23580,13.0,4240,9020,280,80,30,70,100,890,120,50,40,10,370
2347,15900,35,0,Salaried,Tier_2,3140,1030,670,1700,1190,1180,700,480,490,110,550,11240,26.9,4280,4660,90,30,20,50,120,410,210,10,10,0,140
2348,12100,55,0,Self-Employed,Tier_2,1650,310,430,830,1020,610,550,340,420,60,250,6470,11.6,1400,5630,50,10,10,20,100,210,160,10,10,0,60
2349,6000,24,0,Student,Tier_2,1190,0,70,690,420,140,110,240,250,20,330,3460,17.0,1020,2540,40,0,0,20,40,50,30,10,10,0,80
2350,80400,31,1,Salaried,Tier_2,17740,0,1440,9260,3440,4400,2590,3270,2430,3820,4670,53060,31.0,24920,27340,530,0,40,280,340,1540,780,100,70,110,1170
2351,80800,41,2,Freelancer,Tier_1,27520,5060,2740,6650,2430,2210,990,3920,4510,1040,2290,59360,22.6,18260,21440,830,150,80,200,240,770,300,120,140,30,570
2352,96600,34,2,Freelancer,Tier_1,15270,0,1000,12870,3040,5070,2860,4570,5640,4100,5360,59780,18.8,18160,36820,460,0,30,390,300,1770,860,140,170,120,1340
2353,95600,25,0,Self-Employed,Tier_2,12300,0,3210,11430,6920,9420,3700,3570,4050,220,2560,57380,20.6,19690,38220,370,0,100,340,690,3300,1110,110,120,10,640
2354,43000,32,1,Freelancer,Tier_2,10770,0,1890,4730,2070,3250,1040,1540,790,470,1770,28320,16.6,7140,14680,320,0,60,140,210,1140,310,50,20,10,440
2355,14800,48,3,Self-Employed,Tier_3,4040,0,410,1500,610,1110,190,400,400,80,560,9300,10.3,1520,5500,120,0,10,40,60,390,60,10,10,0,140
2356,150800,36,3,Business Owner,Tier_1,44880,21430,5250,23870,9160,9170,2850,9260,7510,8010,7560,148950,10.8,16290,1850,1350,640,160,720,920,3210,860,280,230,240,1890
2357,177500,48,2,Business Owner,Tier_2,40270,25080,5590,25470,7000,7280,4610,11950,2870,1480,10480,142080,33.9,60170,35420,1210,750,170,760,700,2550,1380,360,90,40,2620
2358,74800,19,1,Salaried,Tier_3,10170,6220,3420,10490,4510,4750,2250,2130,2060,990,4030,51020,17.7,13240,23780,310,190,100,310,450,1660,680,60,60,30,1010
2359,58000,19,0,Salaried,Tier_2,16530,0,1280,4850,2910,3960,2620,2440,1140,920,1620,38270,14.9,8640,19730,500,0,40,150,290,1390,790,70,30,30,400
2360,36400,62,2,Retired,Tier_3,4650,0,950,3650,1580,2480,1400,1220,580,2900,1020,20430,20.9,7610,15970,140,0,30,110,160,870,420,40,20,90,260
2361,92000,47,1,Self-Employed,Tier_2,26670,0,1150,11610,6280,3950,4460,5680,2370,3520,2500,68190,22.3,20520,23810,800,0,30,350,630,1380,1340,170,70,110,620
2362,108000,19,1,Self-Employed,Tier_2,17020,18500,3500,8010,7460,9420,4140,3010,3210,890,6110,81270,14.0,15120,26730,510,560,100,240,750,3300,1240,90,100,30,1530
2363,37600,36,2,Freelancer,Tier_1,8520,0,880,2620,2880,1250,1500,1720,2420,2870,2090,26750,18.4,6920,10850,260,0,30,80,290,440,450,50,70,90,520
2364,68800,21,2,Salaried,Tier_1,10460,0,1380,6580,6170,5060,940,2980,1690,760,2580,38600,27.1,18640,30200,310,0,40,200,620,1770,280,90,50,20,640
2365,155300,36,0,Business Owner,Tier_2,30280,0,2020,15870,11140,12610,6180,6050,2020,1080,4720,91970,32.6,50630,63330,910,0,60,480,1110,4410,1850,180,60,30,1180
2366,81600,46,1,Salaried,Tier_2,20450,1100,3190,6380,4470,4550,1480,4760,2340,5880,4640,59240,30.4,24810,22360,610,30,100,190,450,1590,440,140,70,180,1160
2367,49800,38,0,Salaried,Tier_1,8250,3260,2480,6020,2340,1400,880,1540,2680,700,2060,31610,29.1,14490,18190,250,100,70,180,230,490,260,50,80,20,520
2368,23300,35,2,Salaried,Tier_1,4290,0,680,2460,1330,1710,550,1430,290,2180,1010,15930,34.2,7970,7370,130,0,20,70,130,600,160,40,10,70,250
2369,37100,34,3,Business Owner,Tier_3,10720,1480,440,4890,2090,1920,1680,1830,1370,2250,1790,30460,13.4,4970,6640,320,40,10,150,210,670,500,50,40,70,450
2370,86700,27,1,Business Owner,Tier_2,21770,0,3550,12160,3460,5330,1810,2770,3470,1410,2240,57970,31.5,27310,28730,650,0,110,360,350,1870,540,80,100,40,560
2371,54600,24,3,Salaried,Tier_3,9170,0,2340,7420,3810,4530,1070,2220,1590,830,2850,35830,9.6,5240,18770,280,0,70,220,380,1590,320,70,50,20,710
2372,124400,48,1,Self-Employed,Tier_3,24430,0,4740,17630,8360,12990,4410,2940,6130,5980,6910,94520,30.7,38190,29880,730,0,140,530,840,4550,1320,90,180,180,1730
2373,17300,22,0,Student,Tier_1,4020,0,830,1160,1440,490,780,450,810,70,990,11040,30.8,5330,6260,120,0,20,30,140,170,230,10,20,0,250
2374,113400,30,1,Salaried,Tier_2,27710,2930,3060,15840,8290,5640,2540,5750,3660,9860,4640,89920,23.6,26760,23480,830,90,90,480,830,1970,760,170,110,300,1160
2375,74900,35,2,Business Owner,Tier_2,11420,0,3670,9590,2810,4910,2700,4830,3270,3950,4450,51600,20.3,15200,23300,340,0,110,290,280,1720,810,140,100,120,1110
2376,35900,26,0,Salaried,Tier_2,7260,2930,610,4900,3220,2220,440,2150,1770,120,1810,27430,14.0,5030,8470,220,90,20,150,320,780,130,60,50,0,450
2377,233100,29,1,Salaried,Tier_1,68650,49440,5560,21440,20870,18650,11180,10650,12920,1400,8810,229570,29.1,67830,3530,2060,1480,170,640,2090,6530,3350,320,390,40,2200
2378,6000,63,0,Retired,Tier_2,1610,0,80,770,500,250,120,170,180,30,200,3910,34.7,2080,2090,50,0,0,20,50,90,40,10,10,0,50
2379,33200,34,3,Freelancer,Tier_3,4180,1170,1590,4770,1890,2450,1120,1300,1620,360,1790,22240,28.6,9500,10960,130,40,50,140,190,860,340,40,50,10,450
2380,203400,19,1,Business Owner,Tier_2,37600,23840,7940,19680,8500,5580,9350,11440,4570,1120,7230,136850,32.7,66510,66550,1130,720,240,590,850,1950,2800,340,140,30,1810
2381,43800,22,1,Salaried,Tier_1,10580,2270,1550,5990,3900,1830,980,2040,2550,20,1580,33290,33.8,14800,10510,320,70,50,180,390,640,290,60,80,0,400
2382,4500,19,2,Business Owner,Tier_3,1050,0,170,320,170,480,100,230,280,60,110,2970,30.4,1370,1530,30,0,10,10,20,170,30,10,10,0,30
2383,82400,37,3,Salaried,Tier_1,26720,0,2730,7820,4850,6690,1140,5850,2120,1490,3600,63010,21.6,17800,19390,800,0,80,230,480,2340,340,180,60,40,900
2384,17800,31,0,Self-Employed,Tier_3,3320,10,650,2180,1580,1360,850,700,560,140,1060,12410,9.6,1710,5390,100,0,20,70,160,480,260,20,20,0,260
2385,36900,41,1,Business Owner,Tier_1,7590,7980,770,3730,1140,3380,1500,990,2130,180,2090,31480,19.2,7080,5420,230,240,20,110,110,1180,450,30,60,10,520
2386,15000,21,0,Student,Tier_2,2520,0,530,1690,1010,910,610,580,700,30,530,9110,34.8,5220,5890,80,0,20,50,100,320,180,20,20,0,130
2387,9500,24,0,Student,Tier_3,1850,0,310,580,760,440,310,400,190,70,530,5440,34.7,3300,4060,60,0,10,20,80,150,90,10,10,0,130
2388,10900,18,0,Student,Tier_3,2930,0,430,670,580,380,240,490,640,130,610,7100,21.3,2320,3800,90,0,10,20,60,130,70,10,20,0,150
2389,86200,36,1,Salaried,Tier_1,15490,11960,4220,5800,3730,6520,2050,3470,1740,3190,5130,63300,23.1,19910,22900,460,360,130,170,370,2280,620,100,50,100,1280
2390,6000,52,1,Business Owner,Tier_2,770,540,190,750,300,640,80,230,300,120,190,4110,30.8,1850,1890,20,20,10,20,30,220,20,10,10,0,50
2391,18300,18,0,Student,Tier_2,4300,820,330,1240,550,1020,750,420,550,250,730,10960,26.6,4870,7340,130,20,10,40,60,360,220,10,20,10,180
2392,115900,31,1,Business Owner,Tier_2,28020,21690,2910,16280,3770,9550,2040,3810,4940,70,5990,99070,26.3,30480,16830,840,650,90,490,380,3340,610,110,150,0,1500
2393,7600,23,4,Self-Employed,Tier_3,1990,1020,320,1040,320,200,210,280,140,10,450,5980,29.3,2230,1620,60,30,10,30,30,70,60,10,0,0,110
2394,96100,30,1,Salaried,Tier_2,20540,0,1260,7800,8510,6780,2300,4790,5830,160,2140,60110,9.9,9510,35990,620,0,40,230,850,2370,690,140,170,0,540
2395,69600,33,1,Salaried,Tier_2,12830,0,1000,9620,6120,2050,1230,2260,4230,70,3410,42820,15.7,10930,26780,380,0,30,290,610,720,370,70,130,0,850
2396,47200,33,3,Salaried,Tier_1,10040,810,980,7900,3290,3310,1780,2890,2240,2520,1060,36820,30.7,14490,10380,300,20,30,240,330,1160,530,90,70,80,260
2397,70100,38,2,Self-Employed,Tier_2,19580,4750,3420,5900,5260,1900,1840,2740,3890,7840,2560,59680,10.1,7080,10420,590,140,100,180,530,660,550,80,120,240,640
2398,70800,45,0,Salaried,Tier_3,9620,10950,2510,4260,2400,4930,1330,3390,1140,580,3750,44860,17.1,12110,25940,290,330,80,130,240,1730,400,100,30,20,940
2399,62700,21,0,Salaried,Tier_3,18630,0,1890,4260,2790,2490,2860,1690,2210,850,1920,39590,24.3,15240,23110,560,0,60,130,280,870,860,50,70,30,480
2400,44800,45,0,Salaried,Tier_3,11660,0,1760,4000,3000,3730,1760,1380,1620,60,1870,30840,18.7,8380,13960,350,0,50,120,300,1310,530,40,50,0,470
2401,47500,34,1,Salaried,Tier_2,13850,8700,1180,3400,4150,2110,1350,2810,1820,720,2610,42700,18.1,8600,4800,420,260,40,100,420,740,400,80,50,20,650
2402,39900,33,0,Salaried,Tier_2,5990,0,790,3410,1530,2150,600,1290,930,380,2280,19350,26.1,10410,20550,180,0,20,100,150,750,180,40,30,10,570
2403,32600,45,3,Self-Employed,Tier_1,6620,760,1170,4750,1260,1640,760,1600,1930,3860,970,25320,15.9,5180,7280,200,20,40,140,130,570,230,50,60,120,240
2404,33400,66,2,Retired,Tier_3,5330,110,490,2530,1850,2620,580,1210,1290,290,1570,17870,26.3,8780,15530,160,0,10,80,180,920,170,40,40,10,390
2405,47400,59,0,Retired,Tier_1,6770,0,1280,5650,3020,2270,2250,1840,1860,820,2720,28480,26.8,12700,18920,200,0,40,170,300,790,680,60,60,20,680
2406,89800,19,0,Salaried,Tier_2,14200,300,2510,8510,4260,5710,2520,4310,4070,310,3820,50520,21.7,19490,39280,430,10,80,260,430,2000,760,130,120,10,960
2407,18800,19,0,Student,Tier_2,4900,0,280,1270,730,1490,810,990,1100,250,480,12300,33.8,6350,6500,150,0,10,40,70,520,240,30,30,10,120
2408,86500,36,3,Salaried,Tier_2,14000,0,3960,14590,4830,4190,3850,5920,3600,1060,4880,60880,19.2,16610,25620,420,0,120,440,480,1470,1160,180,110,30,1220
2409,168800,30,4,Self-Employed,Tier_2,47530,0,2480,22180,14210,5870,5620,12600,7740,6520,5870,130620,32.9,55540,38180,1430,0,70,670,1420,2050,1690,380,230,200,1470
2410,139300,31,2,Salaried,Tier_1,34730,30040,5360,19270,11290,7130,5920,6220,6070,870,2930,129830,26.1,36360,9470,1040,900,160,580,1130,2500,1780,190,180,30,730
2411,59400,22,1,Salaried,Tier_2,16160,0,2100,5280,2000,4240,2550,3270,2570,180,1920,40270,14.2,8430,19130,480,0,60,160,200,1480,760,100,80,10,480
2412,80000,19,3,Self-Employed,Tier_1,27570,8070,1180,10110,4350,5460,3170,4830,4190,430,3030,72390,15.8,12640,7610,830,240,40,300,440,1910,950,140,130,10,760
2413,27800,46,1,Salaried,Tier_3,6800,1480,980,2050,1700,2120,860,980,1040,430,690,19130,13.8,3840,8670,200,40,30,60,170,740,260,30,30,10,170
2414,45300,40,0,Salaried,Tier_2,5680,0,1870,2940,3790,2940,1960,2050,1300,790,950,24270,8.5,3850,21030,170,0,60,90,380,1030,590,60,40,20,240
2415,84800,22,2,Self-Employed,Tier_1,28580,10970,1220,7350,5730,4580,2370,2470,1240,560,4370,69440,32.7,27730,15360,860,330,40,220,570,1600,710,70,40,20,1090
2416,36100,42,2,Salaried,Tier_3,6950,7250,1460,5020,1550,1500,1090,1060,740,120,800,27540,10.0,3610,8560,210,220,40,150,160,520,330,30,20,0,200
2417,65800,26,0,Salaried,Tier_3,9750,890,2840,7560,4830,3680,1760,2960,2140,270,1760,38440,8.9,5860,27360,290,30,90,230,480,1290,530,90,60,10,440
2418,24400,50,1,Self-Employed,Tier_3,3720,0,250,3120,790,2420,620,1190,1150,2250,820,16330,22.6,5510,8070,110,0,10,90,80,850,190,40,30,70,200
2419,91000,47,2,Salaried,Tier_2,12620,0,3820,13050,6430,2030,2980,4190,5000,3250,5270,58640,19.1,17380,32360,380,0,110,390,640,710,890,130,150,100,1320
2420,138900,36,1,Salaried,Tier_1,36140,5460,4590,9330,8530,6220,1840,4620,7470,4510,3770,92480,8.9,12360,46420,1080,160,140,280,850,2180,550,140,220,140,940
2421,74900,31,2,Freelancer,Tier_3,11260,2360,2150,9510,6510,6060,3480,3710,4060,4370,2380,55850,22.6,16930,19050,340,70,60,290,650,2120,1040,110,120,130,600
2422,74100,38,0,Salaried,Tier_1,17130,0,2230,9630,2480,2020,3130,1580,2040,920,3200,44360,33.5,24820,29740,510,0,70,290,250,710,940,50,60,30,800
2423,89700,23,2,Self-Employed,Tier_1,18610,5320,3750,12920,4830,3980,1570,3240,4580,640,2690,62130,8.9,7980,27570,560,160,110,390,480,1390,470,100,140,20,670
2424,6500,31,0,Freelancer,Tier_3,1140,670,130,730,420,160,100,360,280,10,230,4230,30.4,1980,2270,30,20,0,20,40,60,30,10,10,0,60
2425,96100,44,1,Business Owner,Tier_1,21760,16020,3460,9270,4580,7040,1130,5380,2070,800,2050,73560,24.7,23740,22540,650,480,100,280,460,2460,340,160,60,20,510
2426,32900,35,1,Salaried,Tier_3,6620,0,1320,3260,1520,1410,1630,1280,880,3000,1830,22750,31.6,10400,10150,200,0,40,100,150,490,490,40,30,90,460
2427,53100,49,2,Salaried,Tier_2,14610,7870,1560,4050,1960,4090,1610,1510,1690,4530,2510,45990,12.8,6800,7110,440,240,50,120,200,1430,480,50,50,140,630
2428,37100,56,1,Retired,Tier_1,7790,0,480,3820,2870,1980,1750,940,1210,3030,980,24850,26.1,9680,12250,230,0,10,110,290,690,520,30,40,90,240
2429,7500,18,0,Student,Tier_3,1480,0,240,590,520,180,140,390,150,70,270,4030,25.2,1890,3470,40,0,10,20,50,60,40,10,0,0,70
2430,36900,38,2,Salaried,Tier_2,4570,4780,980,3390,1160,1220,580,2570,460,890,1340,21940,30.0,11070,14960,140,140,30,100,120,430,170,80,10,30,340
2431,30100,32,0,Salaried,Tier_3,4820,5310,620,3450,1290,1600,840,810,1550,120,810,21220,11.9,3580,8880,140,160,20,100,130,560,250,20,50,0,200
2432,45600,25,1,Salaried,Tier_2,8890,8790,1570,5830,3450,3910,1790,2700,1750,120,1480,40280,26.3,11990,5320,270,260,50,170,340,1370,540,80,50,0,370
2433,89200,30,5,Salaried,Tier_3,12390,0,2380,8250,5360,5460,2700,6250,4990,900,2010,50690,8.5,7580,38510,370,0,70,250,540,1910,810,190,150,30,500
2434,87500,36,2,Salaried,Tier_1,18580,0,2240,7980,3330,6060,3350,2760,5560,1070,2850,53780,17.4,15220,33720,560,0,70,240,330,2120,1000,80,170,30,710
2435,125900,42,3,Salaried,Tier_1,22220,0,3490,13880,4420,8380,2960,7510,7660,160,2540,73220,18.8,23670,52680,670,0,100,420,440,2930,890,230,230,0,640
2436,86000,26,0,Freelancer,Tier_1,26350,90,3390,7510,4980,6800,3070,3120,4060,1400,3370,64140,34.4,29580,21860,790,0,100,230,500,2380,920,90,120,40,840
2437,79700,38,2,Salaried,Tier_1,23150,2080,3060,9520,7050,3430,1960,2050,2820,2080,3440,60640,25.9,20640,19060,690,60,90,290,700,1200,590,60,80,60,860
2438,4500,40,0,Self-Employed,Tier_3,1250,350,160,540,160,470,110,240,180,30,220,3710,11.7,530,790,40,10,0,20,20,160,30,10,10,0,60
2439,37300,38,0,Salaried,Tier_3,9080,0,720,4230,2770,1260,1390,2200,930,70,1370,24020,19.6,7310,13280,270,0,20,130,280,440,420,70,30,0,340
2440,65000,35,0,Salaried,Tier_2,9980,4310,3160,4460,4740,3990,1900,3830,950,860,3390,41570,23.6,15340,23430,300,130,90,130,470,1400,570,110,30,30,850
2441,29000,21,0,Student,Tier_1,6200,0,940,1770,2150,1060,840,610,750,380,950,15650,34.1,9890,13350,190,0,30,50,220,370,250,20,20,10,240
2442,113600,42,2,Salaried,Tier_2,27880,24070,3890,18070,9990,9380,2870,7540,2610,4750,4300,115350,10.3,11700,-1750,840,720,120,540,1000,3280,860,230,80,140,1080
2443,58800,41,1,Salaried,Tier_1,9430,0,1870,8710,4200,1780,1520,2640,2440,4550,3300,40440,14.9,8760,18360,280,0,60,260,420,620,460,80,70,140,820
2444,79900,24,2,Freelancer,Tier_2,16220,11850,2130,12640,7100,5830,2920,3760,1320,1070,2780,67620,15.9,12700,12280,490,360,60,380,710,2040,880,110,40,30,700
2445,72900,31,2,Self-Employed,Tier_1,16600,12620,1940,9760,5900,2250,1020,4490,2190,2110,2780,61660,8.5,6200,11240,500,380,60,290,590,790,310,130,70,60,700
2446,26300,36,2,Business Owner,Tier_3,4390,20,900,4060,1380,1160,350,740,1510,2570,1150,18230,31.1,8180,8070,130,0,30,120,140,410,100,20,50,80,290
2447,42900,34,0,Business Owner,Tier_1,6390,840,1170,4680,1450,3750,610,1500,1380,710,1940,24420,16.5,7080,18480,190,30,40,140,140,1310,180,40,40,20,480
2448,19300,27,1,Business Owner,Tier_2,5400,3750,660,1490,1000,860,290,1230,550,0,690,15920,10.8,2080,3380,160,110,20,40,100,300,90,40,20,0,170
2449,77200,19,1,Salaried,Tier_2,15740,0,2240,6880,4350,5970,2720,3610,1200,180,4430,47320,28.3,21850,29880,470,0,70,210,440,2090,820,110,40,10,1110
2450,150700,32,0,Self-Employed,Tier_1,31090,10680,4560,15350,6240,15520,2400,6750,4730,1390,8400,107110,31.2,47020,43590,930,320,140,460,620,5430,720,200,140,40,2100
2451,76500,29,0,Salaried,Tier_1,24520,0,1520,6810,6570,5300,2780,1980,2040,890,4550,56960,14.1,10790,19540,740,0,50,200,660,1850,830,60,60,30,1140
2452,190900,30,0,Business Owner,Tier_1,44580,4870,8080,17120,8160,14800,6470,6360,11240,2080,10880,134640,29.8,56890,56260,1340,150,240,510,820,5180,1940,190,340,60,2720
2453,44000,25,0,Salaried,Tier_2,7140,7760,1510,5210,3180,2480,1010,1990,710,460,2110,33560,28.8,12670,10440,210,230,50,160,320,870,300,60,20,10,530
2454,143400,22,0,Salaried,Tier_1,24510,2250,2880,16890,12720,3200,3740,7700,2490,2350,6020,84750,33.7,48330,58650,740,70,90,510,1270,1120,1120,230,70,70,1500
2455,146200,51,1,Self-Employed,Tier_1,50190,25420,2640,12650,8440,8180,6220,8300,1970,1190,8560,133760,31.8,46490,12440,1510,760,80,380,840,2860,1870,250,60,40,2140
2456,132300,46,0,Self-Employed,Tier_2,16550,20490,3190,16590,11190,10080,2820,5230,6790,2300,4130,99360,29.7,39290,32940,500,610,100,500,1120,3530,850,160,200,70,1030
2457,77500,31,3,Salaried,Tier_2,10030,2450,1760,11590,3300,1700,1330,4570,1180,7280,1840,47030,19.9,15420,30470,300,70,50,350,330,600,400,140,40,220,460
2458,14200,18,0,Student,Tier_3,2030,0,250,1550,640,1240,420,560,690,80,810,8270,15.6,2220,5930,60,0,10,50,60,430,130,20,20,0,200
2459,167600,37,2,Salaried,Tier_1,45140,20060,3740,23020,9190,4130,7840,5500,4770,600,3710,127700,11.7,19610,39900,1350,600,110,690,920,1450,2350,160,140,20,930
2460,51700,31,1,Salaried,Tier_1,15740,0,1270,6670,2310,4640,2430,1380,1910,450,2860,39660,34.5,17840,12040,470,0,40,200,230,1620,730,40,60,10,720
2461,7000,19,0,Salaried,Tier_2,890,0,300,930,260,490,110,410,290,70,170,3920,18.3,1280,3080,30,0,10,30,30,170,30,10,10,0,40
2462,75400,36,2,Salaried,Tier_2,18080,1880,1010,10880,2390,5740,3560,2290,4680,1250,3190,54950,32.0,24130,20450,540,60,30,330,240,2010,1070,70,140,40,800
2463,62300,70,0,Retired,Tier_2,12520,0,1220,5520,3030,4120,2870,2760,2750,390,3510,38690,20.2,12580,23610,380,0,40,170,300,1440,860,80,80,10,880
2464,61400,48,0,Salaried,Tier_1,12360,230,1000,6150,2810,3910,760,1400,2560,690,1870,33740,8.3,5100,27660,370,10,30,180,280,1370,230,40,80,20,470
2465,43800,26,0,Salaried,Tier_2,8220,2330,1030,4650,2990,3760,1900,920,2300,380,1260,29740,32.8,14370,14060,250,70,30,140,300,1320,570,30,70,10,320
2466,85000,42,3,Salaried,Tier_1,23520,0,3200,11180,4550,5360,3240,3100,3990,5590,4160,67890,28.0,23800,17110,710,0,100,340,460,1880,970,90,120,170,1040
2467,62600,59,0,Salaried,Tier_1,17450,0,1380,5300,5070,3400,980,2370,800,120,3070,39940,26.7,16710,22660,520,0,40,160,510,1190,290,70,20,0,770
2468,40500,19,3,Freelancer,Tier_2,10130,4030,940,5470,1540,3010,1620,2260,2860,390,1740,33990,8.7,3520,6510,300,120,30,160,150,1050,490,70,90,10,440
2469,63700,60,3,Retired,Tier_1,9510,2100,2550,8510,2570,2800,2760,2610,2200,1110,1670,38390,13.8,8790,25310,290,60,80,260,260,980,830,80,70,30,420
2470,148300,34,0,Salaried,Tier_1,42010,25990,2420,10130,7890,7500,4640,6590,2360,440,4660,114630,12.3,18240,33670,1260,780,70,300,790,2620,1390,200,70,10,1160
2471,128900,27,0,Freelancer,Tier_1,22510,17650,3180,11840,6580,4020,4280,3460,7320,760,5660,87260,23.8,30680,41640,680,530,100,360,660,1410,1280,100,220,20,1420
2472,8100,29,3,Business Owner,Tier_1,1450,0,260,1170,640,430,220,320,360,530,460,5840,34.9,2830,2260,40,0,10,40,60,150,70,10,10,20,120
2473,51200,34,2,Salaried,Tier_2,9110,6320,2280,8030,1700,2690,2010,2570,3340,800,1160,40010,18.1,9270,11190,270,190,70,240,170,940,600,80,100,20,290
2474,73600,56,5,Business Owner,Tier_1,16630,6120,2530,11270,2410,6280,870,5260,4580,540,1490,57980,33.7,24800,15620,500,180,80,340,240,2200,260,160,140,20,370
2475,9100,44,2,Salaried,Tier_2,1580,840,370,910,740,580,150,480,190,370,220,6430,28.7,2610,2670,50,30,10,30,70,200,40,10,10,10,60
2476,43800,42,3,Freelancer,Tier_2,12180,0,1300,4320,3830,1170,1960,2200,1260,670,1980,30870,16.5,7230,12930,370,0,40,130,380,410,590,70,40,20,500
2477,59700,26,2,Salaried,Tier_2,13190,0,2950,5890,5010,5330,1140,2770,2980,610,2690,42560,24.3,14510,17140,400,0,90,180,500,1870,340,80,90,20,670
2478,167500,25,2,Self-Employed,Tier_2,38190,0,2570,22780,11580,8550,2540,3940,8680,200,3950,102980,26.0,43550,64520,1150,0,80,680,1160,2990,760,120,260,10,990
2479,59400,26,1,Business Owner,Tier_2,13620,3120,1600,3980,3720,5010,2800,1420,2790,300,3550,41910,16.7,9920,17490,410,90,50,120,370,1750,840,40,80,10,890
2480,239800,45,2,Business Owner,Tier_2,44410,25890,9850,21320,20300,25740,5830,13750,5120,70,7670,179950,8.5,20380,59850,1330,780,300,640,2030,9010,1750,410,150,0,1920
2481,136200,19,2,Self-Employed,Tier_1,44910,12200,2840,9940,7890,8340,3130,3380,4530,290,8130,105580,11.3,15390,30620,1350,370,90,300,790,2920,940,100,140,10,2030
2482,89000,26,2,Salaried,Tier_1,20440,0,4430,11620,2830,7120,2320,5820,3220,440,2530,60770,17.9,15930,28230,610,0,130,350,280,2490,700,170,100,10,630
2483,98600,34,1,Salaried,Tier_3,17390,16840,2410,13460,6140,3080,2810,2390,3240,1100,2490,71350,11.7,11540,27250,520,510,70,400,610,1080,840,70,100,30,620
2484,27800,38,0,Self-Employed,Tier_2,5510,0,860,2060,1540,710,470,810,1410,330,590,14290,24.8,6890,13510,170,0,30,60,150,250,140,20,40,10,150
2485,8100,18,0,Student,Tier_1,1460,0,170,610,410,520,220,230,230,130,390,4370,15.3,1240,3730,40,0,10,20,40,180,70,10,10,0,100
2486,101200,29,0,Business Owner,Tier_1,24400,0,3280,6790,7790,8280,3870,2380,4660,430,3940,65820,16.8,17000,35380,730,0,100,200,780,2900,1160,70,140,10,980
2487,147800,36,2,Business Owner,Tier_1,34630,0,2060,17000,8740,11020,2900,8540,5870,14420,6770,111950,30.7,45370,35850,1040,0,60,510,870,3860,870,260,180,430,1690
2488,109400,37,2,Business Owner,Tier_1,18310,21160,2430,12880,7610,9210,4860,3110,4380,10190,5590,99730,10.6,11600,9670,550,630,70,390,760,3220,1460,90,130,310,1400
2489,13400,21,0,Student,Tier_2,3710,2920,450,820,1030,860,410,360,320,20,290,11190,11.4,1530,2210,110,90,10,20,100,300,120,10,10,0,70
2490,38600,40,1,Freelancer,Tier_2,6090,300,1910,5530,3100,2770,1120,1120,1890,440,1540,25810,14.0,5400,12790,180,10,60,170,310,970,340,30,60,10,380
2491,12200,21,0,Student,Tier_2,2200,0,590,1400,820,720,610,440,170,80,460,7490,25.1,3060,4710,70,0,20,40,80,250,180,10,10,0,120
2492,107300,30,2,Salaried,Tier_1,33460,15500,2930,14630,7310,7160,1990,3250,4820,1500,5130,97680,32.0,34340,9620,1000,460,90,440,730,2510,600,100,140,40,1280
2493,66300,39,2,Salaried,Tier_2,19700,11970,1530,8240,5250,1710,2850,2420,4390,1110,2010,61180,15.3,10140,5120,590,360,50,250,520,600,860,70,130,30,500
2494,6600,20,0,Student,Tier_2,1860,80,200,810,320,190,90,350,200,70,290,4460,33.4,2200,2140,60,0,10,20,30,70,30,10,10,0,70
2495,40300,42,2,Freelancer,Tier_1,8590,2740,510,3900,1980,1700,1540,1890,1660,480,1440,26430,18.2,7330,13870,260,80,20,120,200,600,460,60,50,10,360
2496,25900,18,0,Student,Tier_3,5710,0,510,2790,1120,1310,890,1500,700,250,1160,15940,21.2,5490,9960,170,0,20,80,110,460,270,40,20,10,290
2497,44600,33,0,Self-Employed,Tier_3,6570,2530,740,3810,3380,4050,1720,2410,1960,220,1070,28460,15.8,7050,16140,200,80,20,110,340,1420,520,70,60,10,270
2498,56100,19,2,Salaried,Tier_1,12900,11280,1910,5700,4450,1320,2080,3530,1420,240,3180,48010,24.3,13630,8090,390,340,60,170,440,460,620,110,40,10,800
2499,105100,22,1,Business Owner,Tier_2,12620,7900,3280,15600,6050,5670,4960,6320,5590,1830,6070,75890,12.3,12930,29210,380,240,100,470,600,1980,1490,190,170,50,1520
2500,15800,43,2,Salaried,Tier_2,2070,1820,640,1930,1130,890,610,430,300,190,920,10930,24.7,3900,4870,60,50,20,60,110,310,180,10,10,10,230
2501,94000,40,0,Salaried,Tier_1,20980,0,3410,10060,6520,8340,2220,4930,1860,480,4430,63230,27.2,25570,30770,630,0,100,300,650,2920,670,150,60,10,1110
2502,31100,39,0,Freelancer,Tier_2,8610,0,580,2590,1450,1050,1090,1580,1630,480,1380,20440,10.2,3170,10660,260,0,20,80,140,370,330,50,50,10,340
2503,105400,35,2,Business Owner,Tier_2,25080,15420,4280,9010,4770,6980,4590,6050,6860,230,2680,85950,32.6,34360,19450,750,460,130,270,480,2440,1380,180,210,10,670
2504,6000,42,2,Salaried,Tier_2,800,190,260,730,360,460,100,350,420,30,270,3970,12.8,770,2030,20,10,10,20,40,160,30,10,10,0,70
2505,42800,19,0,Salaried,Tier_1,6660,8790,1400,4260,2760,1180,1120,2320,550,80,1770,30890,9.4,4020,11910,200,260,40,130,280,410,340,70,20,0,440
2506,24100,48,1,Salaried,Tier_3,6650,1180,620,2270,1400,640,1190,540,760,1190,1000,17440,20.7,4990,6660,200,40,20,70,140,220,360,20,20,40,250
2507,42800,44,0,Salaried,Tier_2,8610,0,1790,5120,2690,3260,1050,980,1260,660,2440,27860,10.9,4670,14940,260,0,50,150,270,1140,320,30,40,20,610
2508,149400,24,2,Self-Employed,Tier_1,35290,0,6430,11690,9820,10130,1680,9500,10010,1940,3300,99790,18.3,27340,49610,1060,0,190,350,980,3550,500,280,300,60,820
2509,66300,50,2,Salaried,Tier_1,11350,0,2190,6620,5370,5050,1560,4050,3480,330,2320,42320,29.9,19820,23980,340,0,70,200,540,1770,470,120,100,10,580
2510,159100,22,0,Salaried,Tier_1,23720,0,3020,22260,13610,13090,2600,9110,5100,2830,4810,100150,19.5,31020,58950,710,0,90,670,1360,4580,780,270,150,80,1200
2511,6000,22,0,Student,Tier_2,1420,0,130,530,450,510,240,190,290,70,210,4040,29.1,1750,1960,40,0,0,20,40,180,70,10,10,0,50
2512,28200,24,2,Salaried,Tier_3,3810,5220,1360,4390,910,1840,610,1640,1160,250,1630,22820,9.9,2790,5380,110,160,40,130,90,640,180,50,30,10,410
2513,118900,32,0,Salaried,Tier_1,30340,0,5600,8050,8860,8460,4430,3710,2280,10,4030,75770,26.3,31270,43130,910,0,170,240,890,2960,1330,110,70,0,1010
2514,78200,19,2,Salaried,Tier_3,9760,0,1540,9270,5860,6450,3870,4150,5210,600,2570,49280,25.1,19630,28920,290,0,50,280,590,2260,1160,120,160,20,640
2515,81000,38,0,Salaried,Tier_2,16760,0,3190,10830,5500,5290,1000,4110,2040,560,2160,51440,20.9,16930,29560,500,0,100,320,550,1850,300,120,60,20,540
2516,76600,54,1,Salaried,Tier_1,18860,0,2090,10270,6560,5620,1480,4170,1270,730,3200,54250,18.9,14480,22350,570,0,60,310,660,1970,440,130,40,20,800
2517,48400,33,3,Salaried,Tier_2,14120,6410,910,7950,1910,1930,1420,2750,2530,3580,1270,44780,17.1,8280,3620,420,190,30,240,190,680,430,80,80,110,320
2518,76900,35,1,Salaried,Tier_3,17710,0,1750,10310,4890,4150,2160,2880,4210,380,3750,52190,18.2,14000,24710,530,0,50,310,490,1450,650,90,130,10,940
2519,79000,48,2,Salaried,Tier_2,11020,16650,1290,9640,6970,3180,2870,2610,3180,750,1620,59780,23.3,18410,19220,330,500,40,290,700,1110,860,80,100,20,400
2520,8100,31,0,Business Owner,Tier_1,2730,810,350,1060,610,840,240,360,120,40,430,7590,24.0,1940,510,80,20,10,30,60,290,70,10,0,0,110
2521,23600,31,1,Self-Employed,Tier_2,4600,0,370,2230,950,1180,1110,600,280,1130,1050,13500,25.6,6040,10100,140,0,10,70,100,410,330,20,10,30,260
2522,140600,49,1,Salaried,Tier_1,39460,12320,5590,9980,4290,3730,4370,5090,3370,1150,2850,92200,9.7,13640,48400,1180,370,170,300,430,1310,1310,150,100,30,710
2523,111000,38,2,Salaried,Tier_1,24410,0,4990,17450,3610,2960,4420,3200,7510,1020,6280,75850,22.7,25200,35150,730,0,150,520,360,1040,1330,100,230,30,1570
2524,88000,36,2,Salaried,Tier_1,23360,17440,3850,6450,7820,3490,1950,2370,5120,8200,3260,83310,30.6,26930,4690,700,520,120,190,780,1220,580,70,150,250,820
2525,116200,33,0,Self-Employed,Tier_2,16770,24800,3900,10030,7890,3980,3240,2830,6380,1010,6360,87190,12.2,14180,29010,500,740,120,300,790,1390,970,80,190,30,1590
2526,48400,37,0,Salaried,Tier_3,8210,7870,2230,3230,2960,4240,760,1600,2420,550,1070,35140,26.8,12970,13260,250,240,70,100,300,1480,230,50,70,20,270
2527,16900,21,0,Student,Tier_2,4010,0,310,2320,690,470,480,550,590,150,420,9990,26.5,4480,6910,120,0,10,70,70,160,140,20,20,0,100
2528,93800,28,2,Salaried,Tier_1,28520,2690,1820,13300,5150,4670,3680,5730,2610,870,2500,71540,21.8,20450,22260,860,80,50,400,520,1630,1100,170,80,30,620
2529,208000,45,0,Self-Employed,Tier_1,47320,1430,6890,18910,11120,12840,9040,5610,6010,2370,12040,133580,27.1,56370,74420,1420,40,210,570,1110,4490,2710,170,180,70,3010
2530,64600,39,0,Freelancer,Tier_3,19160,590,2690,6420,5750,2640,3220,2140,1480,970,2120,47180,21.6,13950,17420,570,20,80,190,580,920,970,60,40,30,530
2531,87300,24,2,Salaried,Tier_1,28320,0,2080,8140,5060,6310,1610,5440,3650,1330,4430,66370,11.9,10390,20930,850,0,60,240,510,2210,480,160,110,40,1110
2532,72600,29,0,Freelancer,Tier_1,13880,0,2560,5100,5930,5360,2960,2290,2280,400,3280,44040,25.5,18510,28560,420,0,80,150,590,1880,890,70,70,10,820
2533,89900,32,0,Salaried,Tier_2,16070,16830,4370,7510,7550,3060,4460,2420,5300,220,2690,70480,29.3,26340,19420,480,500,130,230,760,1070,1340,70,160,10,670
2534,128300,38,0,Salaried,Tier_1,43890,0,3970,17580,9740,9890,5240,6010,3230,2080,3330,104960,8.1,10390,23340,1320,0,120,530,970,3460,1570,180,100,60,830
2535,87200,30,0,Freelancer,Tier_1,23560,0,3000,11510,6130,4690,900,4930,4690,180,2020,61610,28.2,24590,25590,710,0,90,350,610,1640,270,150,140,10,500
2536,45500,38,2,Self-Employed,Tier_2,6770,730,1110,5120,3340,2640,530,2690,1520,740,1730,26920,25.2,11470,18580,200,20,30,150,330,920,160,80,50,20,430
2537,53900,39,0,Salaried,Tier_3,10060,0,2560,5630,1920,1190,1790,1650,1130,30,2070,28030,14.1,7600,25870,300,0,80,170,190,420,540,50,30,0,520
2538,172600,28,0,Business Owner,Tier_2,40700,23870,5550,21870,10630,9690,3090,4590,5120,1380,8540,135030,26.8,46260,37570,1220,720,170,660,1060,3390,930,140,150,40,2140
2539,46100,37,1,Salaried,Tier_1,14580,10070,970,4050,4080,1520,1790,1580,1970,30,1620,42260,34.9,16090,3840,440,300,30,120,410,530,540,50,60,0,400
2540,158200,50,3,Salaried,Tier_1,51470,17620,6300,18250,7600,11180,5950,9620,10130,17240,8680,164040,17.6,27840,-5840,1540,530,190,550,760,3910,1780,290,300,520,2170
2541,50600,34,3,Salaried,Tier_2,11440,8920,830,5300,4000,2640,1650,3620,2330,1140,2630,44500,17.2,8700,6100,340,270,20,160,400,920,500,110,70,30,660
2542,66000,53,0,Business Owner,Tier_1,9240,4360,2220,6070,2410,6180,1910,2710,3300,440,2810,41650,30.6,20200,24350,280,130,70,180,240,2160,570,80,100,10,700
2543,74900,30,0,Salaried,Tier_1,19550,0,1390,7890,5850,6360,2940,1520,3540,850,1880,51770,17.4,13030,23130,590,0,40,240,580,2230,880,50,110,30,470
2544,146400,37,0,Salaried,Tier_1,31390,0,4130,18410,10260,5160,2490,5030,3740,1400,7850,89860,29.8,43630,56540,940,0,120,550,1030,1810,750,150,110,40,1960
2545,39500,33,0,Salaried,Tier_3,6210,4840,1040,5190,3160,2540,590,930,1240,220,1140,27100,21.4,8450,12400,190,150,30,160,320,890,180,30,40,10,280
2546,78900,35,2,Self-Employed,Tier_1,14410,0,2900,10480,2760,2270,1890,4840,3380,1100,4720,48750,16.9,13330,30150,430,0,90,310,280,790,570,150,100,30,1180
2547,44100,36,2,Salaried,Tier_3,5950,1500,1580,5590,3790,2180,1380,2500,1730,1550,2060,29810,20.7,9130,14290,180,40,50,170,380,760,410,80,50,50,520
2548,119800,48,0,Salaried,Tier_1,33720,11590,5720,16240,3850,5610,4150,2890,6790,280,5910,96750,16.5,19770,23050,1010,350,170,490,380,1960,1240,90,200,10,1480
2549,53900,24,3,Freelancer,Tier_1,10080,0,2490,4480,2850,3480,1710,2170,760,380,2900,31300,10.7,5770,22600,300,0,70,130,280,1220,510,70,20,10,720
2550,64300,44,1,Salaried,Tier_2,10610,3270,1590,4850,3180,2060,2170,1640,3540,460,1800,35170,32.2,20700,29130,320,100,50,150,320,720,650,50,110,10,450
2551,59600,34,3,Freelancer,Tier_2,14460,0,1330,9580,1890,3130,1290,2470,3240,6420,2270,46080,21.2,12640,13520,430,0,40,290,190,1100,390,70,100,190,570
2552,24000,24,0,Student,Tier_1,7620,0,330,1910,1810,1970,450,1230,1310,300,670,17600,17.0,4080,6400,230,0,10,60,180,690,140,40,40,10,170
2553,92600,19,0,Business Owner,Tier_2,18670,0,3990,11970,2910,7820,2340,3430,5260,960,4350,61700,8.5,7870,30900,560,0,120,360,290,2740,700,100,160,30,1090
2554,17300,23,0,Student,Tier_2,4750,0,270,2090,780,670,250,840,230,210,360,10450,28.3,4900,6850,140,0,10,60,80,230,80,30,10,10,90
2555,78400,22,1,Salaried,Tier_2,10110,0,990,9550,3080,6520,2320,3010,1760,1250,1950,40540,13.8,10820,37860,300,0,30,290,310,2280,700,90,50,40,490
2556,117800,46,1,Business Owner,Tier_2,31240,14490,5210,17340,7310,11490,1780,4650,1290,11980,6860,113640,20.6,24270,4160,940,430,160,520,730,4020,530,140,40,360,1720
2557,101200,45,1,Salaried,Tier_2,25800,2810,1540,11780,3560,2940,3110,3170,3880,1650,6020,66260,18.9,19130,34940,770,80,50,350,360,1030,930,100,120,50,1500
2558,79300,31,4,Salaried,Tier_3,21590,13390,2250,8710,3550,2910,1230,6160,4940,6440,2940,74110,12.9,10230,5190,650,400,70,260,360,1020,370,180,150,190,740
2559,56900,34,3,Freelancer,Tier_1,11630,0,1530,8600,2080,1990,820,1890,1040,340,2360,32280,13.2,7510,24620,350,0,50,260,210,700,250,60,30,10,590
2560,8100,30,1,Salaried,Tier_1,1680,330,170,530,470,720,220,400,310,320,260,5410,28.1,2280,2690,50,10,10,20,50,250,70,10,10,10,60
2561,154700,30,0,Salaried,Tier_1,36990,0,5000,11470,11680,12780,7150,6250,8810,2670,4820,107620,9.1,14080,47080,1110,0,150,340,1170,4470,2140,190,260,80,1200
2562,28100,46,1,Freelancer,Tier_1,6080,330,1070,2830,2010,1780,1310,1440,640,250,860,18600,20.9,5870,9500,180,10,30,80,200,620,390,40,20,10,220
2563,105200,41,2,Self-Employed,Tier_1,31430,0,4690,8170,5830,9390,4530,3100,5680,1850,4720,79390,20.0,21040,25810,940,0,140,250,580,3290,1360,90,170,60,1180
2564,8100,51,1,Freelancer,Tier_1,2490,0,360,1150,360,720,220,410,290,50,190,6240,31.3,2540,1860,70,0,10,30,40,250,70,10,10,0,50
2565,6000,23,0,Student,Tier_2,1280,0,70,370,420,500,70,300,160,80,160,3410,27.9,1670,2590,40,0,0,10,40,180,20,10,0,0,40
2566,91100,39,3,Salaried,Tier_3,11110,7960,1940,10710,4700,7190,2740,3460,4000,5560,4430,63800,25.3,23050,27300,330,240,60,320,470,2520,820,100,120,170,1110
2567,68900,53,2,Self-Employed,Tier_2,14360,11100,1670,9270,4040,2230,3100,1880,4470,750,2190,55060,9.8,6750,13840,430,330,50,280,400,780,930,60,130,20,550
2568,9100,23,0,Student,Tier_1,2330,0,100,1170,800,640,360,260,150,80,370,6260,18.7,1700,2840,70,0,0,40,80,220,110,10,0,0,90
2569,37600,61,0,Self-Employed,Tier_2,6060,7790,1790,3250,2580,4050,1700,2130,870,70,1890,32180,9.1,3420,5420,180,230,50,100,260,1420,510,60,30,0,470
2570,8100,30,4,Salaried,Tier_1,2520,500,200,1020,360,720,330,390,480,970,340,7830,29.2,2370,270,80,20,10,30,40,250,100,10,10,30,80
2571,12900,23,0,Student,Tier_2,2760,0,360,850,920,770,340,450,200,150,700,7500,17.1,2210,5400,80,0,10,30,90,270,100,10,10,0,180
2572,155200,41,2,Business Owner,Tier_1,42790,17490,2740,23470,9860,14610,5130,7820,9600,4560,8880,146950,12.8,19870,8250,1280,520,80,700,990,5110,1540,230,290,140,2220
2573,71900,58,1,Retired,Tier_1,12530,0,2670,4860,3900,2700,3260,4030,3580,1880,2030,41440,30.1,21640,30460,380,0,80,150,390,940,980,120,110,60,510
2574,60900,29,2,Salaried,Tier_1,14480,0,1000,4660,3580,4980,2080,4030,3580,5310,1930,45630,11.8,7190,15270,430,0,30,140,360,1740,620,120,110,160,480
2575,12300,23,0,Student,Tier_2,3170,0,290,820,720,540,130,710,540,90,290,7300,11.9,1460,5000,100,0,10,20,70,190,40,20,20,0,70
2576,73000,32,0,Business Owner,Tier_2,17950,0,1660,7940,3910,4700,1540,2870,4340,420,3480,48810,32.3,23580,24190,540,0,50,240,390,1640,460,90,130,10,870
2577,114900,36,2,Salaried,Tier_2,21480,0,3270,15210,10150,3290,1450,5820,7780,11780,5310,85540,24.3,27920,29360,640,0,100,460,1020,1150,440,170,230,350,1330
2578,170700,33,1,Salaried,Tier_1,29610,0,7590,22490,12660,7070,2960,7420,9660,19440,3410,122310,34.2,58380,48390,890,0,230,670,1270,2470,890,220,290,580,850
2579,67800,19,0,Salaried,Tier_2,17690,4280,3110,5910,4330,4860,920,3420,2510,660,3340,51030,30.5,20680,16770,530,130,90,180,430,1700,280,100,80,20,840
2580,81800,29,0,Self-Employed,Tier_2,18380,3000,2630,11000,4910,2140,3060,3180,2340,1460,4230,56330,22.3,18240,25470,550,90,80,330,490,750,920,100,70,40,1060
2581,71000,39,0,Freelancer,Tier_1,14560,70,1120,8500,3910,2440,3300,1740,1170,220,4200,41230,18.0,12780,29770,440,0,30,260,390,850,990,50,40,10,1050
2582,97400,26,2,Salaried,Tier_1,13500,0,4500,10120,7240,6340,1880,3550,4350,1160,3600,56240,12.8,12470,41160,400,0,140,300,720,2220,560,110,130,30,900
2583,65900,51,1,Freelancer,Tier_1,18380,0,1930,4670,2170,2490,2040,3830,2590,5990,2040,46130,25.0,16480,19770,550,0,60,140,220,870,610,110,80,180,510
2584,58100,26,0,Business Owner,Tier_1,17420,0,2340,6330,2450,3860,2260,2390,2960,580,1650,42240,27.4,15920,15860,520,0,70,190,240,1350,680,70,90,20,410
2585,62600,35,0,Salaried,Tier_2,12550,7670,2430,8600,2260,5620,1500,3110,1410,40,3280,48470,25.1,15710,14130,380,230,70,260,230,1970,450,90,40,0,820
2586,6000,35,3,Freelancer,Tier_2,1370,30,290,600,510,290,220,430,420,130,340,4630,29.1,1750,1370,40,0,10,20,50,100,70,10,10,0,80
2587,161800,34,1,Business Owner,Tier_1,43470,0,2190,11280,8780,10090,7970,9130,6450,8020,6100,113480,27.2,44010,48320,1300,0,70,340,880,3530,2390,270,190,240,1520
2588,43800,30,1,Business Owner,Tier_2,8650,0,1440,4990,1880,2380,1650,1480,2050,830,1330,26680,18.5,8100,17120,260,0,40,150,190,830,500,40,60,20,330
2589,192900,28,3,Salaried,Tier_1,46510,0,2770,24620,14810,5360,6070,8700,7100,730,8340,125010,8.6,16590,67890,1400,0,80,740,1480,1880,1820,260,210,20,2080
2590,67900,26,1,Salaried,Tier_1,16060,0,1760,8500,3350,1410,1060,4190,3330,1030,2740,43430,27.2,18470,24470,480,0,50,260,340,490,320,130,100,30,680
2591,45600,37,1,Salaried,Tier_3,9670,0,1710,5710,1810,3140,940,2560,2930,3780,2610,34860,9.7,4420,10740,290,0,50,170,180,1100,280,80,90,110,650
2592,103200,22,1,Salaried,Tier_1,20080,18990,4960,9550,9230,8140,3590,3980,5100,910,5040,89570,23.5,24250,13630,600,570,150,290,920,2850,1080,120,150,30,1260
2593,126200,49,2,Business Owner,Tier_2,23750,18740,5080,12580,5620,13100,1310,5840,2460,1760,6270,96510,31.1,39250,29690,710,560,150,380,560,4580,390,180,70,50,1570
2594,8100,55,0,Self-Employed,Tier_1,2060,1530,310,1070,300,440,360,280,320,0,460,7130,21.9,1770,970,60,50,10,30,30,150,110,10,10,0,120
2595,15500,21,0,Student,Tier_1,4100,2630,540,1030,790,880,730,890,320,160,720,12790,31.4,4870,2710,120,80,20,30,80,310,220,30,10,0,180
2596,19000,19,0,Student,Tier_1,5540,2240,660,1570,670,1210,780,820,810,310,690,15300,24.2,4600,3700,170,70,20,50,70,420,230,20,20,10,170
2597,79800,39,0,Salaried,Tier_1,20710,0,840,9500,5620,4030,1980,1800,4150,1180,2260,52070,32.4,25860,27730,620,0,30,280,560,1410,590,50,120,40,560
2598,90400,46,3,Business Owner,Tier_1,20960,3790,990,10100,7020,3910,2820,2550,2880,5910,5020,65950,29.7,26850,24450,630,110,30,300,700,1370,850,80,90,180,1260
2599,42900,49,2,Self-Employed,Tier_2,6960,7370,750,4130,2220,1300,1050,1630,2650,430,1180,29670,10.9,4680,13230,210,220,20,120,220,450,320,50,80,10,300
2600,17400,48,2,Salaried,Tier_2,2910,3580,220,2780,810,370,780,840,1150,890,1040,15370,20.4,3550,2030,90,110,10,80,80,130,230,30,30,30,260
2601,128700,29,0,Business Owner,Tier_1,43150,7180,3640,13170,4150,7400,2080,2720,6340,1680,6870,98380,18.6,23940,30320,1290,220,110,400,420,2590,620,80,190,50,1720
2602,88900,28,3,Salaried,Tier_2,12880,0,3660,13480,3850,3860,2370,4980,5840,690,1970,53580,34.6,30760,35320,390,0,110,400,380,1350,710,150,180,20,490
2603,20400,27,0,Salaried,Tier_3,4810,0,550,2020,1700,710,860,880,1190,210,1160,14090,16.3,3330,6310,140,0,20,60,170,250,260,30,40,10,290
2604,88100,47,0,Salaried,Tier_2,11880,0,3620,10440,7570,6750,950,2200,1490,670,4520,50090,21.4,18850,38010,360,0,110,310,760,2360,280,70,40,20,1130
2605,9200,20,0,Student,Tier_2,2450,1180,140,1030,700,270,270,250,380,90,470,7230,33.6,3090,1970,70,40,0,30,70,90,80,10,10,0,120
2606,36900,29,2,Freelancer,Tier_1,12560,2030,1160,5200,1140,1540,690,1190,2320,2280,1130,31240,12.1,4460,5660,380,60,30,160,110,540,210,40,70,70,280
2607,34800,55,0,Salaried,Tier_1,9550,2550,1120,2180,2540,2910,1150,1180,1880,470,1450,26980,16.8,5850,7820,290,80,30,70,250,1020,340,40,60,10,360
2608,39200,44,2,Freelancer,Tier_3,8540,5940,1650,3940,2450,2320,470,1780,1870,4280,2040,35280,24.7,9680,3920,260,180,50,120,240,810,140,50,60,130,510
2609,8100,31,3,Business Owner,Tier_1,2180,1400,120,840,450,260,270,440,230,70,170,6430,31.4,2540,1670,70,40,0,30,40,90,80,10,10,0,40
2610,12700,31,3,Salaried,Tier_1,2700,2390,290,1360,970,820,330,630,790,650,440,11370,24.8,3150,1330,80,70,10,40,100,290,100,20,20,20,110
2611,57100,37,2,Salaried,Tier_2,12620,10490,980,5990,5040,3180,1280,3040,2410,400,1850,47280,31.9,18210,9820,380,310,30,180,500,1110,380,90,70,10,460
2612,151000,50,1,Self-Employed,Tier_1,44340,0,5490,10860,6340,12220,2700,6070,8280,2570,8440,107310,12.4,18720,43690,1330,0,160,330,630,4280,810,180,250,80,2110
2613,110400,30,2,Self-Employed,Tier_2,17750,15070,4660,8810,8370,3360,4190,7010,4850,1750,3740,79560,22.7,25060,30840,530,450,140,260,840,1180,1260,210,150,50,940
2614,53600,19,3,Business Owner,Tier_2,7590,0,2150,7690,3800,2660,1670,2150,1570,830,1490,31600,20.9,11200,22000,230,0,60,230,380,930,500,60,50,20,370
2615,59100,33,0,Self-Employed,Tier_1,18540,0,1790,4690,2800,2160,880,2380,2360,280,1920,37800,23.8,14070,21300,560,0,50,140,280,760,260,70,70,10,480
2616,8100,24,0,Student,Tier_1,1540,0,220,990,570,190,350,380,180,130,260,4810,16.8,1360,3290,50,0,10,30,60,70,100,10,10,0,60
2617,74700,72,0,Retired,Tier_2,10250,7160,2760,6750,6480,6690,1790,2910,1450,570,4400,51210,15.3,11430,23490,310,210,80,200,650,2340,540,90,40,20,1100
2618,260600,36,1,Business Owner,Tier_1,36270,6380,6510,31350,18090,12800,6200,9140,7860,8750,14150,157500,25.6,66710,103100,1090,190,200,940,1810,4480,1860,270,240,260,3540
2619,46100,19,0,Salaried,Tier_3,6980,0,1800,5880,2810,2650,910,1880,2500,320,1920,27650,22.3,10280,18450,210,0,50,180,280,930,270,60,80,10,480
2620,42300,35,3,Freelancer,Tier_2,5320,8640,1760,6180,2250,1590,430,1090,540,3410,1290,32500,27.3,11550,9800,160,260,50,190,220,560,130,30,20,100,320
2621,44900,37,1,Salaried,Tier_2,10550,3730,1730,3450,4040,1470,820,1930,2500,3300,1480,35000,15.1,6780,9900,320,110,50,100,400,510,250,60,80,100,370
2622,55800,33,1,Salaried,Tier_3,9040,0,2440,4410,4210,3680,1380,2630,760,5320,2820,36690,31.3,17470,19110,270,0,70,130,420,1290,410,80,20,160,700
2623,30500,57,1,Retired,Tier_2,7030,0,480,2130,1610,740,340,1400,1490,570,920,16710,8.3,2530,13790,210,0,10,60,160,260,100,40,40,20,230
2624,113300,32,0,Salaried,Tier_1,29900,0,4310,10730,6250,7950,5540,6700,2020,740,3570,77710,30.3,34330,35590,900,0,130,320,620,2780,1660,200,60,20,890
2625,143500,27,3,Salaried,Tier_1,25240,0,2930,15800,8290,12040,2510,8160,4620,1480,4980,86050,32.4,46490,57450,760,0,90,470,830,4210,750,240,140,40,1240
2626,133200,44,2,Self-Employed,Tier_1,31020,0,3010,11280,10760,12260,4920,6910,4120,1040,5520,90840,19.6,26110,42360,930,0,90,340,1080,4290,1480,210,120,30,1380
2627,100200,27,0,Salaried,Tier_1,15450,0,1290,7810,7580,6910,3070,3430,2060,1400,5150,54150,12.8,12830,46050,460,0,40,230,760,2420,920,100,60,40,1290
2628,54700,37,3,Salaried,Tier_2,9400,6090,2110,5320,3040,3090,990,3240,1910,370,1720,37280,9.0,4920,17420,280,180,60,160,300,1080,300,100,60,10,430
2629,4500,50,0,Freelancer,Tier_3,1320,350,130,510,210,210,220,90,220,80,220,3560,25.3,1140,940,40,10,0,20,20,70,70,0,10,0,60
2630,6000,43,3,Freelancer,Tier_2,1680,20,70,990,190,210,60,200,110,100,260,3890,34.0,2040,2110,50,0,0,30,20,70,20,10,0,0,60
2631,38100,38,2,Salaried,Tier_1,9640,7640,530,6100,3280,1850,730,1120,2090,3410,940,37330,15.1,5750,770,290,230,20,180,330,650,220,30,60,100,240
2632,41500,32,1,Salaried,Tier_2,8270,5030,1760,5430,3640,2800,1480,2260,670,890,1720,33950,13.0,5400,7550,250,150,50,160,360,980,440,70,20,30,430
2633,14200,19,0,Student,Tier_2,2230,0,610,1490,590,320,640,480,200,120,380,7060,27.0,3830,7140,70,0,20,40,60,110,190,10,10,0,100
2634,132200,24,0,Salaried,Tier_1,33550,0,4700,9640,6990,10780,5970,4390,3200,2350,5730,87300,8.4,11100,44900,1010,0,140,290,700,3770,1790,130,100,70,1430
2635,135700,21,2,Self-Employed,Tier_2,33280,13040,6450,21930,8710,10170,2540,6450,2430,1390,6220,112610,31.9,43290,23090,1000,390,190,660,870,3560,760,190,70,40,1560
2636,89300,41,4,Business Owner,Tier_1,15530,18920,1190,13640,2730,3210,1220,3950,4090,9780,3640,77900,18.7,16700,11400,470,570,40,410,270,1120,370,120,120,290,910
2637,65500,25,1,Salaried,Tier_3,13810,11740,2240,6560,3670,3290,2980,2920,3580,980,2010,53780,9.9,6480,11720,410,350,70,200,370,1150,890,90,110,30,500
2638,64000,53,3,Salaried,Tier_3,16370,4290,2220,10110,2710,4030,1670,2740,3930,860,1480,50410,17.2,11010,13590,490,130,70,300,270,1410,500,80,120,30,370
2639,151600,40,1,Salaried,Tier_1,33920,18580,5330,22790,11490,8850,5210,7260,9730,15780,4850,143790,14.9,22590,7810,1020,560,160,680,1150,3100,1560,220,290,470,1210
2640,61400,38,0,Salaried,Tier_1,9760,4670,2750,8270,3440,3050,2190,3100,2940,990,1490,42650,9.2,5650,18750,290,140,80,250,340,1070,660,90,90,30,370
2641,62000,45,0,Salaried,Tier_2,8830,13150,2470,5170,3190,1500,1480,2890,2800,750,2430,44660,15.4,9550,17340,260,390,70,160,320,520,440,90,80,20,610
2642,81100,20,0,Salaried,Tier_2,10790,3260,3420,6830,3090,5550,3050,3890,3810,260,2730,46680,24.2,19630,34420,320,100,100,200,310,1940,920,120,110,10,680
2643,89800,32,2,Business Owner,Tier_1,14960,13290,4240,12080,7130,8230,2340,4800,4960,300,4650,76980,33.6,30170,12820,450,400,130,360,710,2880,700,140,150,10,1160
2644,52300,33,2,Salaried,Tier_3,7710,0,2130,5530,4510,4280,2150,2520,2440,3060,1380,35710,24.4,12760,16590,230,0,60,170,450,1500,640,80,70,90,340
2645,49200,44,1,Freelancer,Tier_2,8720,840,1420,5950,2170,2500,760,2860,2910,210,2160,30500,8.0,3940,18700,260,30,40,180,220,880,230,90,90,10,540
2646,53100,54,0,Salaried,Tier_1,11130,5380,2160,4030,1870,1580,1990,1750,1170,20,1490,32570,31.5,16730,20530,330,160,60,120,190,550,600,50,40,0,370
2647,60900,42,0,Salaried,Tier_1,10810,0,780,4140,2160,2990,1160,1930,2250,870,1950,29040,11.8,7190,31860,320,0,20,120,220,1050,350,60,70,30,490
2648,272800,36,0,Business Owner,Tier_1,87370,36900,13610,30380,18870,13680,8930,8150,7580,1870,9190,236530,31.2,85110,36270,2620,1110,410,910,1890,4790,2680,240,230,60,2300
2649,6000,42,2,Business Owner,Tier_2,1720,430,100,840,230,210,140,200,180,480,290,4820,30.2,1810,1180,50,10,0,30,20,70,40,10,10,10,70
2650,42500,44,0,Self-Employed,Tier_2,8210,0,1200,4420,3820,1810,720,1990,1480,750,1510,25910,8.2,3480,16590,250,0,40,130,380,630,220,60,40,20,380
2651,105900,39,3,Salaried,Tier_1,21370,22830,3190,7970,9190,8720,1120,4730,2240,8060,6180,95600,25.6,27110,10300,640,680,100,240,920,3050,340,140,70,240,1540
2652,29100,20,2,Self-Employed,Tier_1,9730,4020,520,4530,2500,1110,1380,1660,650,460,1680,28240,15.1,4390,860,290,120,20,140,250,390,410,50,20,10,420
2653,47600,26,2,Salaried,Tier_1,10840,0,1220,6090,4080,2240,1450,2670,570,680,2270,32110,13.6,6470,15490,330,0,40,180,410,780,440,80,20,20,570
2654,46500,20,0,Salaried,Tier_2,13520,0,2010,2790,3180,2290,2070,1150,1780,60,2520,31370,15.6,7250,15130,410,0,60,80,320,800,620,30,50,0,630
2655,20000,45,3,Salaried,Tier_2,5270,0,670,2140,1430,960,860,1010,480,60,800,13680,23.3,4660,6320,160,0,20,60,140,340,260,30,10,0,200
2656,8100,53,1,Business Owner,Tier_1,1240,0,280,960,340,690,390,330,350,890,330,5800,29.5,2390,2300,40,0,10,30,30,240,120,10,10,30,80
2657,84400,40,3,Salaried,Tier_2,21320,0,4090,12430,2930,1980,2430,2200,5460,210,2480,55530,22.3,18820,28870,640,0,120,370,290,690,730,70,160,10,620
2658,48700,29,0,Freelancer,Tier_1,7700,0,1640,3520,4240,2560,770,1060,990,330,2050,24860,14.0,6820,23840,230,0,50,110,420,900,230,30,30,10,510
2659,96400,31,2,Self-Employed,Tier_2,20190,0,4510,8890,7660,6020,1570,4700,3730,1700,5560,64530,30.2,29110,31870,610,0,140,270,770,2110,470,140,110,50,1390
2660,80400,39,0,Salaried,Tier_1,23920,14320,3240,10200,4000,3320,3010,4170,2320,670,2240,71410,32.3,25970,8990,720,430,100,310,400,1160,900,130,70,20,560
2661,54600,25,1,Salaried,Tier_1,16680,0,820,5920,3080,1280,2390,2390,780,10,1100,34450,15.3,8350,20150,500,0,20,180,310,450,720,70,20,0,280
2662,30800,22,0,Student,Tier_1,10560,4750,1090,3300,1380,1040,1080,1840,1850,420,960,28270,33.9,10440,2530,320,140,30,100,140,360,320,60,60,10,240
2663,179400,41,1,Salaried,Tier_1,46690,22510,8160,26580,6910,10120,8800,8910,9320,360,9210,157570,10.3,18480,21830,1400,680,240,800,690,3540,2640,270,280,10,2300
2664,127000,29,0,Salaried,Tier_1,31360,9230,5660,17220,8800,6340,1940,5110,2510,30,7110,95310,16.6,21080,31690,940,280,170,520,880,2220,580,150,80,0,1780
2665,153400,51,3,Business Owner,Tier_1,48260,0,3180,22350,5790,15680,6420,5400,5230,14770,4510,131590,21.3,32670,21810,1450,0,100,670,580,5490,1930,160,160,440,1130
2666,46500,19,2,Salaried,Tier_3,7880,0,2000,3970,3940,1120,2140,2750,2930,700,2140,29570,33.4,15530,16930,240,0,60,120,390,390,640,80,90,20,540
2667,4500,44,3,Self-Employed,Tier_3,990,0,210,700,150,220,50,150,260,20,150,2900,29.2,1310,1600,30,0,10,20,20,80,20,0,10,0,40
2668,6000,62,2,Retired,Tier_2,1470,440,110,460,360,280,70,270,210,60,230,3960,32.2,1930,2040,40,10,0,10,40,100,20,10,10,0,60
2669,135600,19,2,Self-Employed,Tier_1,42680,5930,6530,12330,8120,13480,5410,5340,2270,1580,6850,110520,27.3,37020,25080,1280,180,200,370,810,4720,1620,160,70,50,1710
2670,51300,19,3,Self-Employed,Tier_3,10930,10630,960,7400,3690,4840,870,2870,3360,770,1640,47960,14.3,7340,3340,330,320,30,220,370,1690,260,90,100,20,410
2671,66500,25,2,Salaried,Tier_1,16920,0,2210,9790,2060,1430,910,2940,2800,870,1930,41860,15.5,10310,24640,510,0,70,290,210,500,270,90,80,30,480
2672,79100,28,1,Salaried,Tier_1,21230,3730,2190,7780,4220,4220,2020,4890,2510,1030,3340,57160,15.2,12020,21940,640,110,70,230,420,1480,610,150,80,30,840
2673,69400,19,0,Salaried,Tier_3,14850,0,1550,7070,5550,1730,990,2470,2060,170,3560,40000,14.9,10340,29400,450,0,50,210,560,610,300,70,60,10,890
2674,122800,19,0,Salaried,Tier_1,36160,4620,5110,15040,6700,4140,5970,3210,5570,1290,4460,92270,33.7,41380,30530,1080,140,150,450,670,1450,1790,100,170,40,1120
2675,42500,57,0,Retired,Tier_2,5620,0,530,2740,3320,2110,1830,2420,940,330,1020,20860,22.7,9650,21640,170,0,20,80,330,740,550,70,30,10,260
2676,116000,35,2,Salaried,Tier_2,30760,0,1340,17380,6030,6030,5000,7020,6940,660,6780,87940,18.4,21340,28060,920,0,40,520,600,2110,1500,210,210,20,1700
2677,8100,20,0,Student,Tier_1,2410,0,400,1020,310,690,90,330,350,100,360,6060,28.7,2320,2040,70,0,10,30,30,240,30,10,10,0,90
2678,120300,41,0,Salaried,Tier_1,36620,0,2080,14160,6060,5310,3230,4090,5480,1980,7160,86170,14.4,17320,34130,1100,0,60,420,610,1860,970,120,160,60,1790
2679,50600,37,0,Salaried,Tier_3,6670,4800,2040,5830,3090,4400,2030,2670,1020,870,1340,34760,24.3,12300,15840,200,140,60,170,310,1540,610,80,30,30,340
2680,121400,37,1,Business Owner,Tier_2,14640,0,2280,13980,7760,5130,3960,4090,1620,1070,6380,60910,19.3,23430,60490,440,0,70,420,780,1800,1190,120,50,30,1600
2681,50800,46,0,Self-Employed,Tier_3,6480,0,1180,3050,4070,3140,1500,2380,2580,550,2260,27190,24.5,12450,23610,190,0,40,90,410,1100,450,70,80,20,560
2682,20200,32,1,Salaried,Tier_3,4620,300,680,2310,740,1490,820,800,510,1830,560,14660,11.6,2340,5540,140,10,20,70,70,520,250,20,20,50,140
2683,25900,47,2,Self-Employed,Tier_3,5230,0,590,3240,1890,2100,990,1720,1490,320,1160,18730,17.7,4580,7170,160,0,20,100,190,740,300,50,40,10,290
2684,20100,40,0,Salaried,Tier_2,2730,2810,280,1430,1000,630,560,1060,240,10,830,11580,34.3,6890,8520,80,80,10,40,100,220,170,30,10,0,210
2685,69200,31,2,Salaried,Tier_1,20990,11360,2690,8260,4810,5810,1920,4690,3670,1080,1660,66940,32.0,22140,2260,630,340,80,250,480,2030,580,140,110,30,420
2686,66200,51,1,Salaried,Tier_2,8910,0,720,5670,5310,5100,2750,3880,1470,1170,3300,38280,22.7,15030,27920,270,0,20,170,530,1780,820,120,40,40,820
2687,37800,35,1,Freelancer,Tier_1,6750,2970,1040,4910,1620,2510,1110,1190,510,450,770,23830,16.3,6160,13970,200,90,30,150,160,880,330,40,20,10,190
2688,37400,39,1,Freelancer,Tier_1,6540,0,1490,5610,3060,2300,820,1780,1540,70,1440,24650,27.4,10250,12750,200,0,40,170,310,800,250,50,50,0,360
2689,42400,19,2,Salaried,Tier_3,9450,0,2070,5520,3420,2330,1780,2810,1180,340,960,29860,8.5,3600,12540,280,0,60,170,340,820,530,80,40,10,240
2690,54900,32,1,Self-Employed,Tier_1,18590,0,2070,4190,1830,5910,1920,1270,2150,2280,2760,42970,31.2,17130,11930,560,0,60,130,180,2070,580,40,60,70,690
2691,28700,64,1,Retired,Tier_1,8970,4850,1070,1960,2420,2030,1320,1240,980,2760,1610,29210,13.1,3760,-510,270,150,30,60,240,710,400,40,30,80,400
2692,87400,27,1,Salaried,Tier_2,15530,0,1280,7380,5130,4150,3460,5540,4080,290,4100,50940,13.8,12060,36460,470,0,40,220,510,1450,1040,170,120,10,1020
2693,17500,22,0,Student,Tier_1,5760,0,470,1720,1500,1500,450,730,350,60,430,12970,28.6,5000,4530,170,0,10,50,150,520,140,20,10,0,110
2694,34200,26,0,Self-Employed,Tier_1,8620,270,1010,3030,2810,3510,940,1160,920,460,1440,24170,18.7,6400,10030,260,10,30,90,280,1230,280,30,30,10,360
2695,128100,31,0,Salaried,Tier_1,31950,3590,4620,14540,11170,3380,3050,3500,4620,2250,3630,86300,10.9,13960,41800,960,110,140,440,1120,1180,920,100,140,70,910
2696,93700,43,0,Self-Employed,Tier_2,15860,0,2730,9260,4500,9650,3850,4060,4020,130,5510,59570,8.5,7960,34130,480,0,80,280,450,3380,1160,120,120,0,1380
2697,87300,55,0,Salaried,Tier_2,19410,8030,1060,8100,5440,6600,3210,3280,3990,440,4960,64520,33.7,29420,22780,580,240,30,240,540,2310,960,100,120,10,1240
2698,15200,32,0,Salaried,Tier_2,4470,1350,240,1000,650,1130,350,630,460,90,370,10740,14.3,2170,4460,130,40,10,30,60,400,100,20,10,0,90
2699,86600,51,2,Salaried,Tier_1,20630,0,3460,11910,6030,4320,3600,5710,2280,1310,4530,63780,29.2,25290,22820,620,0,100,360,600,1510,1080,170,70,40,1130
2700,51900,28,1,Salaried,Tier_1,11620,420,2590,7020,2600,3550,860,1990,780,120,3100,34650,33.8,17540,17250,350,10,80,210,260,1240,260,60,20,0,780
2701,59700,25,0,Salaried,Tier_1,18050,12260,2790,4130,3740,1780,2840,1620,2980,500,1490,52180,13.8,8240,7520,540,370,80,120,370,620,850,50,90,20,370
2702,147800,42,2,Salaried,Tier_1,42420,0,2980,23640,7230,11790,3610,8120,3830,12180,4240,120040,23.1,34140,27760,1270,0,90,710,720,4130,1080,240,110,370,1060
2703,64800,46,5,Salaried,Tier_2,12630,0,2530,7350,3960,2920,1980,1850,2140,700,3400,39460,21.4,13870,25340,380,0,80,220,400,1020,590,60,60,20,850
2704,57100,30,0,Salaried,Tier_3,10290,1780,820,6390,3310,3640,1160,1820,3000,540,1940,34690,22.6,12900,22410,310,50,20,190,330,1270,350,50,90,20,480
2705,127900,43,2,Self-Employed,Tier_1,19100,11720,6000,13950,6950,13650,3850,6120,5680,8490,3470,98980,15.2,19440,28920,570,350,180,420,700,4780,1160,180,170,250,870
2706,110200,21,2,Business Owner,Tier_1,27300,6790,1720,17170,7140,4240,2450,3810,4900,90,4480,80090,26.5,29200,30110,820,200,50,520,710,1480,740,110,150,0,1120
2707,20300,37,1,Salaried,Tier_1,3130,0,430,1880,1630,1420,750,580,470,20,1030,11340,31.2,6330,8960,90,0,10,60,160,500,220,20,10,0,260
2708,73000,19,1,Salaried,Tier_2,11070,15480,1990,7730,3450,5920,2220,2480,1420,610,2210,54580,22.4,16350,18420,330,460,60,230,340,2070,670,70,40,20,550
2709,80500,37,3,Salaried,Tier_3,17550,11760,1940,8050,4570,4060,3670,2940,4730,790,3340,63400,10.1,8130,17100,530,350,60,240,460,1420,1100,90,140,20,840
2710,24700,19,1,Salaried,Tier_2,5390,0,450,3550,1750,2010,390,1550,750,220,1100,17160,13.3,3290,7540,160,0,10,110,180,700,120,50,20,10,280
2711,69500,46,1,Self-Employed,Tier_2,8600,0,3210,7250,5550,5770,2730,3660,3820,1560,3730,45880,14.8,10290,23620,260,0,100,220,560,2020,820,110,110,50,930
2712,8100,39,1,Business Owner,Tier_1,1850,180,350,790,610,870,340,470,180,100,200,5940,12.2,990,2160,60,10,10,20,60,300,100,10,10,0,50
2713,76500,32,0,Freelancer,Tier_1,18920,0,1420,5200,2350,4600,1350,2590,3360,690,2990,43470,18.2,13920,33030,570,0,40,160,240,1610,400,80,100,20,750
2714,98100,57,1,Business Owner,Tier_2,22470,8390,1700,12680,3960,6880,2700,2810,5580,1690,4110,72970,21.2,20800,25130,670,250,50,380,400,2410,810,80,170,50,1030
2715,55400,32,0,Salaried,Tier_1,11990,7620,1250,6470,1670,3950,1950,2360,1670,630,1700,41260,28.1,15570,14140,360,230,40,190,170,1380,580,70,50,20,420
2716,48200,60,2,Retired,Tier_1,7860,9900,1460,3380,1570,980,1520,1430,920,320,1420,30760,28.2,13590,17440,240,300,40,100,160,340,460,40,30,10,360
2717,54100,36,0,Salaried,Tier_2,6970,0,610,5080,1850,2770,2350,1120,790,460,2240,24240,15.1,8170,29860,210,0,20,150,180,970,700,30,20,10,560
2718,112900,19,0,Self-Employed,Tier_1,16610,9740,2590,13420,6870,8680,3400,4340,3550,80,4360,73640,32.8,37030,39260,500,290,80,400,690,3040,1020,130,110,0,1090
2719,56700,19,2,Salaried,Tier_1,11410,10860,600,8270,4940,1640,1620,3510,860,710,2660,47080,12.2,6920,9620,340,330,20,250,490,570,490,110,30,20,660
2720,6100,18,0,Student,Tier_3,1550,0,130,630,320,290,220,280,280,50,330,4080,11.2,680,2020,50,0,0,20,30,100,70,10,10,0,80
2721,72300,35,1,Salaried,Tier_2,20920,0,1280,7870,4290,1940,2910,2310,3950,1650,1970,49090,16.8,12150,23210,630,0,40,240,430,680,870,70,120,50,490
2722,82000,33,0,Business Owner,Tier_2,21360,16300,2930,5850,7360,6930,1700,1790,2220,180,3260,69880,18.0,14760,12120,640,490,90,180,740,2430,510,50,70,10,820
2723,67400,35,1,Self-Employed,Tier_2,9130,14640,2100,6590,4630,3140,2310,2150,1510,7720,3930,57850,21.7,14630,9550,270,440,60,200,460,1100,690,60,50,230,980
2724,213600,30,3,Self-Employed,Tier_1,70110,0,10330,36450,10860,11420,6630,12170,9310,9500,10870,187650,20.4,43570,25950,2100,0,310,1090,1090,4000,1990,370,280,280,2720
2725,76600,51,3,Salaried,Tier_2,9940,12500,1630,7650,4760,4950,820,4440,3950,810,3080,54530,27.3,20910,22070,300,380,50,230,480,1730,250,130,120,20,770
2726,19600,24,0,Student,Tier_1,5710,0,550,1280,1600,1710,950,590,1020,170,420,14000,9.3,1820,5600,170,0,20,40,160,600,280,20,30,10,100
2727,154600,40,0,Salaried,Tier_1,36900,0,5120,10250,4990,4780,3950,7090,5260,870,8340,87550,33.0,51020,67050,1110,0,150,310,500,1670,1180,210,160,30,2080
2728,94100,33,0,Self-Employed,Tier_2,25190,220,4590,8540,7700,3050,4030,5120,1820,980,5130,66370,27.1,25500,27730,760,10,140,260,770,1070,1210,150,50,30,1280
2729,32900,59,1,Retired,Tier_1,11270,0,590,4850,2130,2920,510,1610,1080,2290,1340,28590,18.9,6220,4310,340,0,20,150,210,1020,150,50,30,70,340
2730,190000,31,0,Business Owner,Tier_1,38690,11490,6400,17210,8890,15480,3210,6960,9760,1940,9580,129610,25.9,49210,60390,1160,340,190,520,890,5420,960,210,290,60,2400
2731,118000,34,1,Salaried,Tier_1,33580,20170,2920,14030,10290,4460,2550,3040,6730,80,4800,102650,30.8,36340,15350,1010,610,90,420,1030,1560,760,90,200,0,1200
2732,47300,51,0,Salaried,Tier_2,12770,0,1310,6580,4070,3750,2010,1780,2330,250,1890,36740,30.6,14470,10560,380,0,40,200,410,1310,600,50,70,10,470
2733,166100,44,1,Business Owner,Tier_1,56420,0,2280,10860,7820,6420,8070,7110,3760,1320,5390,109450,20.3,33720,56650,1690,0,70,330,780,2250,2420,210,110,40,1350
2734,46700,61,1,Retired,Tier_1,13710,9000,640,3990,3740,3180,780,1250,2580,3300,1410,43580,8.2,3830,3120,410,270,20,120,370,1110,230,40,80,100,350
2735,93200,46,1,Salaried,Tier_3,17140,0,4150,13120,6040,4900,2770,2610,2460,7210,4510,64910,33.7,31410,28290,510,0,120,390,600,1720,830,80,70,220,1130
2736,131700,32,0,Salaried,Tier_1,20860,0,4660,15740,5500,11040,6290,5910,4240,1160,2870,78270,34.9,45960,53430,630,0,140,470,550,3860,1890,180,130,30,720
2737,37300,55,1,Retired,Tier_1,5260,0,710,5460,3110,2950,930,1490,1540,360,1940,23750,23.7,8840,13550,160,0,20,160,310,1030,280,40,50,10,480
2738,140900,21,0,Self-Employed,Tier_1,22890,0,4640,14840,5560,11870,3990,5370,1600,2130,7390,80280,19.5,27480,60620,690,0,140,450,560,4150,1200,160,50,60,1850
2739,123700,49,0,Freelancer,Tier_1,32360,12040,5950,13360,10460,6720,3620,5900,6140,1400,2550,100500,32.4,40080,23200,970,360,180,400,1050,2350,1090,180,180,40,640
2740,77000,26,1,Salaried,Tier_2,12680,0,3350,6480,3410,4060,1640,1970,3590,240,3080,40500,21.5,16560,36500,380,0,100,190,340,1420,490,60,110,10,770
2741,6000,20,2,Freelancer,Tier_2,1150,980,240,500,530,540,290,180,160,0,200,4770,29.6,1780,1230,30,30,10,20,50,190,90,10,0,0,50
2742,15500,27,2,Business Owner,Tier_2,4600,0,640,2430,1010,1440,360,900,910,110,780,13180,9.5,1470,2320,140,0,20,70,100,500,110,30,30,0,200
2743,31800,34,1,Self-Employed,Tier_1,8350,5080,850,2580,2220,990,1260,1000,870,360,1350,24910,21.3,6770,6890,250,150,30,80,220,350,380,30,30,10,340
2744,9100,18,0,Student,Tier_2,1280,0,370,760,560,380,300,270,180,60,470,4630,27.6,2510,4470,40,0,10,20,60,130,90,10,10,0,120
2745,113400,50,3,Salaried,Tier_2,29370,0,1940,8560,7530,3570,4150,3130,7670,500,6110,72530,18.0,20410,40870,880,0,60,260,750,1250,1240,90,230,20,1530
2746,21800,47,2,Freelancer,Tier_2,3670,1600,750,3140,860,1790,630,590,900,1590,1250,16770,34.4,7500,5030,110,50,20,90,90,630,190,20,30,50,310
2747,125400,25,2,Salaried,Tier_1,18150,0,5860,13210,10290,8070,3630,4630,8280,1090,6050,79260,32.6,40880,46140,540,0,180,400,1030,2820,1090,140,250,30,1510
2748,111200,29,2,Salaried,Tier_3,32030,0,3720,12020,9930,4570,3870,4380,3940,390,5290,80140,18.3,20350,31060,960,0,110,360,990,1600,1160,130,120,10,1320
2749,132600,49,1,Salaried,Tier_1,26380,6090,2280,17800,10720,2670,6540,3370,4050,6330,5100,91330,29.8,39510,41270,790,180,70,530,1070,930,1960,100,120,190,1280
2750,60000,41,0,Business Owner,Tier_2,16080,0,750,7420,2340,6220,1260,3450,1420,630,2840,42410,16.5,9900,17590,480,0,20,220,230,2180,380,100,40,20,710
2751,95500,23,2,Salaried,Tier_1,27710,0,2940,6990,7950,8180,3240,4880,2530,1260,3300,68980,29.1,27790,26520,830,0,90,210,800,2860,970,150,80,40,820
2752,27600,36,1,Salaried,Tier_3,8050,0,590,3580,2430,1060,800,630,1210,320,1440,20110,25.5,7040,7490,240,0,20,110,240,370,240,20,40,10,360
2753,64300,25,2,Salaried,Tier_3,14270,10390,1030,5930,5600,3050,1460,4470,1250,640,2220,50310,28.2,18130,13990,430,310,30,180,560,1070,440,130,40,20,560
2754,33800,42,0,Salaried,Tier_3,4910,0,1570,2600,2810,1690,1520,1700,530,130,1920,19380,25.7,8690,14420,150,0,50,80,280,590,460,50,20,0,480
2755,120600,19,0,Salaried,Tier_1,26630,18090,3970,7310,8110,3130,3480,5370,6730,320,3510,86650,34.5,41610,33950,800,540,120,220,810,1100,1040,160,200,10,880
2756,128100,32,0,Salaried,Tier_1,22120,21260,5680,15060,9360,11360,4860,5810,6220,1660,7670,111060,26.7,34200,17040,660,640,170,450,940,3980,1460,170,190,50,1920
2757,10700,38,2,Self-Employed,Tier_1,2700,1250,370,920,670,370,230,520,630,20,300,7980,11.5,1230,2720,80,40,10,30,70,130,70,20,20,0,80
2758,39200,20,2,Self-Employed,Tier_1,10760,0,1770,3240,2860,1660,610,1160,820,310,1490,24680,31.5,12350,14520,320,0,50,100,290,580,180,30,20,10,370
2759,72700,21,1,Business Owner,Tier_1,14450,15980,3440,9600,6290,5050,2110,3490,1870,610,3480,66370,20.0,14540,6330,430,480,100,290,630,1770,630,100,60,20,870
2760,36900,42,2,Salaried,Tier_1,6490,2840,630,3410,1390,1510,770,1780,920,480,910,21130,33.7,12440,15770,190,90,20,100,140,530,230,50,30,10,230
2761,16100,26,1,Salaried,Tier_3,3330,0,330,1230,1010,460,370,660,970,120,550,9030,27.3,4400,7070,100,0,10,40,100,160,110,20,30,0,140
2762,88400,35,1,Salaried,Tier_2,20360,5550,4160,6990,5400,5380,1340,2360,1780,5500,4440,63260,34.4,30410,25140,610,170,120,210,540,1880,400,70,50,160,1110
2763,102300,51,0,Salaried,Tier_1,34900,19250,3100,6310,5980,5640,1040,4100,5610,310,2190,88430,30.3,31000,13870,1050,580,90,190,600,1970,310,120,170,10,550
2764,22500,49,1,Salaried,Tier_2,3750,2800,420,2880,1340,1680,340,1310,950,450,530,16450,8.4,1890,6050,110,80,10,90,130,590,100,40,30,10,130
2765,144100,24,0,Business Owner,Tier_1,45060,0,4740,17750,11480,14360,2870,7430,6420,1920,4330,116360,13.7,19740,27740,1350,0,140,530,1150,5030,860,220,190,60,1080
2766,95700,36,2,Salaried,Tier_1,13840,0,3910,7590,3480,4240,4390,4630,1930,4380,3850,52240,32.1,30720,43460,420,0,120,230,350,1480,1320,140,60,130,960
2767,48000,34,1,Self-Employed,Tier_2,6770,0,1980,3690,3920,2830,1220,1130,3020,3360,2340,30260,34.1,16370,17740,200,0,60,110,390,990,370,30,90,100,580
2768,195800,47,3,Salaried,Tier_1,39010,0,7600,19390,7350,8630,7230,11290,2690,2480,6390,112060,23.5,46010,83740,1170,0,230,580,740,3020,2170,340,80,70,1600
2769,144800,53,2,Self-Employed,Tier_2,41650,0,4580,18950,9810,4380,3260,9670,7200,480,7660,107640,30.2,43730,37160,1250,0,140,570,980,1530,980,290,220,10,1920
2770,4500,23,0,Business Owner,Tier_3,610,0,120,580,270,120,220,200,60,50,220,2450,9.3,420,2050,20,0,0,20,30,40,70,10,0,0,60
2771,8100,22,2,Salaried,Tier_1,1310,0,140,760,710,590,110,310,550,140,370,4990,19.7,1600,3110,40,0,0,20,70,210,30,10,20,0,90
2772,36000,48,1,Salaried,Tier_3,6540,1150,1660,2690,2900,2480,1450,1740,1050,1110,1740,24510,11.1,4000,11490,200,30,50,80,290,870,440,50,30,30,440
2773,105600,23,0,Salaried,Tier_2,16570,9150,2700,8920,3930,3760,1980,4020,2450,1880,5260,60620,26.9,28410,44980,500,270,80,270,390,1320,590,120,70,60,1320
2774,133800,37,2,Self-Employed,Tier_1,25980,4680,3200,12610,11400,12460,3020,7240,6270,10540,3320,100720,23.6,31580,33080,780,140,100,380,1140,4360,910,220,190,320,830
2775,59200,29,1,Self-Employed,Tier_2,10140,3110,1960,8450,1920,4610,1100,2220,2920,3790,2590,42810,8.8,5210,16390,300,90,60,250,190,1610,330,70,90,110,650
2776,34400,63,1,Retired,Tier_2,6610,4090,1170,4310,1420,3030,1580,870,1250,3960,920,29210,29.6,10180,5190,200,120,40,130,140,1060,470,30,40,120,230
2777,96200,37,0,Salaried,Tier_2,25720,12000,3480,9090,3000,2700,2410,2350,3730,760,3370,68610,10.6,10200,27590,770,360,100,270,300,940,720,70,110,20,840
2778,10000,36,0,Freelancer,Tier_3,1890,470,300,1060,510,450,310,440,140,70,540,6180,19.7,1970,3820,60,10,10,30,50,160,90,10,0,0,140
2779,124400,53,0,Business Owner,Tier_1,37590,21040,3290,12920,9200,3060,4370,6460,5860,1960,7430,113180,27.0,33590,11220,1130,630,100,390,920,1070,1310,190,180,60,1860
2780,179700,45,2,Business Owner,Tier_1,43050,0,2660,24820,6780,18880,3040,6970,7620,2460,8240,124520,27.4,49240,55180,1290,0,80,740,680,6610,910,210,230,70,2060
2781,201300,33,0,Business Owner,Tier_1,29010,44170,8930,17090,9220,12750,8320,10440,2210,920,9330,152390,11.8,23750,48910,870,1330,270,510,920,4460,2500,310,70,30,2330
2782,53200,66,0,Retired,Tier_2,9740,3530,2630,5610,4720,2380,1800,1200,2060,860,1100,35630,30.8,16390,17570,290,110,80,170,470,830,540,40,60,30,280
2783,34400,62,3,Retired,Tier_2,6060,4320,580,5100,1800,2680,920,1270,2350,380,1810,27270,33.7,11590,7130,180,130,20,150,180,940,280,40,70,10,450
2784,57300,32,3,Business Owner,Tier_3,11040,0,1690,8250,4630,4480,990,4170,1570,5760,2900,45480,21.0,12030,11820,330,0,50,250,460,1570,300,130,50,170,720
2785,70800,42,1,Self-Employed,Tier_1,10630,7360,2270,7250,3510,5720,2470,3780,950,870,1810,46620,11.9,8430,24180,320,220,70,220,350,2000,740,110,30,30,450
2786,59300,32,0,Salaried,Tier_3,14010,0,2740,3560,3420,3800,1650,3220,1610,540,3170,37720,13.5,8010,21580,420,0,80,110,340,1330,500,100,50,20,790
2787,47000,39,3,Freelancer,Tier_2,5690,6940,2330,7420,1770,1610,1930,1470,2410,50,1250,32870,31.3,14710,14130,170,210,70,220,180,560,580,40,70,0,310
2788,8100,39,2,Business Owner,Tier_1,1150,810,260,1140,590,450,160,470,250,40,330,5650,16.7,1350,2450,30,20,10,30,60,160,50,10,10,0,80
2789,35700,45,0,Salaried,Tier_3,7560,4260,1690,2820,1880,2120,520,930,1610,600,1310,25300,17.8,6350,10400,230,130,50,80,190,740,160,30,50,20,330
2790,92500,35,0,Self-Employed,Tier_2,23070,0,1420,6260,6980,6510,3820,2020,940,850,5070,56940,10.3,9530,35560,690,0,40,190,700,2280,1150,60,30,30,1270
2791,63500,38,0,Business Owner,Tier_3,17880,0,2550,4320,2300,4440,3080,3030,1560,980,1470,41610,23.5,14920,21890,540,0,80,130,230,1550,920,90,50,30,370
2792,87900,52,1,Salaried,Tier_3,18040,8450,2240,10120,6390,2680,1590,3610,1440,5120,4390,64070,9.2,8090,23830,540,250,70,300,640,940,480,110,40,150,1100
2793,178500,49,1,Salaried,Tier_1,60820,31820,6930,14230,16010,4160,2720,6110,3650,4950,10420,161820,10.5,18740,16680,1820,950,210,430,1600,1460,820,180,110,150,2600
2794,68400,70,1,Retired,Tier_1,10640,0,2380,8140,2710,1680,870,1870,4390,1330,3430,37440,8.2,5610,30960,320,0,70,240,270,590,260,60,130,40,860
2795,29200,50,1,Freelancer,Tier_2,5760,1650,350,4290,2100,820,1190,1260,1510,360,1750,21040,10.0,2920,8160,170,50,10,130,210,290,360,40,50,10,440
2796,71200,52,3,Salaried,Tier_2,16850,730,2380,11150,5970,4090,1850,2990,980,4680,3120,54790,13.7,9750,16410,510,20,70,330,600,1430,560,90,30,140,780
2797,165600,24,0,Business Owner,Tier_1,51170,33000,6540,10040,8350,6960,3690,6810,6160,2770,6570,142060,34.9,57790,23540,1540,990,200,300,840,2440,1110,200,180,80,1640
2798,82800,23,2,Self-Employed,Tier_2,15190,10860,1370,10120,3760,3630,1070,5280,4660,510,2440,58890,20.2,16730,23910,460,330,40,300,380,1270,320,160,140,20,610
2799,60000,25,1,Self-Employed,Tier_2,7570,6720,2230,6300,4250,2050,980,1720,2730,290,1850,36690,23.5,14100,23310,230,200,70,190,420,720,290,50,80,10,460
2800,29900,39,0,Salaried,Tier_2,5710,0,1340,2540,2640,770,610,740,850,80,1490,16770,10.5,3140,13130,170,0,40,80,260,270,180,20,30,0,370
2801,70900,31,0,Salaried,Tier_2,9600,0,2230,6750,5470,4710,1040,3590,1460,770,2330,37950,17.9,12690,32950,290,0,70,200,550,1650,310,110,40,20,580
2802,10300,22,0,Student,Tier_2,1560,0,440,1270,580,830,190,590,600,90,220,6370,31.0,3190,3930,50,0,10,40,60,290,60,20,20,0,60
2803,163000,25,2,Self-Employed,Tier_1,54470,0,6960,12660,11340,12680,7840,7930,3390,2740,6940,126950,10.3,16790,36050,1630,0,210,380,1130,4440,2350,240,100,80,1740
2804,47300,37,2,Freelancer,Tier_1,9500,6640,1080,3340,1520,2630,1130,2600,1280,110,2780,32610,17.0,8040,14690,280,200,30,100,150,920,340,80,40,0,700
2805,94500,39,2,Freelancer,Tier_2,26230,0,1810,11010,3530,7850,1960,3780,5860,1680,2200,65910,30.8,29110,28590,790,0,50,330,350,2750,590,110,180,50,550
2806,106700,27,0,Salaried,Tier_2,17790,17600,2110,8640,5280,4630,1080,2670,1830,140,4770,66540,26.5,28280,40160,530,530,60,260,530,1620,320,80,50,0,1190
2807,133300,32,2,Self-Employed,Tier_3,21880,0,4110,18090,4190,9540,2140,8800,2720,90,6490,78050,32.9,43860,55250,660,0,120,540,420,3340,640,260,80,0,1620
2808,7500,18,0,Student,Tier_3,2000,0,230,870,300,240,290,280,100,130,350,4790,24.2,1820,2710,60,0,10,30,30,80,90,10,0,0,90
2809,30100,64,3,Retired,Tier_2,6850,3920,1180,2660,1300,1300,530,920,1000,140,1800,21600,19.7,5930,8500,210,120,40,80,130,450,160,30,30,0,450
2810,79200,48,1,Salaried,Tier_2,15700,5060,1460,5720,4820,2600,1030,4200,4750,3140,4610,53090,26.8,21230,26110,470,150,40,170,480,910,310,130,140,90,1150
2811,52600,28,2,Salaried,Tier_3,15180,0,2430,7460,3320,2250,2260,1990,1080,780,2310,39060,29.6,15570,13540,460,0,70,220,330,790,680,60,30,20,580
2812,15600,38,2,Salaried,Tier_3,4640,1730,640,1920,1370,950,650,960,750,1050,760,15420,19.0,2960,180,140,50,20,60,140,330,200,30,20,30,190
2813,48300,36,1,Salaried,Tier_2,7360,0,2330,6190,1540,1560,890,3120,790,220,2790,26790,10.6,5120,21510,220,0,70,190,150,550,270,90,20,10,700
2814,60300,27,1,Freelancer,Tier_3,8990,12100,2300,8580,1970,5340,2740,2960,1790,200,2700,49670,29.7,17910,10630,270,360,70,260,200,1870,820,90,50,10,680
2815,30200,19,0,Salaried,Tier_3,6410,0,1430,3040,1970,2590,1230,630,840,140,1670,19950,16.0,4830,10250,190,0,40,90,200,910,370,20,30,0,420
2816,50400,27,0,Business Owner,Tier_2,10580,0,520,5090,3800,4530,1440,2650,2420,770,1160,32960,26.8,13510,17440,320,0,20,150,380,1590,430,80,70,20,290
2817,87600,41,3,Salaried,Tier_2,20420,0,2710,12380,4250,4680,2290,3200,1150,6550,5180,62810,23.7,20760,24790,610,0,80,370,420,1640,690,100,30,200,1300
2818,84300,31,2,Self-Employed,Tier_2,18860,14230,3840,8230,4890,8710,2120,5170,3210,160,2820,72240,29.0,24450,12060,570,430,120,250,490,3050,640,160,100,0,700
2819,15800,19,3,Salaried,Tier_1,3630,1310,310,1280,1410,440,760,1020,560,230,940,11890,11.7,1850,3910,110,40,10,40,140,150,230,30,20,10,240
2820,83800,27,0,Salaried,Tier_2,12530,7500,1670,9940,3540,3580,870,4530,950,990,4370,50470,23.0,19270,33330,380,220,50,300,350,1250,260,140,30,30,1090
2821,107500,32,3,Salaried,Tier_1,15850,1930,3020,11260,4890,6360,5350,6330,5120,190,4680,64980,29.9,32140,42520,480,60,90,340,490,2230,1600,190,150,10,1170
2822,23800,19,0,Student,Tier_1,5940,0,980,2860,1440,520,710,1030,790,280,820,15370,15.3,3640,8430,180,0,30,90,140,180,210,30,20,10,200
2823,89900,37,2,Salaried,Tier_2,11770,0,3140,7160,4410,6790,1950,3780,4210,210,4900,48320,21.1,18970,41580,350,0,90,210,440,2380,580,110,130,10,1220
2824,111200,44,3,Business Owner,Tier_2,22100,0,5020,18660,4940,10400,2460,6800,3790,7770,6430,88370,31.6,35140,22830,660,0,150,560,490,3640,740,200,110,230,1610
2825,86400,19,1,Salaried,Tier_1,21110,18960,2210,12000,5190,7510,2790,2910,5290,240,3520,81730,19.3,16680,4670,630,570,70,360,520,2630,840,90,160,10,880
2826,76900,49,1,Salaried,Tier_1,24650,13660,2180,5350,3630,3290,1830,4640,3460,230,4290,67210,8.5,6540,9690,740,410,70,160,360,1150,550,140,100,10,1070
2827,86300,55,0,Business Owner,Tier_1,24120,2780,4170,5290,6120,3320,2490,1760,3620,1140,3630,58440,24.9,21490,27860,720,80,130,160,610,1160,750,50,110,30,910
2828,114800,38,3,Salaried,Tier_2,15910,15750,2090,19380,9090,8880,4700,8000,6530,2060,3060,95450,11.9,13660,19350,480,470,60,580,910,3110,1410,240,200,60,760
2829,123900,53,3,Salaried,Tier_1,22590,14310,4430,10220,9350,7540,4190,6400,6680,14730,3290,103730,26.5,32830,20170,680,430,130,310,940,2640,1260,190,200,440,820
2830,95200,41,1,Salaried,Tier_1,21900,950,3650,12470,5140,2880,4440,2510,4330,5100,4770,68140,16.6,15800,27060,660,30,110,370,510,1010,1330,80,130,150,1190
2831,4500,22,0,Student,Tier_3,650,0,170,580,400,380,210,200,270,60,230,3150,12.5,560,1350,20,0,10,20,40,130,60,10,10,0,60
2832,48500,19,1,Salaried,Tier_1,11630,5500,2050,5860,2980,3630,1330,1610,1110,640,2430,38770,32.0,15520,9730,350,160,60,180,300,1270,400,50,30,20,610
2833,50800,63,1,Retired,Tier_1,17050,0,1280,6630,4430,2280,1560,3080,3170,4430,2870,46780,16.6,8430,4020,510,0,40,200,440,800,470,90,100,130,720
2834,81200,30,2,Freelancer,Tier_1,15350,0,4030,10110,7120,6070,990,3530,4390,6620,3110,61320,28.6,23220,19880,460,0,120,300,710,2120,300,110,130,200,780
2835,83800,72,0,Retired,Tier_1,19570,0,1360,8650,6940,6350,2020,2210,3590,1140,2770,54600,11.1,9300,29200,590,0,40,260,690,2220,610,70,110,30,690
2836,87700,45,2,Salaried,Tier_1,24690,18190,1100,9740,5990,3800,2250,3900,2510,390,2150,74710,32.0,28060,12990,740,550,30,290,600,1330,680,120,80,10,540
2837,110600,29,3,Salaried,Tier_1,31500,0,4210,13580,6580,9150,4370,5570,2980,10750,6530,95220,34.6,38270,15380,940,0,130,410,660,3200,1310,170,90,320,1630
2838,9700,19,0,Self-Employed,Tier_1,1360,0,210,1280,570,1030,400,470,480,0,510,6310,24.7,2400,3390,40,0,10,40,60,360,120,10,10,0,130
2839,65400,37,4,Salaried,Tier_3,17580,3590,2580,5930,5620,3920,2740,1830,4210,4320,2650,54970,31.2,20400,10430,530,110,80,180,560,1370,820,50,130,130,660
2840,8900,21,0,Student,Tier_2,1810,0,150,950,730,480,100,390,490,40,460,5600,25.9,2310,3300,50,0,0,30,70,170,30,10,10,0,120
2841,52000,21,2,Freelancer,Tier_1,9100,3160,1410,5840,2850,1760,600,1740,790,360,1180,28790,23.4,12170,23210,270,90,40,180,280,620,180,50,20,10,300
2842,58300,48,2,Salaried,Tier_1,17930,0,1220,4410,3660,1500,830,2060,1240,820,1570,35240,17.0,9910,23060,540,0,40,130,370,520,250,60,40,20,390
2843,122500,19,2,Salaried,Tier_1,29440,9090,2700,18240,3800,3830,4810,8110,7990,400,5840,94250,30.4,37240,28250,880,270,80,550,380,1340,1440,240,240,10,1460
2844,77200,37,0,Salaried,Tier_2,18530,0,3440,8960,3340,1910,1960,4500,1670,220,2970,47500,28.4,21920,29700,560,0,100,270,330,670,590,140,50,10,740
2845,55300,19,0,Freelancer,Tier_2,11700,0,610,4150,4730,4790,2580,1840,3060,290,2790,36540,9.6,5310,18760,350,0,20,120,470,1680,770,60,90,10,700
2846,121500,33,3,Salaried,Tier_2,23920,0,5960,18540,8120,7230,4920,5910,2960,11210,4010,92780,28.4,34510,28720,720,0,180,560,810,2530,1480,180,90,340,1000
2847,49100,29,4,Self-Employed,Tier_3,6170,9180,1420,5110,4060,5270,1510,3840,3020,1200,2240,43020,9.9,4860,6080,190,280,40,150,410,1840,450,120,90,40,560
2848,78000,55,2,Self-Employed,Tier_2,12600,11570,1280,12470,3550,3780,1930,4200,2490,1360,3960,59190,32.6,25430,18810,380,350,40,370,360,1320,580,130,70,40,990
2849,15400,23,0,Student,Tier_2,4110,0,440,1930,880,330,720,650,500,210,770,10540,11.4,1760,4860,120,0,10,60,90,120,220,20,20,10,190
2850,69700,26,2,Salaried,Tier_3,15040,0,1960,5400,4440,2940,2710,4390,4200,260,1480,42820,21.3,14850,26880,450,0,60,160,440,1030,810,130,130,10,370
2851,36000,37,1,Freelancer,Tier_2,10140,0,1510,5330,2780,1000,990,890,730,590,970,24930,27.2,9790,11070,300,0,50,160,280,350,300,30,20,20,240
2852,66300,33,0,Business Owner,Tier_2,17470,11270,2960,5520,3930,2610,2100,3670,2320,30,3700,55580,31.4,20820,10720,520,340,90,170,390,910,630,110,70,0,920
2853,84100,41,1,Salaried,Tier_2,21630,2180,1820,12090,4530,4150,3910,4220,3240,260,4950,62980,21.2,17830,21120,650,70,50,360,450,1450,1170,130,100,10,1240
2854,69200,45,0,Self-Employed,Tier_1,14570,0,1840,9080,4300,6330,2160,2220,2950,890,3420,47760,21.4,14810,21440,440,0,60,270,430,2220,650,70,90,30,860
2855,32200,40,2,Self-Employed,Tier_3,5440,4400,870,2990,1960,1020,1060,810,2120,310,1610,22590,17.4,5600,9610,160,130,30,90,200,360,320,20,60,10,400
2856,70300,46,1,Freelancer,Tier_2,19010,0,1190,7310,5540,4400,2040,1940,4420,2870,3610,52330,25.8,18140,17970,570,0,40,220,550,1540,610,60,130,90,900
2857,154000,40,3,Salaried,Tier_1,27140,0,3840,24910,10880,9230,3790,6220,2020,1890,5870,95790,16.6,25560,58210,810,0,120,750,1090,3230,1140,190,60,60,1470
2858,141100,22,0,Salaried,Tier_1,37540,13710,4150,10620,4330,7210,6460,5120,5250,1020,3840,99250,28.4,40070,41850,1130,410,120,320,430,2520,1940,150,160,30,960
2859,144700,23,0,Business Owner,Tier_1,41540,5410,7020,9970,7730,9950,2710,3290,6040,2000,4650,100310,8.7,12590,44390,1250,160,210,300,770,3480,810,100,180,60,1160
2860,44900,31,3,Business Owner,Tier_2,12090,7380,950,4680,3990,2100,770,1400,1180,1770,1620,37930,27.1,12170,6970,360,220,30,140,400,740,230,40,40,50,400
2861,100200,55,1,Salaried,Tier_2,21240,8950,2670,8590,6250,2330,3160,3860,1260,10,5790,64110,30.9,30960,36090,640,270,80,260,620,820,950,120,40,0,1450
2862,87000,39,2,Salaried,Tier_2,17050,16640,3930,6320,6120,3340,2250,5750,1390,9230,3300,75320,24.0,20880,11680,510,500,120,190,610,1170,680,170,40,280,820
2863,25200,31,1,Salaried,Tier_2,5320,1770,1150,2920,1760,2260,1190,1460,850,190,1140,20010,24.8,6250,5190,160,50,30,90,180,790,360,40,30,10,280
2864,69900,30,0,Salaried,Tier_1,16090,9900,2670,5280,2850,3720,1960,2820,1830,400,2200,49720,20.9,14610,20180,480,300,80,160,280,1300,590,80,50,10,550
2865,171200,50,2,Business Owner,Tier_1,30390,0,4270,18500,12870,14450,8070,10750,9000,6330,10090,124720,9.9,16950,46480,910,0,130,560,1290,5060,2420,320,270,190,2520
2866,74700,19,2,Freelancer,Tier_2,21470,0,3570,7850,3990,6140,2610,3600,3210,1110,1870,55420,34.7,25920,19280,640,0,110,240,400,2150,780,110,100,30,470
2867,99300,26,1,Self-Employed,Tier_1,29530,0,4670,6770,8790,5730,2220,5490,5700,430,3320,72650,26.8,26610,26650,890,0,140,200,880,2010,670,160,170,10,830
2868,149300,38,2,Self-Employed,Tier_2,33540,21380,3630,14350,7390,10830,2480,9010,10060,3110,3030,118810,33.3,49720,30490,1010,640,110,430,740,3790,740,270,300,90,760
2869,21100,37,3,Salaried,Tier_2,2610,3920,1000,1570,660,1750,840,940,1370,1180,430,16270,27.4,5780,4830,80,120,30,50,70,610,250,30,40,40,110
2870,65400,38,0,Freelancer,Tier_3,18360,0,3200,8910,4690,4870,1560,1690,3050,900,3750,50980,12.4,8110,14420,550,0,100,270,470,1700,470,50,90,30,940
2871,172300,47,3,Salaried,Tier_1,58970,37160,2800,21040,15080,9040,4450,7640,3380,3460,4390,167410,28.3,48760,4890,1770,1110,80,630,1510,3160,1340,230,100,100,1100
2872,98200,50,3,Salaried,Tier_2,23840,0,2790,16250,4680,4690,3100,3880,4620,4420,4220,72490,21.2,20820,25710,720,0,80,490,470,1640,930,120,140,130,1060
2873,82100,35,0,Salaried,Tier_2,11560,5760,3060,6720,4920,2640,3570,2580,3440,1240,4820,50310,14.0,11490,31790,350,170,90,200,490,920,1070,80,100,40,1200
2874,129800,36,0,Salaried,Tier_1,36580,0,4300,9730,11300,8130,3650,7130,2550,1510,4910,89790,18.6,24140,40010,1100,0,130,290,1130,2850,1100,210,80,50,1230
2875,73800,26,0,Salaried,Tier_2,13720,0,2710,4530,2840,4870,2720,3150,1040,1230,3220,40030,23.9,17640,33770,410,0,80,140,280,1700,820,90,30,40,800
2876,58800,23,2,Salaried,Tier_1,8210,10010,1500,5570,4340,1420,2450,3070,1670,270,2770,41280,23.9,14050,17520,250,300,40,170,430,500,740,90,50,10,690
2877,132100,34,1,Salaried,Tier_1,31250,18360,1710,18120,9000,2850,2840,3600,2430,14550,6890,111600,8.2,10830,20500,940,550,50,540,900,1000,850,110,70,440,1720
2878,49100,44,0,Salaried,Tier_2,13830,5680,1570,4180,1990,3310,1140,1830,2220,340,1260,37350,12.5,6140,11750,410,170,50,130,200,1160,340,50,70,10,320
2879,80300,30,2,Salaried,Tier_2,15170,3790,3150,10210,5770,6150,2120,4000,1080,1430,4280,57150,14.8,11880,23150,460,110,90,310,580,2150,640,120,30,40,1070
2880,32400,23,1,Self-Employed,Tier_2,8420,5550,1270,4750,2200,2340,1470,1940,490,510,1470,30410,9.5,3080,1990,250,170,40,140,220,820,440,60,10,20,370
2881,245300,31,2,Self-Employed,Tier_1,46480,9180,5820,29510,14130,20920,4570,8360,12760,11620,12730,176080,31.4,77020,69220,1390,280,170,890,1410,7320,1370,250,380,350,3180
2882,41400,35,1,Salaried,Tier_2,10530,6740,1900,3510,1250,1580,1990,1350,1530,4610,2400,37390,14.7,6090,4010,320,200,60,110,120,550,600,40,50,140,600
2883,99700,30,2,Salaried,Tier_2,22460,0,1170,15280,7130,2130,4010,3310,1360,9130,4320,70300,9.4,9370,29400,670,0,40,460,710,750,1200,100,40,270,1080
2884,79800,26,1,Self-Employed,Tier_3,21620,0,970,8820,4700,8330,2410,4020,2550,470,3740,57630,12.2,9740,22170,650,0,30,260,470,2920,720,120,80,10,940
2885,28600,22,2,Salaried,Tier_3,7390,1850,1390,3530,1710,1260,380,940,1660,70,1040,21220,19.9,5690,7380,220,60,40,110,170,440,110,30,50,0,260
2886,205900,35,2,Self-Employed,Tier_1,54550,40370,3500,24060,7440,9690,6570,5500,5820,18450,10140,186090,26.9,55390,19810,1640,1210,100,720,740,3390,1970,160,170,550,2540
2887,134000,20,1,Business Owner,Tier_2,22000,11300,6510,13020,10090,14410,6270,4850,3990,530,5180,98150,25.1,33630,35850,660,340,200,390,1010,5040,1880,150,120,20,1300
2888,15700,20,0,Student,Tier_3,4640,0,250,2050,880,710,740,710,460,270,700,11410,34.7,5450,4290,140,0,10,60,90,250,220,20,10,10,180
2889,55600,22,0,Salaried,Tier_2,13080,0,2230,7460,5000,4740,2600,2600,2440,880,1810,42840,31.3,17400,12760,390,0,70,220,500,1660,780,80,70,30,450
2890,12800,19,0,Student,Tier_2,2260,890,170,1720,650,950,310,310,440,70,560,8330,22.7,2910,4470,70,30,10,50,60,330,90,10,10,0,140
2891,116600,34,0,Self-Employed,Tier_1,30770,0,1500,11690,9330,8600,5380,6170,5420,1850,4700,85410,25.3,29500,31190,920,0,40,350,930,3010,1610,190,160,60,1180
2892,64900,31,0,Salaried,Tier_1,9610,9120,3190,7930,3520,4790,1900,2880,1760,290,3280,48270,31.1,20180,16630,290,270,100,240,350,1680,570,90,50,10,820
2893,4500,18,0,Student,Tier_3,610,0,170,510,180,310,50,240,150,20,150,2390,20.2,910,2110,20,0,10,20,20,110,20,10,0,0,40
2894,388900,40,1,Business Owner,Tier_1,99050,0,4840,38970,17530,35460,19350,23110,13500,36170,9000,296980,9.6,37330,91920,2970,0,150,1170,1750,12410,5800,690,400,1090,2250
2895,126400,40,0,Business Owner,Tier_3,16790,19240,5120,14970,10400,9960,4130,5030,7200,480,2630,95950,16.6,20980,30450,500,580,150,450,1040,3490,1240,150,220,10,660
2896,21000,23,0,Student,Tier_1,6820,0,990,2230,870,1630,410,970,1050,350,650,15970,8.2,1720,5030,200,0,30,70,90,570,120,30,30,10,160
2897,8100,18,0,Student,Tier_1,1340,0,140,840,300,210,370,460,460,110,250,4480,25.6,2070,3620,40,0,0,30,30,70,110,10,10,0,60
2898,10200,37,0,Freelancer,Tier_3,2850,1500,310,880,490,330,170,500,600,130,260,8020,23.0,2350,2180,90,40,10,30,50,120,50,20,20,0,60
2899,56200,38,2,Salaried,Tier_2,14340,9030,1200,8620,2870,4820,2160,2840,1970,3300,2560,53710,9.8,5510,2490,430,270,40,260,290,1690,650,90,60,100,640
2900,4800,40,1,Freelancer,Tier_3,1000,20,180,420,240,390,240,310,100,20,280,3200,17.1,820,1600,30,0,10,10,20,140,70,10,0,0,70
2901,147400,42,0,Business Owner,Tier_2,28820,0,4480,20190,10170,15180,2620,3900,3920,2250,7550,99080,17.1,25210,48320,860,0,130,610,1020,5310,790,120,120,70,1890
2902,31000,23,2,Salaried,Tier_3,5000,1740,1390,2790,1820,640,960,1430,1590,270,1040,18670,12.4,3840,12330,150,50,40,80,180,220,290,40,50,10,260
2903,14400,22,3,Freelancer,Tier_3,4080,0,320,1980,620,1270,220,1020,220,60,760,10550,20.9,3010,3850,120,0,10,60,60,440,70,30,10,0,190
2904,84700,50,0,Salaried,Tier_1,13390,12360,2240,8760,4590,4160,1800,4250,2570,520,2970,57610,24.8,21010,27090,400,370,70,260,460,1460,540,130,80,20,740
2905,66700,36,0,Salaried,Tier_1,20970,0,1250,7430,3240,5080,2600,1990,1210,470,2660,46900,21.3,14210,19800,630,0,40,220,320,1780,780,60,40,10,660
2906,144700,43,0,Salaried,Tier_1,31770,12660,3870,11340,11400,4770,4410,3090,2040,880,7130,93360,18.2,26340,51340,950,380,120,340,1140,1670,1320,90,60,30,1780
2907,68800,41,1,Salaried,Tier_2,16510,1720,3230,10000,3140,1530,3090,2590,1750,610,2350,46520,34.4,23670,22280,500,50,100,300,310,540,930,80,50,20,590
2908,6000,18,0,Student,Tier_2,1210,0,140,460,270,510,160,320,120,30,260,3480,19.4,1160,2520,40,0,0,10,30,180,50,10,0,0,60
2909,120400,28,1,Salaried,Tier_1,37110,7930,3140,11360,6700,5850,4770,4490,6260,180,3720,91510,32.7,39370,28890,1110,240,90,340,670,2050,1430,130,190,10,930
2910,93600,31,2,Business Owner,Tier_1,24150,7920,3680,13250,5670,3420,3450,5850,1630,3220,4100,76340,33.0,30890,17260,720,240,110,400,570,1200,1040,180,50,100,1020
2911,22200,57,0,Retired,Tier_2,5700,390,570,2500,1230,1520,1010,680,1130,210,830,15770,22.2,4930,6430,170,10,20,80,120,530,300,20,30,10,210
2912,135200,22,2,Salaried,Tier_1,42090,19730,6680,14350,8950,11620,4970,6300,7550,1670,6560,130470,17.3,23390,4730,1260,590,200,430,900,4070,1490,190,230,50,1640
2913,135500,32,0,Business Owner,Tier_2,34590,2300,1710,16870,10260,9890,5250,6490,4970,780,6980,100090,30.9,41870,35410,1040,70,50,510,1030,3460,1580,190,150,20,1740
2914,25300,22,0,Student,Tier_1,5370,5480,1100,2580,1260,2000,1060,1080,1240,100,970,22240,23.1,5840,3060,160,160,30,80,130,700,320,30,40,0,240
2915,138100,26,1,Salaried,Tier_1,20120,0,6180,20030,6260,3110,5570,8290,8680,1350,4740,84330,26.0,35910,53770,600,0,190,600,630,1090,1670,250,260,40,1180
2916,58300,27,2,Self-Employed,Tier_2,15130,2920,2100,4340,2000,4110,1600,3630,1580,710,1470,39590,23.6,13760,18710,450,90,60,130,200,1440,480,110,50,20,370
2917,46300,40,1,Freelancer,Tier_2,11770,0,870,4440,3750,1830,1450,2820,1500,3460,1070,32960,27.4,12690,13340,350,0,30,130,380,640,440,80,40,100,270
2918,39800,37,3,Salaried,Tier_3,5350,2080,1300,3100,2630,2590,1600,1070,1460,330,1160,22670,11.8,4700,17130,160,60,40,90,260,910,480,30,40,10,290
2919,52600,35,2,Salaried,Tier_3,10800,8190,1510,8030,2940,4140,1590,2430,1750,290,2090,43760,9.2,4840,8840,320,250,50,240,290,1450,480,70,50,10,520
2920,63000,58,1,Freelancer,Tier_2,13390,13640,2620,8820,4270,3050,740,2540,2120,380,3570,55140,19.2,12100,7860,400,410,80,260,430,1070,220,80,60,10,890
2921,59100,60,2,Retired,Tier_2,13610,0,2110,9230,4870,3540,1080,2410,760,830,3370,41810,26.6,15720,17290,410,0,60,280,490,1240,320,70,20,20,840
2922,8100,26,2,Salaried,Tier_1,2570,0,320,1210,500,420,250,440,310,70,340,6430,16.7,1350,1670,80,0,10,40,50,150,80,10,10,0,80
2923,20700,20,0,Student,Tier_1,4630,0,520,1960,900,970,830,740,1220,210,1040,13020,13.6,2820,7680,140,0,20,60,90,340,250,20,40,10,260
2924,4500,37,2,Self-Employed,Tier_3,770,750,60,410,300,480,150,270,290,160,190,3830,23.2,1040,670,20,20,0,10,30,170,40,10,10,0,50
2925,185600,30,0,Business Owner,Tier_1,42800,28650,7880,22190,13810,14270,7110,6290,1920,600,4680,150200,30.5,56610,35400,1280,860,240,670,1380,4990,2130,190,60,20,1170
2926,78000,37,1,Business Owner,Tier_2,13370,15160,3530,9860,5440,7700,930,4120,2830,2780,3550,69270,33.0,25740,8730,400,450,110,300,540,2700,280,120,80,80,890
2927,122900,37,2,Salaried,Tier_1,23050,22720,5030,14950,4330,7180,4610,6920,2980,3680,3430,98880,14.3,17570,24020,690,680,150,450,430,2510,1380,210,90,110,860
2928,6000,26,1,Salaried,Tier_2,1160,0,290,540,420,150,130,220,360,10,280,3560,16.6,1000,2440,30,0,10,20,40,50,40,10,10,0,70
2929,148200,42,2,Salaried,Tier_1,49600,0,2580,23120,5010,9400,5890,7420,9550,6100,6970,125640,34.7,51430,22560,1490,0,80,690,500,3290,1770,220,290,180,1740
2930,86100,30,4,Salaried,Tier_2,19620,9810,1120,6880,3400,2610,3610,5250,6150,1040,4540,64030,16.1,13860,22070,590,290,30,210,340,910,1080,160,180,30,1140
2931,141400,35,1,Business Owner,Tier_2,30610,9550,6730,12220,7120,9160,2200,6710,3820,13700,5660,107480,22.8,32240,33920,920,290,200,370,710,3210,660,200,110,410,1420
2932,121300,28,2,Self-Employed,Tier_2,28530,2180,4140,12650,10280,9000,1670,4460,3100,1290,6160,83460,27.0,32750,37840,860,70,120,380,1030,3150,500,130,90,40,1540
2933,90200,55,1,Salaried,Tier_3,13170,910,3090,8880,3280,7590,3650,3600,3700,460,2040,50370,22.8,20570,39830,400,30,90,270,330,2660,1100,110,110,10,510
2934,66600,36,0,Freelancer,Tier_2,12970,10110,3130,7370,3750,2200,3220,1670,3560,360,3380,51720,21.3,14190,14880,390,300,90,220,380,770,970,50,110,10,840
2935,24200,54,3,Freelancer,Tier_2,5200,5050,580,3220,990,560,580,740,920,70,1300,19210,32.2,7790,4990,160,150,20,100,100,200,170,20,30,0,320
2936,42500,19,2,Salaried,Tier_1,6230,5690,1130,3060,2200,2100,470,2650,1740,490,1850,27610,17.0,7220,14890,190,170,30,90,220,740,140,80,50,10,460
2937,42500,57,1,Retired,Tier_2,5270,4900,1170,4750,2400,3610,1080,1210,2460,2660,1280,30790,11.1,4720,11710,160,150,40,140,240,1260,320,40,70,80,320
2938,136100,30,1,Salaried,Tier_1,32210,840,2660,11340,8510,4610,5740,8000,4680,7650,6370,92610,28.0,38110,43490,970,30,80,340,850,1610,1720,240,140,230,1590
2939,13200,54,3,Freelancer,Tier_1,3270,0,660,2100,600,620,300,550,390,190,420,9100,32.6,4300,4100,100,0,20,60,60,220,90,20,10,10,100
2940,72200,28,1,Business Owner,Tier_2,18140,10340,2530,9190,3010,3130,1510,1610,4290,60,3360,57170,32.8,23680,15030,540,310,80,280,300,1100,450,50,130,0,840
2941,50900,42,0,Salaried,Tier_3,9310,3840,2250,4800,3370,2300,2220,2370,2380,550,2230,35620,24.5,12470,15280,280,120,70,140,340,800,670,70,70,20,560
2942,42600,55,0,Retired,Tier_2,6460,9270,1470,3250,2630,3060,1880,1420,2080,260,1970,33750,31.1,13250,8850,190,280,40,100,260,1070,560,40,60,10,490
2943,13700,20,0,Student,Tier_1,4210,0,620,990,900,340,610,800,650,100,320,9540,13.1,1790,4160,130,0,20,30,90,120,180,20,20,0,80
2944,46000,42,2,Salaried,Tier_3,9270,0,2170,4370,1400,3570,1910,2780,2270,3480,1100,32320,8.8,4050,13680,280,0,70,130,140,1250,570,80,70,100,280
2945,6000,31,2,Business Owner,Tier_2,1620,960,160,520,310,260,240,380,340,620,200,5610,10.7,640,390,50,30,0,20,30,90,70,10,10,20,50
2946,85200,62,0,Retired,Tier_1,14550,0,3910,9480,2800,2510,2810,3390,3870,1310,1990,46620,14.2,12100,38580,440,0,120,280,280,880,840,100,120,40,500
2947,91600,40,2,Salaried,Tier_1,19690,0,4520,10770,4180,2710,1750,2470,4040,7400,4420,61950,12.3,11270,29650,590,0,140,320,420,950,520,70,120,220,1100
2948,48600,32,0,Salaried,Tier_1,13840,0,1240,3820,4060,1920,1040,1880,1920,160,2220,32100,19.2,9330,16500,420,0,40,110,410,670,310,60,60,0,560
2949,44100,42,0,Freelancer,Tier_3,11870,8110,1850,5260,2550,3320,1870,2410,860,590,900,39590,13.9,6130,4510,360,240,60,160,260,1160,560,70,30,20,220
2950,164200,29,0,Business Owner,Tier_2,44230,0,5030,13700,7100,13220,7600,4640,9640,1860,3360,110380,24.5,40230,53820,1330,0,150,410,710,4630,2280,140,290,60,840
2951,100600,19,0,Salaried,Tier_1,16300,6630,2980,9040,6460,5800,2760,2300,3100,390,4050,59810,28.0,28170,40790,490,200,90,270,650,2030,830,70,90,10,1010
2952,38600,22,0,Student,Tier_1,9150,0,930,4760,1500,1390,610,1750,1460,640,900,23090,33.6,12970,15510,270,0,30,140,150,490,180,50,40,20,220
2953,169600,23,0,Business Owner,Tier_2,21230,0,7330,12120,10020,8450,3210,5720,2900,930,8920,80830,30.1,51050,88770,640,0,220,360,1000,2960,960,170,90,30,2230
2954,36600,30,0,Salaried,Tier_3,10100,1610,690,2650,1380,890,1260,1080,1980,310,1750,23700,8.8,3220,12900,300,50,20,80,140,310,380,30,60,10,440
2955,116200,32,1,Salaried,Tier_1,20020,18440,2310,7820,4180,5210,2460,5200,1400,680,5490,73210,10.5,12200,42990,600,550,70,230,420,1820,740,160,40,20,1370
2956,13000,31,0,Salaried,Tier_2,2910,1680,260,1070,1160,750,620,590,720,200,640,10600,30.3,3940,2400,90,50,10,30,120,260,190,20,20,10,160
2957,104800,35,0,Salaried,Tier_2,30870,0,1960,8470,4330,7410,3030,2800,5070,610,5260,69810,28.3,29660,34990,930,0,60,250,430,2590,910,80,150,20,1320
2958,158500,19,0,Salaried,Tier_1,53960,23160,7890,10230,9040,5960,2440,7930,6700,2820,4370,134500,30.7,48660,24000,1620,690,240,310,900,2090,730,240,200,80,1090
2959,41500,47,0,Salaried,Tier_1,6640,0,1670,5550,3160,2130,940,1580,1190,260,2310,25430,25.6,10620,16070,200,0,50,170,320,750,280,50,40,10,580
2960,62900,44,1,Self-Employed,Tier_3,12250,0,1140,8180,2760,2100,880,2430,860,70,3430,34100,24.4,15350,28800,370,0,30,250,280,740,260,70,30,0,860
2961,95200,40,2,Salaried,Tier_1,30660,0,1860,7060,5160,6490,4540,4400,3740,7800,4200,75910,18.7,17800,19290,920,0,60,210,520,2270,1360,130,110,230,1050
2962,46500,40,2,Self-Employed,Tier_1,12120,8230,1920,5900,3530,3800,840,3040,2190,730,1660,43960,20.8,9670,2540,360,250,60,180,350,1330,250,90,70,20,420
2963,59700,32,0,Freelancer,Tier_3,10770,0,2510,7130,2830,4140,1590,3180,1950,90,2450,36640,24.3,14510,23060,320,0,80,210,280,1450,480,100,60,0,610
2964,213100,24,2,Business Owner,Tier_1,47600,0,3720,17650,15370,16620,7670,13980,14680,2260,11180,150730,16.1,34310,62370,1430,0,110,530,1540,5820,2300,420,440,70,2800
2965,77500,39,2,Self-Employed,Tier_2,22680,12470,1980,11040,4450,2520,2120,3450,1570,7560,2310,72150,19.1,14800,5350,680,370,60,330,440,880,640,100,50,230,580
2966,14100,21,0,Student,Tier_2,2220,0,580,1670,920,360,420,710,610,90,520,8100,24.8,3500,6000,70,0,20,50,90,130,130,20,20,0,130
2967,93100,19,2,Salaried,Tier_2,27390,11750,2710,8380,6930,2630,1110,5810,5380,1070,3580,76740,16.1,14990,16360,820,350,80,250,690,920,330,170,160,30,900
2968,170400,39,0,Freelancer,Tier_1,33890,23120,3480,20550,12910,10470,5690,9220,5100,3050,9190,136670,10.7,18230,33730,1020,690,100,620,1290,3660,1710,280,150,90,2300
2969,31000,47,0,Freelancer,Tier_3,8670,910,800,4320,1640,2020,1400,1530,1070,460,910,23730,18.1,5610,7270,260,30,20,130,160,710,420,50,30,10,230
2970,98600,32,0,Salaried,Tier_1,29980,7840,1030,5990,6260,2760,1760,3980,4840,1020,2360,67820,20.4,20110,30780,900,240,30,180,630,970,530,120,150,30,590
2971,8200,20,0,Student,Tier_3,2440,0,290,870,490,580,310,200,290,60,400,5930,19.2,1570,2270,70,0,10,30,50,200,90,10,10,0,100
2972,74800,33,1,Salaried,Tier_3,11390,4950,3260,7650,6610,3660,1020,3870,2260,580,2720,47970,12.9,9650,26830,340,150,100,230,660,1280,310,120,70,20,680
2973,32400,25,2,Salaried,Tier_3,8630,1430,1300,2780,2890,2180,1000,790,1460,70,1650,24180,32.0,10370,8220,260,40,40,80,290,760,300,20,40,0,410
2974,8100,33,3,Salaried,Tier_1,2520,1010,390,1370,570,550,370,210,510,310,310,8120,9.3,750,-20,80,30,10,40,60,190,110,10,20,10,80
2975,38400,42,2,Business Owner,Tier_2,11180,3880,1300,3570,2240,2540,1680,1030,1400,2490,1520,32830,31.8,12210,5570,340,120,40,110,220,890,500,30,40,70,380
2976,25400,37,1,Salaried,Tier_3,3260,1000,270,3070,1140,1750,570,690,980,60,860,13650,12.9,3280,11750,100,30,10,90,110,610,170,20,30,0,220
2977,120700,37,2,Salaried,Tier_1,21300,16620,1920,18280,3790,5460,6030,6420,1580,550,2800,84750,13.1,15810,35950,640,500,60,550,380,1910,1810,190,50,20,700
2978,47800,28,2,Freelancer,Tier_1,10710,6450,900,4670,3160,2040,2060,2560,1040,130,2730,36450,29.8,14240,11350,320,190,30,140,320,710,620,80,30,0,680
2979,102700,44,3,Salaried,Tier_3,28950,0,1830,7740,3700,3750,1760,5100,3610,6510,4610,67560,20.2,20750,35140,870,0,50,230,370,1310,530,150,110,200,1150
2980,6100,44,1,Self-Employed,Tier_2,980,1130,80,530,390,400,220,190,200,310,360,4790,9.5,580,1310,30,30,0,20,40,140,70,10,10,10,90
2981,20000,67,0,Retired,Tier_2,2760,2840,570,2560,1340,450,350,940,940,120,980,13850,21.7,4340,6150,80,90,20,80,130,160,100,30,30,0,240
2982,34200,55,1,Freelancer,Tier_1,7920,7160,660,4410,1980,2510,1020,1080,1320,530,1030,29620,10.4,3560,4580,240,210,20,130,200,880,310,30,40,20,260
2983,79700,45,4,Business Owner,Tier_3,22290,0,1190,6380,3650,2810,1450,2700,1130,1280,3810,46690,26.4,21040,33010,670,0,40,190,360,980,440,80,30,40,950
2984,29400,57,3,Retired,Tier_1,4460,1480,1300,4800,990,1170,1050,1310,940,3170,850,21520,26.9,7910,7880,130,40,40,140,100,410,320,40,30,100,210
2985,109900,19,3,Salaried,Tier_2,31570,20900,1880,10640,4060,6670,3620,3560,8050,1600,5280,97830,34.7,38140,12070,950,630,60,320,410,2330,1090,110,240,50,1320
2986,92700,26,3,Self-Employed,Tier_1,20150,20100,1390,11030,5500,4340,2380,6150,3970,550,2290,77850,34.7,32170,14850,600,600,40,330,550,1520,710,180,120,20,570
2987,8100,31,0,Salaried,Tier_1,2690,0,350,1090,690,470,290,350,130,70,180,6310,12.1,980,1790,80,0,10,30,70,160,90,10,0,0,40
2988,54200,35,1,Salaried,Tier_1,13250,11590,1620,6410,2260,2640,1630,1610,1390,120,2330,44850,30.3,16420,9350,400,350,50,190,230,920,490,50,40,0,580
2989,70500,19,3,Self-Employed,Tier_2,15350,7740,2740,6080,5940,1930,3370,3400,2730,1230,3430,53940,22.4,15790,16560,460,230,80,180,590,680,1010,100,80,40,860
2990,162500,45,0,Salaried,Tier_1,50690,35470,7700,17630,13590,13830,6720,4280,2640,100,8600,161250,28.5,46310,1250,1520,1060,230,530,1360,4840,2020,130,80,0,2150
2991,118800,31,2,Salaried,Tier_1,33240,16030,4770,10590,4080,10670,5130,6110,5730,1460,4850,102660,8.2,9740,16140,1000,480,140,320,410,3730,1540,180,170,40,1210
2992,111700,27,0,Salaried,Tier_1,31340,8790,5430,7090,6710,4760,3530,6190,4470,1720,6480,86510,33.5,37420,25190,940,260,160,210,670,1670,1060,190,130,50,1620
2993,40700,43,1,Freelancer,Tier_3,8360,4730,1970,4670,1930,2640,1290,2440,2130,620,1460,32240,11.9,4840,8460,250,140,60,140,190,920,390,70,60,20,360
2994,59700,47,2,Salaried,Tier_2,17650,0,2070,5190,1790,4420,1710,1920,2540,6420,3290,47000,16.9,10090,12700,530,0,60,160,180,1550,510,60,80,190,820
2995,66900,32,1,Salaried,Tier_3,13430,5090,2180,7680,3430,3870,940,3690,4110,840,2910,48170,10.8,7230,18730,400,150,70,230,340,1350,280,110,120,30,730
2996,46400,38,1,Salaried,Tier_1,12600,10060,500,6050,2570,2510,790,1200,2180,620,2310,41390,28.6,13270,5010,380,300,20,180,260,880,240,40,70,20,580
2997,8100,20,0,Student,Tier_1,1620,730,100,930,280,630,110,160,120,130,320,5130,23.7,1920,2970,50,20,0,30,30,220,30,0,0,0,80
2998,79200,33,3,Business Owner,Tier_1,15910,16550,2040,9400,6490,3040,1770,2920,1860,6410,2530,68920,15.7,12430,10280,480,500,60,280,650,1060,530,90,60,190,630
2999,8400,22,0,Student,Tier_1,2700,0,300,710,450,330,210,180,150,0,250,5280,32.6,2740,3120,80,0,10,20,40,120,60,10,0,0,60
3000,31000,41,0,Self-Employed,Tier_2,7130,5520,930,3520,1640,1280,1550,660,750,420,1120,24520,30.7,9520,6480,210,170,30,110,160,450,460,20,20,10,280
3001,30000,37,3,Salaried,Tier_3,8710,5360,380,3140,1100,1680,1360,830,1540,590,1440,26130,14.2,4260,3870,260,160,10,90,110,590,410,20,50,20,360
3002,137700,24,2,Business Owner,Tier_1,30070,0,5630,16080,8400,5340,2160,4890,3180,1020,5900,82670,31.0,42690,55030,900,0,170,480,840,1870,650,150,100,30,1480
3003,4500,42,0,Business Owner,Tier_3,1310,250,70,580,290,380,150,210,100,10,260,3610,33.0,1480,890,40,10,0,20,30,130,40,10,0,0,60
3004,134800,27,0,Salaried,Tier_1,22770,0,6320,8380,7010,9320,4680,6290,2480,200,7310,74760,19.6,26420,60040,680,0,190,250,700,3260,1400,190,70,10,1830
3005,79400,35,3,Self-Employed,Tier_1,13520,5920,3750,7370,6500,3030,2700,3030,3130,430,2530,51910,16.0,12700,27490,410,180,110,220,650,1060,810,90,90,10,630
3006,59800,30,0,Salaried,Tier_1,8930,0,1190,7790,1890,1870,1710,2140,1760,740,3500,31520,17.6,10520,28280,270,0,40,230,190,650,510,60,50,20,880
3007,272500,41,2,Business Owner,Tier_1,53620,0,11370,34220,11840,17350,7970,16290,7980,24370,15200,200210,12.6,34340,72290,1610,0,340,1030,1180,6070,2390,490,240,730,3800
3008,30000,51,2,Self-Employed,Tier_3,4170,0,910,3280,1090,1420,1160,1550,1810,250,1330,16970,24.2,7260,13030,130,0,30,100,110,500,350,50,50,10,330
3009,43100,21,1,Salaried,Tier_3,11800,3860,1380,3450,2480,2070,590,950,2590,430,1680,31280,34.6,14910,11820,350,120,40,100,250,720,180,30,80,10,420
3010,50100,44,1,Salaried,Tier_3,10160,10380,1280,7210,3350,3210,2020,2780,1990,2520,1640,46540,33.1,16580,3560,300,310,40,220,340,1120,610,80,60,80,410
3011,109700,37,1,Salaried,Tier_1,24700,18120,3140,11690,4040,9460,2740,3030,1280,9810,5110,93120,13.2,14480,16580,740,540,90,350,400,3310,820,90,40,290,1280
3012,46700,20,2,Salaried,Tier_3,10140,0,1190,3850,1970,1900,890,2490,730,490,970,24620,17.7,8270,22080,300,0,40,120,200,660,270,70,20,10,240
3013,63900,30,1,Freelancer,Tier_3,9250,0,760,8830,2140,4980,2660,3440,3960,840,2920,39780,28.6,18280,24120,280,0,20,260,210,1740,800,100,120,30,730
3014,81800,42,1,Salaried,Tier_2,17240,0,2540,8910,3250,7060,3520,1970,1370,610,4090,50560,18.9,15460,31240,520,0,80,270,320,2470,1060,60,40,20,1020
3015,10400,40,2,Business Owner,Tier_1,3330,0,360,1310,880,1030,460,530,630,1030,410,9970,11.0,1140,430,100,0,10,40,90,360,140,20,20,30,100
3016,36000,28,2,Freelancer,Tier_3,9520,0,460,3310,1560,3110,920,1900,2030,180,1000,23990,20.6,7420,12010,290,0,10,100,160,1090,280,60,60,10,250
3017,114800,19,1,Salaried,Tier_1,26910,0,2380,10820,6170,8180,5130,3020,3280,720,4880,71490,10.1,11590,43310,810,0,70,320,620,2860,1540,90,100,20,1220
3018,135200,42,1,Salaried,Tier_1,19430,22990,6610,14260,8480,9100,4720,7900,7780,4610,6100,111980,14.1,19060,23220,580,690,200,430,850,3180,1420,240,230,140,1520
3019,37600,37,1,Salaried,Tier_3,9250,0,1730,3090,1380,2300,1300,1830,2170,210,2020,25280,29.5,11090,12320,280,0,50,90,140,800,390,50,70,10,500
3020,24700,31,2,Freelancer,Tier_1,4770,0,670,2400,1190,890,800,1340,1550,810,1310,15730,18.1,4470,8970,140,0,20,70,120,310,240,40,50,20,330
3021,28600,19,0,Student,Tier_1,7220,0,1010,3360,1850,1760,820,720,400,480,670,18290,25.5,7290,10310,220,0,30,100,180,620,250,20,10,10,170
3022,65100,20,1,Salaried,Tier_3,19110,3090,2980,6440,4420,4130,2680,2810,4120,960,2480,53220,22.1,14390,11880,570,90,90,190,440,1450,800,80,120,30,620
3023,239000,25,0,Business Owner,Tier_1,74600,35450,7000,32900,10990,17400,3420,10840,13200,2660,12160,220620,30.6,73130,18380,2240,1060,210,990,1100,6090,1030,330,400,80,3040
3024,104900,32,0,Salaried,Tier_3,17930,0,2780,7570,3370,2840,2660,5400,2010,1160,4700,50420,19.3,20250,54480,540,0,80,230,340,990,800,160,60,30,1180
3025,33000,19,2,Self-Employed,Tier_3,5000,5880,830,2930,1960,970,880,1560,970,250,1320,22550,9.9,3270,10450,150,180,20,90,200,340,260,50,30,10,330
3026,115100,19,0,Salaried,Tier_1,19650,0,5710,15790,7490,7450,4490,4460,6720,150,5150,77060,33.6,38670,38040,590,0,170,470,750,2610,1350,130,200,0,1290
3027,57500,19,0,Salaried,Tier_2,10850,0,1700,3940,1870,2890,2170,2050,3200,570,3230,32470,9.4,5400,25030,330,0,50,120,190,1010,650,60,100,20,810
3028,43300,26,1,Salaried,Tier_1,13710,3200,750,3370,1630,3110,520,2370,2630,270,2040,33600,32.4,14030,9700,410,100,20,100,160,1090,160,70,80,10,510
3029,102900,39,2,Business Owner,Tier_1,33790,0,1030,10780,7620,7220,4520,3210,6710,340,5490,80710,19.6,20170,22190,1010,0,30,320,760,2530,1360,100,200,10,1370
3030,6000,30,2,Self-Employed,Tier_2,1320,0,210,500,210,360,90,200,160,80,240,3370,34.5,2070,2630,40,0,10,20,20,130,30,10,0,0,60
3031,89100,33,1,Salaried,Tier_1,18900,16000,1250,7500,6940,6160,1490,5620,5580,1380,1920,72740,18.2,16220,16360,570,480,40,220,690,2160,450,170,170,40,480
3032,142200,19,3,Salaried,Tier_1,30320,0,6690,22290,9400,5430,4550,9820,6430,180,4360,99470,8.2,11660,42730,910,0,200,670,940,1900,1360,290,190,10,1090
3033,26200,43,3,Business Owner,Tier_2,4570,1200,590,4020,1840,1660,650,1210,950,390,1150,18230,13.0,3410,7970,140,40,20,120,180,580,200,40,30,10,290
3034,107000,63,1,Salaried,Tier_3,30500,0,3580,14420,3740,7860,1650,2780,3120,10340,5160,83150,34.3,36700,23850,920,0,110,430,370,2750,500,80,90,310,1290
3035,70200,31,1,Salaried,Tier_1,21970,0,3310,4920,2180,3080,2140,2710,4150,1060,3090,48610,10.2,7160,21590,660,0,100,150,220,1080,640,80,120,30,770
3036,28000,24,0,Student,Tier_1,8340,0,530,1860,1760,2280,670,1020,1570,90,680,18800,21.8,6100,9200,250,0,20,60,180,800,200,30,50,0,170
3037,7900,19,0,Student,Tier_2,1910,620,360,1100,530,260,140,340,350,40,410,6060,15.1,1190,1840,60,20,10,30,50,90,40,10,10,0,100
3038,36700,33,4,Business Owner,Tier_1,6410,0,440,5200,2920,3040,770,2020,640,830,2110,24380,12.5,4590,12320,190,0,10,160,290,1060,230,60,20,20,530
3039,71900,26,1,Freelancer,Tier_1,17110,4420,1800,5040,3640,4010,880,3540,2920,150,4190,47700,33.4,24010,24200,510,130,50,150,360,1400,260,110,90,0,1050
3040,86700,37,2,Salaried,Tier_2,17310,0,4270,7280,2910,7140,4310,3880,4760,670,3710,56240,18.1,15690,30460,520,0,130,220,290,2500,1290,120,140,20,930
3041,114100,27,1,Salaried,Tier_2,16920,0,2340,11640,7370,8230,3600,6820,6820,1840,6340,71920,9.9,11300,42180,510,0,70,350,740,2880,1080,200,200,60,1580
3042,37100,21,1,Salaried,Tier_3,9140,5910,940,2700,3140,1980,1580,890,690,200,800,27970,12.5,4640,9130,270,180,30,80,310,690,470,30,20,10,200
3043,96000,37,3,Salaried,Tier_1,14970,0,3410,15120,4250,7350,4410,6400,5850,1380,2870,66010,10.4,9980,29990,450,0,100,450,420,2570,1320,190,180,40,720
3044,41300,32,0,Salaried,Tier_3,6670,2090,1180,4350,2530,3190,1290,2360,560,680,2430,27330,9.1,3760,13970,200,60,40,130,250,1120,390,70,20,20,610
3045,148400,24,1,Salaried,Tier_1,43250,15810,5490,15500,8250,4600,4220,6130,1880,2360,6110,113600,17.9,26560,34800,1300,470,160,460,820,1610,1270,180,60,70,1530
3046,17900,24,1,Salaried,Tier_3,5100,1270,400,1270,670,1250,630,590,710,210,940,13040,11.3,2020,4860,150,40,10,40,70,440,190,20,20,10,240
3047,110200,48,0,Self-Employed,Tier_1,31580,15820,5310,13600,9350,2730,3420,2880,5600,880,6600,97770,32.1,35370,12430,950,470,160,410,940,960,1030,90,170,30,1650
3048,162700,41,1,Business Owner,Tier_1,48930,0,4450,20020,8760,4060,6480,8300,9000,990,6500,117490,21.4,34820,45210,1470,0,130,600,880,1420,1940,250,270,30,1620
3049,146100,19,1,Self-Employed,Tier_1,26960,6100,3070,16080,11460,12300,1530,8970,8960,2090,3810,101330,34.3,50110,44770,810,180,90,480,1150,4300,460,270,270,60,950
3050,61200,41,0,Self-Employed,Tier_3,13740,13280,830,6410,2160,6450,2780,2930,2690,80,1930,53280,11.1,6790,7920,410,400,20,190,220,2260,830,90,80,0,480
3051,39000,19,0,Self-Employed,Tier_2,10520,7480,760,2420,2800,2330,1720,2250,420,340,1200,32240,22.0,8580,6760,320,220,20,70,280,820,520,70,10,10,300
3052,26700,65,2,Retired,Tier_3,6090,0,1030,4260,2080,2080,790,870,1210,2470,1050,21930,13.2,3520,4770,180,0,30,130,210,730,240,30,40,70,260
3053,141400,44,2,Self-Employed,Tier_2,32300,0,6080,14580,12190,14940,2750,4770,9050,15830,7030,119520,18.1,25590,21880,970,0,180,440,1220,5230,820,140,270,470,1760
3054,99500,38,2,Salaried,Tier_1,24370,4270,4690,14430,5810,7540,4020,3730,6490,11910,5400,92660,21.6,21490,6840,730,130,140,430,580,2640,1210,110,190,360,1350
3055,103600,43,0,Self-Employed,Tier_1,27690,7210,2200,9160,7670,9360,4600,2740,2390,1630,5990,80640,21.1,21860,22960,830,220,70,270,770,3280,1380,80,70,50,1500
3056,12300,18,0,Student,Tier_1,3020,0,480,890,530,690,320,360,660,210,260,7420,10.6,1300,4880,90,0,10,30,50,240,100,10,20,10,60
3057,6000,40,3,Business Owner,Tier_2,760,0,140,700,410,370,260,350,270,70,220,3550,9.3,560,2450,20,0,0,20,40,130,80,10,10,0,60
3058,26200,27,0,Self-Employed,Tier_2,7050,4200,1150,3570,2120,2120,1280,1250,1040,450,560,24790,34.1,8930,1410,210,130,30,110,210,740,380,40,30,10,140
3059,8100,35,1,Business Owner,Tier_1,2470,910,250,940,650,240,150,230,320,340,440,6940,32.6,2640,1160,70,30,10,30,60,80,40,10,10,10,110
3060,107900,19,0,Freelancer,Tier_1,36200,0,2040,7740,9060,8110,3230,4630,1800,1730,2670,77210,23.1,24920,30690,1090,0,60,230,910,2840,970,140,50,50,670
3061,41600,72,1,Retired,Tier_2,7620,5870,560,4350,3410,2510,1530,2170,1300,180,2330,31830,9.0,3740,9770,230,180,20,130,340,880,460,70,40,10,580
3062,36300,56,0,Salaried,Tier_2,6090,2090,1300,4500,2890,1550,590,1200,1090,130,1980,23410,20.9,7590,12890,180,60,40,140,290,540,180,40,30,0,500
3063,61100,40,3,Salaried,Tier_3,14670,10920,980,6270,4220,2790,2430,4030,4480,6660,2770,60220,29.8,18210,880,440,330,30,190,420,980,730,120,130,200,690
3064,81700,34,1,Freelancer,Tier_2,20430,1840,2430,9930,2930,3840,2180,3240,1930,440,1760,50950,15.0,12260,30750,610,60,70,300,290,1340,650,100,60,10,440
3065,113800,41,0,Business Owner,Tier_2,21180,6390,2840,9010,5610,9830,3090,3030,2000,1100,5500,69580,20.4,23220,44220,640,190,90,270,560,3440,930,90,60,30,1380
3066,8100,21,0,Student,Tier_1,2080,0,110,590,300,290,260,280,200,80,440,4630,24.8,2010,3470,60,0,0,20,30,100,80,10,10,0,110
3067,9500,23,0,Student,Tier_1,2400,0,240,1080,630,400,240,460,360,80,370,6260,18.0,1710,3240,70,0,10,30,60,140,70,10,10,0,90
3068,12900,22,0,Student,Tier_2,1860,0,580,800,460,280,350,560,650,40,310,5890,28.1,3620,7010,60,0,20,20,50,100,100,20,20,0,80
3069,50400,42,1,Salaried,Tier_3,14800,11050,1860,5650,2600,2620,1540,1550,840,4330,2940,49780,12.0,6050,620,440,330,60,170,260,920,460,50,30,130,740
3070,104900,40,1,Salaried,Tier_2,13890,0,2120,11310,8870,6450,1930,6190,5000,11430,2780,69970,22.4,23500,34930,420,0,60,340,890,2260,580,190,150,340,700
3071,7700,23,0,Student,Tier_3,2270,0,360,640,480,220,170,150,290,40,390,5010,27.7,2130,2690,70,0,10,20,50,80,50,0,10,0,100
3072,84000,51,3,Salaried,Tier_1,12460,0,2120,7850,6460,3630,2470,4930,1570,1450,4900,47840,22.3,18730,36160,370,0,60,240,650,1270,740,150,50,40,1220
3073,50900,39,0,Salaried,Tier_2,9290,7030,2340,5740,2080,4280,1300,1500,630,790,1540,36520,19.1,9720,14380,280,210,70,170,210,1500,390,40,20,20,380
3074,61800,19,0,Self-Employed,Tier_1,13080,11200,1200,5230,1970,3860,1510,2800,2710,140,1920,45620,31.9,19710,16180,390,340,40,160,200,1350,450,80,80,0,480
3075,50500,38,0,Self-Employed,Tier_1,12660,3320,820,3440,1600,2680,2020,2060,2090,760,2580,34030,15.8,7980,16470,380,100,20,100,160,940,610,60,60,20,640
3076,105700,45,0,Salaried,Tier_1,24150,21500,2370,7390,5560,2510,4200,4200,6150,1620,4550,84200,15.0,15860,21500,720,640,70,220,560,880,1260,130,180,50,1140
3077,105700,47,0,Salaried,Tier_1,16350,22960,5240,8130,7600,7190,4090,4460,1680,1830,2290,81820,22.7,23990,23880,490,690,160,240,760,2520,1230,130,50,50,570
3078,62700,55,1,Self-Employed,Tier_3,18320,8300,2690,4570,4030,3630,2570,2580,710,6960,3420,57780,33.4,20940,4920,550,250,80,140,400,1270,770,80,20,210,860
3079,36800,34,3,Self-Employed,Tier_2,4630,0,700,4680,2570,2400,1530,2020,560,3730,1130,23950,17.7,6510,12850,140,0,20,140,260,840,460,60,20,110,280
3080,29400,29,4,Salaried,Tier_2,8160,1600,670,2990,1740,2600,1140,800,1980,1190,860,23730,33.3,9790,5670,240,50,20,90,170,910,340,20,60,40,220
3081,79000,32,1,Self-Employed,Tier_2,9980,190,3670,9270,4170,5450,3650,3070,4460,700,3180,47790,16.7,13190,31210,300,10,110,280,420,1910,1100,90,130,20,800
3082,148300,26,3,Salaried,Tier_1,46510,0,7030,12380,5870,11180,2300,5930,5630,1270,7160,105260,30.3,44930,43040,1400,0,210,370,590,3910,690,180,170,40,1790
3083,137800,42,2,Business Owner,Tier_2,32520,11920,2900,10910,11800,10900,4000,8600,9570,1470,7960,112550,15.2,20950,25250,980,360,90,330,1180,3810,1200,260,290,40,1990
3084,25700,33,1,Salaried,Tier_2,4150,990,630,2430,1120,890,460,840,1450,1690,1140,15790,24.7,6350,9910,120,30,20,70,110,310,140,30,40,50,280
3085,4500,34,1,Salaried,Tier_3,1280,70,70,470,350,210,120,270,140,310,270,3560,20.7,930,940,40,0,0,10,40,70,40,10,0,10,70
3086,78600,47,2,Self-Employed,Tier_1,13700,13650,1580,12040,5340,2400,3020,2760,3920,1250,4660,64320,20.8,16350,14280,410,410,50,360,530,840,910,80,120,40,1160
3087,40100,41,1,Business Owner,Tier_3,9360,4630,870,4640,3250,3080,1850,1900,600,740,2200,33120,26.6,10670,6980,280,140,30,140,320,1080,560,60,20,20,550
3088,81000,40,0,Business Owner,Tier_1,11230,0,3640,6230,6770,6050,2500,1770,4270,750,3900,47110,30.7,24870,33890,340,0,110,190,680,2120,750,50,130,20,980
3089,9700,20,0,Student,Tier_2,1650,0,460,880,410,640,250,380,370,150,410,5600,14.7,1430,4100,50,0,10,30,40,220,80,10,10,0,100
3090,69600,44,1,Salaried,Tier_1,22050,8130,1670,9050,3570,4030,900,2090,3750,6080,2860,64180,18.4,12810,5420,660,240,50,270,360,1410,270,60,110,180,720
3091,91300,36,2,Self-Employed,Tier_2,22630,3470,3540,11230,7100,4960,980,2460,3190,7220,2030,68810,30.5,27850,22490,680,100,110,340,710,1740,290,70,100,220,510
3092,86300,32,1,Salaried,Tier_2,13280,9700,1870,7660,7500,4380,2380,2890,2530,430,4590,57210,18.1,15620,29090,400,290,60,230,750,1530,710,90,80,10,1150
3093,72900,19,2,Business Owner,Tier_3,13190,15780,3180,8160,3800,5000,3520,2950,3230,550,4170,63530,34.1,24860,9370,400,470,100,240,380,1750,1060,90,100,20,1040
3094,49000,27,1,Freelancer,Tier_1,14710,4170,790,6430,2750,4030,1430,1260,3010,800,1290,40670,34.1,16710,8330,440,130,20,190,280,1410,430,40,90,20,320
3095,75800,51,1,Freelancer,Tier_1,21540,0,1920,10100,6270,2040,2760,4200,1920,100,3090,53940,27.6,20920,21860,650,0,60,300,630,710,830,130,60,0,770
3096,58200,25,3,Self-Employed,Tier_3,8650,10000,2620,8720,3140,1920,2010,1550,2990,490,2430,44520,24.0,13970,13680,260,300,80,260,310,670,600,50,90,10,610
3097,32700,38,1,Salaried,Tier_2,7000,0,430,3380,1490,1990,1220,1300,1210,250,1070,19340,20.7,6770,13360,210,0,10,100,150,700,370,40,40,10,270
3098,129600,29,0,Business Owner,Tier_2,28030,0,3500,9620,5450,9170,6120,4500,5540,850,5760,78540,29.8,38620,51060,840,0,100,290,540,3210,1840,140,170,30,1440
3099,39900,41,1,Salaried,Tier_3,10430,0,540,4460,2730,1020,1480,2190,1490,4040,1580,29960,15.3,6100,9940,310,0,20,130,270,360,440,70,40,120,400
3100,22700,59,3,Retired,Tier_2,5420,3470,570,2400,710,760,1120,1660,1350,780,620,18860,18.4,4180,3840,160,100,20,70,70,270,340,50,40,20,160
3101,30500,27,0,Salaried,Tier_2,4180,1480,1400,3380,2410,1600,360,1130,1800,190,1370,19300,12.5,3810,11200,130,40,40,100,240,560,110,30,50,10,340
3102,71700,40,1,Salaried,Tier_2,11040,3200,1050,6480,4150,6190,860,1560,2310,900,1960,39700,32.7,23450,32000,330,100,30,190,420,2170,260,50,70,30,490
3103,93100,19,2,Salaried,Tier_2,24310,0,1690,10160,3460,1900,3040,5860,2160,1200,2340,56120,29.7,27650,36980,730,0,50,300,350,660,910,180,60,40,580
3104,56700,26,2,Freelancer,Tier_1,18840,6210,2750,5210,2800,2090,2330,2300,3250,700,1270,47750,21.7,12300,8950,570,190,80,160,280,730,700,70,100,20,320
3105,9500,47,1,Business Owner,Tier_1,1550,920,430,840,610,560,150,330,330,710,220,6650,23.8,2260,2850,50,30,10,30,60,200,40,10,10,20,60
3106,40900,38,0,Salaried,Tier_3,5170,0,1140,2460,2930,2340,1290,1980,2430,430,1740,21910,31.4,12840,18990,160,0,30,70,290,820,390,60,70,10,440
3107,54500,22,2,Self-Employed,Tier_2,7220,8000,2490,5310,2200,2530,1090,1380,3650,610,1560,36040,11.9,6490,18460,220,240,70,160,220,890,330,40,110,20,390
3108,90800,22,2,Salaried,Tier_1,31310,0,3730,12500,3520,1970,3050,3010,4700,840,2260,66890,22.7,20610,23910,940,0,110,380,350,690,920,90,140,30,560
3109,100500,36,3,Salaried,Tier_1,25330,4800,1170,10770,8990,4440,4180,6430,2070,5960,3450,77590,32.0,32160,22910,760,140,40,320,900,1550,1250,190,60,180,860
3110,165700,19,1,Self-Employed,Tier_2,36340,25560,3640,20120,7540,16230,2790,4800,6600,2890,5000,131510,30.0,49710,34190,1090,770,110,600,750,5680,840,140,200,90,1250
3111,87000,48,2,Salaried,Tier_1,24620,0,1350,8980,6880,5060,3660,5710,5890,640,4500,67290,32.6,28360,19710,740,0,40,270,690,1770,1100,170,180,20,1120
3112,101200,47,2,Salaried,Tier_1,34730,0,1440,13530,3360,4840,4010,2460,6680,730,4650,76430,27.5,27830,24770,1040,0,40,410,340,1690,1200,70,200,20,1160
3113,115800,28,0,Salaried,Tier_1,16430,1200,2060,14210,3940,2600,3900,3620,2400,1220,5780,57360,34.8,40300,58440,490,40,60,430,390,910,1170,110,70,40,1440
3114,72900,22,2,Salaried,Tier_1,16000,0,3430,6240,3400,6560,2060,4330,4240,890,1660,48810,31.3,22820,24090,480,0,100,190,340,2300,620,130,130,30,420
3115,70500,37,2,Self-Employed,Tier_1,16190,14440,2770,8020,4550,2140,1940,3200,1970,1250,3180,59650,14.9,10500,10850,490,430,80,240,460,750,580,100,60,40,800
3116,8100,64,1,Retired,Tier_1,2490,0,350,530,270,460,150,370,160,20,400,5200,27.6,2240,2900,70,0,10,20,30,160,40,10,0,0,100
3117,47000,19,3,Salaried,Tier_2,6720,7190,1970,7040,2600,3850,560,1230,3060,770,2270,37260,17.7,8320,9740,200,220,60,210,260,1350,170,40,90,20,570
3118,126300,22,1,Salaried,Tier_1,35810,0,3430,12640,6780,7860,1660,5460,7100,320,7180,88240,18.4,23240,38060,1070,0,100,380,680,2750,500,160,210,10,1800
3119,30200,19,1,Salaried,Tier_3,6170,5940,860,3050,1590,1500,760,1870,1640,520,1470,25370,13.9,4200,4830,190,180,30,90,160,520,230,60,50,20,370
3120,48100,26,3,Business Owner,Tier_1,16150,0,890,5020,1850,1600,2390,1800,1650,610,2640,34600,15.7,7550,13500,480,0,30,150,180,560,720,50,50,20,660
3121,40000,66,1,Retired,Tier_2,11600,0,480,5500,1440,2530,1300,1590,600,1410,1730,28180,16.7,6680,11820,350,0,10,160,140,890,390,50,20,40,430
3122,116800,35,2,Business Owner,Tier_2,23660,0,4740,9120,7310,7690,1340,7600,3600,9220,6810,81090,35.0,40880,35710,710,0,140,270,730,2690,400,230,110,280,1700
3123,85200,44,3,Salaried,Tier_3,21350,0,1870,14530,3320,6580,3120,4480,4150,30,2360,61790,29.4,25050,23410,640,0,60,440,330,2300,940,130,120,0,590
3124,93400,38,0,Salaried,Tier_2,26560,0,3830,12430,3190,6410,1350,3330,2440,1350,3280,64170,9.2,8590,29230,800,0,110,370,320,2240,400,100,70,40,820
3125,97500,28,1,Self-Employed,Tier_1,14350,5340,3680,8010,4090,2920,2090,6210,4710,1090,3780,56270,12.2,11900,41230,430,160,110,240,410,1020,630,190,140,30,940
3126,113600,50,2,Salaried,Tier_1,35890,22430,2990,13160,4620,3190,3380,5160,2460,770,4750,98800,28.6,32490,14800,1080,670,90,390,460,1120,1010,150,70,20,1190
3127,128600,33,1,Salaried,Tier_1,30030,0,4700,10020,5420,10330,5290,8170,7620,2850,3590,88020,27.1,34850,40580,900,0,140,300,540,3620,1590,250,230,90,900
3128,138000,43,2,Salaried,Tier_2,18500,0,2900,20620,4260,6470,1800,9270,4960,280,3480,72540,17.3,23870,65460,560,0,90,620,430,2260,540,280,150,10,870
3129,33100,59,1,Retired,Tier_1,4760,2160,480,2720,2350,1520,610,1710,2060,540,1030,19940,31.5,10430,13160,140,60,10,80,240,530,180,50,60,20,260
3130,37000,36,0,Salaried,Tier_2,6890,1160,1790,2990,2750,2050,1200,2180,2050,540,870,24470,13.4,4960,12530,210,30,50,90,280,720,360,70,60,20,220
3131,50100,62,1,Retired,Tier_1,14560,0,2240,5690,4380,3360,1130,3200,1210,2560,1890,40220,10.6,5310,9880,440,0,70,170,440,1180,340,100,40,80,470
3132,6000,18,0,Student,Tier_2,1340,0,180,420,210,160,110,290,240,90,170,3210,24.7,1480,2790,40,0,10,10,20,60,30,10,10,0,40
3133,145600,28,1,Self-Employed,Tier_1,36140,0,5930,20560,7580,11140,6160,3230,2000,1460,5620,99820,16.2,23590,45780,1080,0,180,620,760,3900,1850,100,60,40,1400
3134,121300,19,1,Self-Employed,Tier_1,29280,26040,1980,16730,9420,5640,4830,7490,2830,710,2640,107590,22.8,27660,13710,880,780,60,500,940,1970,1450,220,80,20,660
3135,38500,34,3,Salaried,Tier_2,7340,0,1040,4940,1500,2440,1310,2070,1600,3230,1540,27010,25.7,9890,11490,220,0,30,150,150,850,390,60,50,100,380
3136,27400,19,2,Salaried,Tier_3,7260,0,1000,3560,2200,1590,830,1690,890,90,1200,20310,24.1,6600,7090,220,0,30,110,220,560,250,50,30,0,300
3137,51000,36,0,Salaried,Tier_2,8730,0,2330,4940,1910,3640,1220,1180,2130,570,2220,28870,11.0,5610,22130,260,0,70,150,190,1270,370,40,60,20,560
3138,223600,27,1,Business Owner,Tier_1,35320,26680,11160,31160,7290,19890,9370,9150,10830,2240,13130,176220,10.4,23250,47380,1060,800,330,930,730,6960,2810,270,320,70,3280
3139,21100,28,1,Self-Employed,Tier_1,5170,0,980,1680,1190,710,890,1230,530,120,1210,13710,34.4,7260,7390,160,0,30,50,120,250,270,40,20,0,300
3140,13500,19,0,Student,Tier_3,2780,0,630,1790,1060,1150,650,680,640,100,340,9820,21.6,2920,3680,80,0,20,50,110,400,200,20,20,0,80
3141,56300,46,1,Freelancer,Tier_2,14490,8120,930,3760,4340,1860,2210,1550,3430,220,3060,43970,17.9,10080,12330,430,240,30,110,430,650,660,50,100,10,760
3142,22800,35,0,Salaried,Tier_1,4710,0,1010,3010,2000,1470,870,800,530,150,920,15470,20.6,4700,7330,140,0,30,90,200,510,260,20,20,0,230
3143,36100,19,0,Salaried,Tier_2,8660,0,1110,3070,3100,1120,610,950,1150,510,980,21260,25.0,9020,14840,260,0,30,90,310,390,180,30,30,20,240
3144,51800,25,1,Freelancer,Tier_1,7560,3360,2540,6600,2960,1680,2140,2900,870,560,2400,33570,31.8,16470,18230,230,100,80,200,300,590,640,90,30,20,600
3145,115000,41,1,Self-Employed,Tier_2,14390,0,4580,8900,3800,8810,3180,5510,6580,4880,6860,67490,31.6,36340,47510,430,0,140,270,380,3080,950,170,200,150,1720
3146,58600,47,3,Self-Employed,Tier_2,16270,0,2080,9230,2710,4150,1470,2900,3690,360,2680,45540,13.7,8030,13060,490,0,60,280,270,1450,440,90,110,10,670
3147,47300,29,0,Salaried,Tier_3,8960,5320,2040,5410,2370,2610,2190,980,1010,650,1950,33490,22.9,10830,13810,270,160,60,160,240,910,660,30,30,20,490
3148,22800,38,3,Salaried,Tier_1,7330,290,450,2360,680,1050,740,1470,530,1440,480,16820,14.4,3280,5980,220,10,10,70,70,370,220,40,20,40,120
3149,57900,37,0,Salaried,Tier_1,13320,0,2540,8050,3830,1360,1200,2690,1330,840,2760,37920,25.8,14940,19980,400,0,80,240,380,480,360,80,40,30,690
3150,111900,26,3,Salaried,Tier_1,35050,15410,1940,18090,7580,8430,5360,5880,6100,370,2750,106960,22.9,25630,4940,1050,460,60,540,760,2950,1610,180,180,10,690
3151,10800,33,4,Salaried,Tier_3,1670,0,300,1560,740,850,160,740,250,980,590,7840,15.1,1630,2960,50,0,10,50,70,300,50,20,10,30,150
3152,136000,39,0,Freelancer,Tier_1,20880,22190,2540,17490,10340,6370,3900,6300,5170,150,6870,102200,19.6,26660,33800,630,670,80,520,1030,2230,1170,190,160,0,1720
3153,15500,22,0,Student,Tier_2,2360,0,170,1800,560,630,330,590,170,60,630,7300,23.3,3610,8200,70,0,10,50,60,220,100,20,10,0,160
3154,231000,34,1,Business Owner,Tier_1,52590,0,8500,18090,10950,19310,2930,14290,3480,3650,12230,146020,10.8,24950,84980,1580,0,260,540,1100,6760,880,430,100,110,3060
3155,34200,46,3,Salaried,Tier_2,7010,4040,1500,5010,2980,1670,1030,1400,480,570,2010,27700,34.8,11900,6500,210,120,40,150,300,580,310,40,10,20,500
3156,63800,45,0,Salaried,Tier_2,18690,11960,2880,6990,3800,4250,1730,2720,1210,730,2790,57750,14.8,9440,6050,560,360,90,210,380,1490,520,80,40,20,700
3157,50500,19,0,Salaried,Tier_3,12380,3430,1420,6390,2310,3120,1960,2500,930,680,1130,36250,30.0,15150,14250,370,100,40,190,230,1090,590,80,30,20,280
3158,5900,41,2,Self-Employed,Tier_3,740,0,280,720,180,180,80,210,210,70,130,2800,21.8,1290,3100,20,0,10,20,20,60,20,10,10,0,30
3159,23200,31,0,Freelancer,Tier_3,3010,570,500,1400,1610,900,880,700,600,370,1180,11720,30.8,7150,11480,90,20,20,40,160,320,260,20,20,10,300
3160,178500,19,3,Salaried,Tier_1,27010,0,4150,30250,6280,10670,4370,10500,10910,1290,9980,115410,22.2,39630,63090,810,0,120,910,630,3730,1310,320,330,40,2500
3161,10000,21,0,Student,Tier_1,1400,0,310,1010,750,660,470,460,250,140,320,5770,20.4,2040,4230,40,0,10,30,80,230,140,10,10,0,80
3162,164500,25,1,Salaried,Tier_1,46020,0,6620,18670,8440,9470,2120,3870,10050,590,6340,112190,31.3,51490,52310,1380,0,200,560,840,3310,640,120,300,20,1580
3163,8200,18,0,Student,Tier_3,1650,0,90,600,660,560,150,310,350,130,350,4850,13.6,1120,3350,50,0,0,20,70,200,40,10,10,0,90
3164,24400,20,0,Student,Tier_1,6720,0,1140,2310,1980,720,820,1240,1240,410,1000,17580,34.3,8370,6820,200,0,30,70,200,250,250,40,40,10,250
3165,82800,37,2,Salaried,Tier_3,15570,0,3090,8250,7350,5010,2030,3140,4120,6820,3190,58570,28.8,23850,24230,470,0,90,250,740,1750,610,90,120,200,800
3166,34800,26,0,Salaried,Tier_1,9950,1000,870,2840,1860,770,1490,1370,360,340,1350,22200,33.7,11730,12600,300,30,30,90,190,270,450,40,10,10,340
3167,41200,42,1,Freelancer,Tier_3,5800,7730,1630,5580,3250,1340,1050,2490,1610,570,1120,32170,14.2,5850,9030,170,230,50,170,320,470,320,70,50,20,280
3168,87200,50,2,Salaried,Tier_2,16650,0,3150,11860,6070,7830,2710,3370,3570,6330,4480,66020,14.5,12640,21180,500,0,90,360,610,2740,810,100,110,190,1120
3169,16500,44,0,Salaried,Tier_2,4160,3340,360,1120,1090,1480,360,790,810,120,900,14530,28.2,4650,1970,120,100,10,30,110,520,110,20,20,0,220
3170,65000,32,4,Salaried,Tier_1,21060,0,1210,8060,4520,4580,1660,4300,4480,3800,1440,55110,14.0,9100,9890,630,0,40,240,450,1600,500,130,130,110,360
3171,78600,49,4,Salaried,Tier_1,13010,15730,2120,13480,4220,3630,2910,4150,4640,5050,2600,71540,24.0,18860,7060,390,470,60,400,420,1270,870,120,140,150,650
3172,82000,21,0,Salaried,Tier_1,19840,0,1280,5910,2770,3530,880,4120,4680,660,3160,46830,12.1,9920,35170,600,0,40,180,280,1240,260,120,140,20,790
3173,46700,31,2,Freelancer,Tier_2,8250,8840,1770,6660,4130,1230,1070,1160,1980,4420,1540,41050,15.3,7150,5650,250,270,50,200,410,430,320,30,60,130,380
3174,152300,31,1,Salaried,Tier_1,25530,0,5200,21090,5860,4030,2270,6050,2140,1600,6120,79890,31.2,47520,72410,770,0,160,630,590,1410,680,180,60,50,1530
3175,80700,23,1,Business Owner,Tier_3,16030,9610,3640,11790,4660,3610,1240,2880,1270,850,2930,58510,14.8,11940,22190,480,290,110,350,470,1260,370,90,40,30,730
3176,14600,19,0,Student,Tier_1,2450,0,680,1540,1020,540,580,720,780,60,490,8860,29.3,4280,5740,70,0,20,50,100,190,170,20,20,0,120
3177,62800,31,0,Salaried,Tier_2,8580,11600,720,8640,5320,4350,2070,3120,3320,900,1490,50110,24.5,15390,12690,260,350,20,260,530,1520,620,90,100,30,370
3178,78800,41,0,Business Owner,Tier_2,23510,0,1730,4840,2730,2370,2300,2720,1010,320,3040,44570,28.3,22300,34230,710,0,50,150,270,830,690,80,30,10,760
3179,91700,35,2,Salaried,Tier_2,12610,0,2840,11510,3190,3830,2120,5170,1420,890,4230,47810,24.9,22830,43890,380,0,90,350,320,1340,640,160,40,30,1060
3180,46300,46,0,Salaried,Tier_3,8780,8110,1670,5800,3610,2840,1580,2710,1290,380,1790,38560,34.2,15830,7740,260,240,50,170,360,990,470,80,40,10,450
3181,80900,33,0,Salaried,Tier_3,18300,5480,1260,7950,7130,3530,4010,4030,1590,560,3510,57350,26.7,21600,23550,550,160,40,240,710,1240,1200,120,50,20,880
3182,100300,26,3,Salaried,Tier_1,34080,0,2450,14570,3820,4640,2170,6800,5640,1460,2680,78310,17.2,17250,21990,1020,0,70,440,380,1620,650,200,170,40,670
3183,20800,21,0,Student,Tier_1,4230,0,920,1640,1540,1770,390,710,310,340,1170,13020,10.9,2270,7780,130,0,30,50,150,620,120,20,10,10,290
3184,93000,34,2,Salaried,Tier_2,22680,0,1600,14680,8060,6690,2310,4890,5070,1690,4890,72560,10.1,9390,20440,680,0,50,440,810,2340,690,150,150,50,1220
3185,78600,61,0,Self-Employed,Tier_1,19100,0,1460,6090,2580,6200,980,3200,3340,120,3600,46670,23.2,18240,31930,570,0,40,180,260,2170,290,100,100,0,900
3186,9100,61,3,Retired,Tier_2,1760,1840,360,1250,570,350,170,370,680,880,510,8740,19.4,1770,360,50,60,10,40,60,120,50,10,20,30,130
3187,41700,60,0,Retired,Tier_1,14310,4150,1520,5240,2340,940,1100,1660,520,210,1530,33520,15.4,6420,8180,430,120,50,160,230,330,330,50,20,10,380
3188,10800,20,0,Student,Tier_2,1830,0,520,1150,770,570,490,470,540,180,330,6850,11.9,1290,3950,50,0,20,30,80,200,150,10,20,10,80
3189,55200,40,0,Freelancer,Tier_1,12040,7000,2260,6910,4390,1840,2040,2770,1480,620,1890,43240,21.8,12030,11960,360,210,70,210,440,640,610,80,40,20,470
3190,59700,32,2,Salaried,Tier_2,12950,0,1410,5690,2660,3090,2550,3720,2950,190,2190,37400,13.9,8300,22300,390,0,40,170,270,1080,760,110,90,10,550
3191,94600,30,1,Salaried,Tier_2,18300,0,3610,8630,5240,4360,3470,5860,1320,7870,4920,63580,27.2,25730,31020,550,0,110,260,520,1530,1040,180,40,240,1230
3192,105300,29,2,Self-Employed,Tier_1,18370,15260,4530,10650,8460,7740,1100,6950,4400,10790,2840,91090,32.0,33700,14210,550,460,140,320,850,2710,330,210,130,320,710
3193,46600,25,2,Self-Employed,Tier_3,11760,5480,1980,4490,3240,3910,1200,2730,1980,420,1530,38720,28.2,13140,7880,350,160,60,130,320,1370,360,80,60,10,380
3194,101900,40,2,Salaried,Tier_2,24690,0,4730,12590,5970,8750,1970,6080,2490,4340,4550,76160,31.2,31790,25740,740,0,140,380,600,3060,590,180,70,130,1140
3195,67900,19,2,Salaried,Tier_2,15070,0,820,6860,5250,1880,3330,4160,1600,1000,3920,43890,15.9,10800,24010,450,0,20,210,520,660,1000,120,50,30,980
3196,11600,23,0,Student,Tier_1,2290,0,440,790,1030,520,460,240,200,190,620,6780,9.3,1080,4820,70,0,10,20,100,180,140,10,10,10,160
3197,126500,19,0,Salaried,Tier_2,35740,5790,1690,12090,11060,7140,4840,7170,4240,1170,5300,96230,19.3,24410,30270,1070,170,50,360,1110,2500,1450,220,130,40,1320
3198,40200,63,1,Retired,Tier_1,6990,1460,770,3660,1400,2240,550,1850,2190,320,1220,22650,22.8,9170,17550,210,40,20,110,140,780,160,60,70,10,300
3199,19900,41,0,Salaried,Tier_2,5560,0,800,2130,1220,1430,650,510,610,80,570,13560,24.1,4800,6340,170,0,20,60,120,500,200,20,20,0,140
3200,38800,19,1,Salaried,Tier_1,9600,0,1570,3580,1820,3400,1690,1320,1380,220,1850,26430,29.4,11410,12370,290,0,50,110,180,1190,510,40,40,10,460
3201,111500,28,0,Salaried,Tier_1,34290,0,3090,7830,4620,5690,1570,2880,1710,710,6410,68800,28.6,31890,42700,1030,0,90,230,460,1990,470,90,50,20,1600
3202,26700,31,0,Freelancer,Tier_2,6580,120,990,2140,1920,2250,840,1500,380,190,740,17650,14.6,3900,9050,200,0,30,60,190,790,250,40,10,10,180
3203,81900,43,1,Self-Employed,Tier_3,23720,12970,2460,5570,2530,3000,3460,5220,4350,880,3230,67390,26.8,21950,14510,710,390,70,170,250,1050,1040,160,130,30,810
3204,55500,42,1,Self-Employed,Tier_2,15790,0,2080,6340,4400,3970,970,3410,2620,190,2530,42300,8.9,4940,13200,470,0,60,190,440,1390,290,100,80,10,630
3205,78400,21,1,Freelancer,Tier_3,19010,9200,2660,6320,2430,5180,3070,3430,1840,1380,2330,56850,9.9,7760,21550,570,280,80,190,240,1810,920,100,60,40,580
3206,96800,39,2,Salaried,Tier_3,14940,12980,4030,8080,8520,4500,3970,4410,6030,10760,3530,81750,31.9,30880,15050,450,390,120,240,850,1580,1190,130,180,320,880
3207,70200,42,3,Business Owner,Tier_3,17730,13350,3030,7230,5780,6650,3020,4360,4760,4870,2140,72920,15.7,11020,-2720,530,400,90,220,580,2330,910,130,140,150,540
3208,89500,31,3,Salaried,Tier_1,16440,8910,4390,15260,7330,7120,1910,5220,4770,100,2230,73680,32.6,29180,15820,490,270,130,460,730,2490,570,160,140,0,560
3209,4500,26,0,Self-Employed,Tier_3,1170,0,120,550,220,190,170,150,190,30,260,3050,12.7,570,1450,40,0,0,20,20,70,50,0,10,0,60
3210,100300,29,3,Salaried,Tier_2,23470,0,2540,9230,4120,3900,3620,3640,5230,1800,2340,59890,29.1,29190,40410,700,0,80,280,410,1360,1090,110,160,50,580
3211,237500,19,1,Business Owner,Tier_1,66570,14510,11860,27130,10410,24750,5810,8890,8190,2510,6410,187040,35.0,83120,50460,2000,440,360,810,1040,8660,1740,270,250,80,1600
3212,16800,38,1,Freelancer,Tier_1,3360,0,650,1260,540,790,240,730,470,240,370,8650,11.3,1900,8150,100,0,20,40,50,280,70,20,10,10,90
3213,88800,41,0,Salaried,Tier_1,30050,0,1370,6540,3260,5950,3970,4420,3450,100,1870,60980,14.6,12960,27820,900,0,40,200,330,2080,1190,130,100,0,470
3214,15300,38,1,Salaried,Tier_2,3590,460,590,1410,1270,850,230,980,570,580,410,10940,10.7,1640,4360,110,10,20,40,130,300,70,30,20,20,100
3215,81600,26,0,Salaried,Tier_3,21880,10430,1550,5820,2900,3510,2380,3730,4900,1160,4290,62550,31.1,25380,19050,660,310,50,170,290,1230,710,110,150,30,1070
3216,260700,42,1,Business Owner,Tier_1,42480,37430,9360,32380,9730,25050,7490,12460,10380,2710,9450,198920,8.6,22420,61780,1270,1120,280,970,970,8770,2250,370,310,80,2360
3217,68700,33,0,Salaried,Tier_3,10830,0,1880,6570,2270,4580,990,3910,3910,1190,3230,39360,32.4,22260,29340,320,0,60,200,230,1600,300,120,120,40,810
3218,105300,39,2,Self-Employed,Tier_1,28650,690,1160,12670,7150,8770,1860,6190,2110,1310,4480,75040,13.5,14220,30260,860,20,30,380,720,3070,560,190,60,40,1120
3219,241600,23,0,Salaried,Tier_1,50880,36550,6900,28350,20010,12030,11560,5530,14260,2020,12640,200730,32.0,77310,40870,1530,1100,210,850,2000,4210,3470,170,430,60,3160
3220,95500,45,2,Salaried,Tier_1,15760,16760,1900,13270,4640,6120,2690,2410,4810,190,4030,72580,31.4,29990,22920,470,500,60,400,460,2140,810,70,140,10,1010
3221,4500,44,0,Self-Employed,Tier_3,1120,0,70,520,280,240,50,90,140,10,250,2770,29.2,1310,1730,30,0,0,20,30,80,20,0,0,0,60
3222,71500,23,1,Self-Employed,Tier_1,20940,0,1690,7970,4370,5460,770,1590,2060,830,3170,48850,13.0,9300,22650,630,0,50,240,440,1910,230,50,60,20,790
3223,53100,56,0,Salaried,Tier_1,15860,7910,2320,3800,1990,2550,1620,1730,1180,260,3180,42400,14.1,7490,10700,480,240,70,110,200,890,490,50,40,10,800
3224,60300,47,3,Self-Employed,Tier_3,12770,2620,890,10360,2450,5340,720,2510,1320,4650,2170,45800,17.1,10310,14500,380,80,30,310,240,1870,220,80,40,140,540
3225,23100,33,2,Self-Employed,Tier_3,4290,2970,670,2160,1030,1730,550,570,1590,120,1120,16800,26.0,6010,6300,130,90,20,60,100,610,160,20,50,0,280
3226,4500,31,1,Business Owner,Tier_3,1150,0,110,420,210,340,80,200,70,10,170,2760,26.8,1210,1740,30,0,0,10,20,120,20,10,0,0,40
3227,48100,19,0,Freelancer,Tier_3,6990,6730,1130,4810,2770,3900,780,2790,2660,770,2550,35880,19.1,9190,12220,210,200,30,140,280,1360,230,80,80,20,640
3228,37000,30,0,Salaried,Tier_3,4590,0,1660,5100,2290,2490,1420,840,1170,360,1970,21890,21.7,8030,15110,140,0,50,150,230,870,430,30,40,10,490
3229,8100,19,0,Student,Tier_1,1390,0,380,870,670,380,160,200,110,140,280,4580,30.4,2460,3520,40,0,10,30,70,130,50,10,0,0,70
3230,67000,42,0,Freelancer,Tier_1,20620,0,1210,7130,5520,1710,1730,2130,2210,1080,2320,45660,34.6,23180,21340,620,0,40,210,550,600,520,60,70,30,580
3231,110300,37,1,Salaried,Tier_1,35980,0,2600,16250,4270,6100,4290,6360,3470,300,5540,85160,31.5,34740,25140,1080,0,80,490,430,2140,1290,190,100,10,1380
3232,165500,19,3,Salaried,Tier_1,46390,27350,7630,18910,5100,5770,4190,6900,6070,1330,3870,133510,19.4,32110,31990,1390,820,230,570,510,2020,1260,210,180,40,970
3233,61700,19,0,Freelancer,Tier_2,9440,0,2200,8290,2690,2460,1660,3500,2170,350,2080,34840,13.0,8020,26860,280,0,70,250,270,860,500,100,70,10,520
3234,27600,27,0,Self-Employed,Tier_3,4380,4250,730,3730,1020,2880,1320,1590,940,380,600,21820,13.8,3810,5780,130,130,20,110,100,1010,400,50,30,10,150
3235,338000,36,2,Business Owner,Tier_1,53630,0,14300,44340,28810,25460,15370,17690,16420,3820,12070,231910,21.8,73680,106090,1610,0,430,1330,2880,8910,4610,530,490,110,3020
3236,144300,36,0,Salaried,Tier_1,45480,0,3210,17880,4550,11490,6500,4060,2660,740,5990,102560,19.6,28280,41740,1360,0,100,540,460,4020,1950,120,80,20,1500
3237,25600,34,4,Salaried,Tier_2,4960,4210,600,3200,1470,2300,310,1910,1650,140,1010,21760,12.3,3150,3840,150,130,20,100,150,800,90,60,50,0,250
3238,6000,47,0,Business Owner,Tier_2,1740,610,160,530,470,640,170,150,140,100,160,4870,11.0,660,1130,50,20,0,20,50,220,50,0,0,0,40
3239,128100,42,2,Business Owner,Tier_2,21260,0,5010,10990,9140,9470,1730,5530,5480,13960,4730,87300,16.1,20620,40800,640,0,150,330,910,3310,520,170,160,420,1180
3240,50200,19,0,Self-Employed,Tier_1,7670,6210,910,5570,1560,5400,950,1480,790,360,1840,32740,21.0,10540,17460,230,190,30,170,160,1890,280,40,20,10,460
3241,14600,46,0,Salaried,Tier_3,3800,280,460,1510,780,700,380,400,870,140,650,9970,19.3,2820,4630,110,10,10,50,80,240,110,10,30,0,160
3242,8100,34,1,Self-Employed,Tier_1,1760,990,290,540,370,740,330,210,260,380,370,6240,34.6,2800,1860,50,30,10,20,40,260,100,10,10,10,90
3243,63900,28,0,Salaried,Tier_3,9900,13150,860,7970,4920,5450,1380,2590,700,650,1290,48860,30.8,19680,15040,300,390,30,240,490,1910,410,80,20,20,320
3244,79400,43,0,Self-Employed,Tier_1,27300,13660,3490,5840,6020,3530,2250,4210,2930,860,2040,72130,23.3,18500,7270,820,410,100,180,600,1240,680,130,90,30,510
3245,7900,22,1,Salaried,Tier_2,1430,0,370,1110,530,350,310,480,170,10,200,4960,28.2,2230,2940,40,0,10,30,50,120,90,10,10,0,50
3246,104400,35,0,Salaried,Tier_1,32340,8450,3720,9810,5850,2430,1510,4250,1480,370,3920,74130,23.8,24850,30270,970,250,110,290,580,850,450,130,40,10,980
3247,98800,23,0,Salaried,Tier_1,33960,0,2380,10280,4450,5930,3500,3740,4600,1130,2210,72180,11.1,10970,26620,1020,0,70,310,440,2080,1050,110,140,30,550
3248,126800,34,2,Business Owner,Tier_3,22560,0,5590,11910,5280,6980,3530,7500,2740,13540,4170,83800,16.4,20800,43000,680,0,170,360,530,2440,1060,220,80,410,1040
3249,56800,33,0,Salaried,Tier_1,10040,7640,2310,6990,3970,2920,890,1710,1710,820,1880,40880,28.6,16240,15920,300,230,70,210,400,1020,270,50,50,20,470
3250,10600,21,0,Student,Tier_2,2730,1570,270,1100,600,440,200,600,630,110,310,8560,17.8,1890,2040,80,50,10,30,60,150,60,20,20,0,80
3251,200400,48,2,Business Owner,Tier_2,39400,0,2160,26570,6990,17440,7400,12500,10290,770,5450,128970,8.6,17230,71430,1180,0,60,800,700,6100,2220,380,310,20,1360
3252,15100,19,0,Student,Tier_2,2930,0,270,940,1110,590,230,540,530,170,740,8050,28.1,4240,7050,90,0,10,30,110,210,70,20,20,10,180
3253,78500,62,2,Salaried,Tier_1,12080,0,3040,10820,5110,1970,990,2960,2030,3560,3300,45860,22.3,17510,32640,360,0,90,320,510,690,300,90,60,110,820
3254,8300,32,0,Salaried,Tier_3,1640,0,260,910,280,180,250,320,180,80,320,4420,21.3,1770,3880,50,0,10,30,30,60,80,10,10,0,80
3255,62600,49,1,Freelancer,Tier_3,17120,5120,1760,5580,5260,4570,2580,2040,2560,2760,2530,51880,33.7,21100,10720,510,150,50,170,530,1600,770,60,80,80,630
3256,146100,41,1,Business Owner,Tier_1,33930,0,5250,12800,8860,9780,1500,3910,7580,1120,3210,87940,22.5,32870,58160,1020,0,160,380,890,3420,450,120,230,30,800
3257,6000,31,2,Freelancer,Tier_2,1480,0,270,840,340,440,160,140,80,550,180,4480,20.9,1250,1520,40,0,10,30,30,150,50,0,0,20,40
3258,46400,50,1,Self-Employed,Tier_1,12020,0,1640,5740,1990,4090,1660,1020,2330,180,2590,33260,14.2,6590,13140,360,0,50,170,200,1430,500,30,70,10,650
3259,92100,48,5,Salaried,Tier_3,15320,16510,4360,12320,6440,8180,1150,5830,6460,3430,3120,83120,11.5,10590,8980,460,500,130,370,640,2860,340,170,190,100,780
3260,67100,46,1,Salaried,Tier_2,10140,9610,2210,4910,4880,2970,3060,2580,2610,6500,3300,52770,29.7,19930,14330,300,290,70,150,490,1040,920,80,80,200,820
3261,31500,35,2,Salaried,Tier_3,4370,0,1010,3520,1540,2700,1160,900,960,1550,1740,19450,19.1,6020,12050,130,0,30,110,150,940,350,30,30,50,440
3262,123100,38,4,Salaried,Tier_1,33250,0,4860,14130,5410,6600,3120,5790,8950,950,6300,89360,13.9,17110,33740,1000,0,150,420,540,2310,940,170,270,30,1580
3263,39400,49,0,Salaried,Tier_1,10020,710,1780,3880,2550,2190,1790,2200,1750,70,1860,28800,9.8,3860,10600,300,20,50,120,260,770,540,70,50,0,460
3264,50300,29,0,Self-Employed,Tier_2,13940,0,1770,5070,4270,3260,560,2200,530,150,1460,33210,24.4,12270,17090,420,0,50,150,430,1140,170,70,20,0,360
3265,67200,36,2,Salaried,Tier_2,9620,2810,3120,7730,3290,3890,2590,1860,2440,420,2390,40160,28.1,18880,27040,290,80,90,230,330,1360,780,60,70,10,600
3266,28300,30,1,Freelancer,Tier_3,5650,0,720,2120,1390,2490,880,1340,920,330,1590,17430,21.8,6170,10870,170,0,20,60,140,870,260,40,30,10,400
3267,73000,37,3,Salaried,Tier_3,11790,11480,2990,12240,5190,1650,1110,4130,4620,5850,4050,65100,14.1,10290,7900,350,340,90,370,520,580,330,120,140,180,1010
3268,56200,21,1,Business Owner,Tier_3,9830,10520,2650,6110,2750,5750,1210,3270,1520,770,2540,46920,32.9,18490,9280,290,320,80,180,280,2010,360,100,50,20,640
3269,46700,48,3,Salaried,Tier_2,11910,4210,1510,3830,4120,4200,860,2530,960,1720,1100,36950,31.3,14620,9750,360,130,50,110,410,1470,260,80,30,50,280
3270,73200,35,2,Freelancer,Tier_2,15640,0,1610,7040,4700,1770,3560,1780,2110,1050,2150,41410,24.5,17930,31790,470,0,50,210,470,620,1070,50,60,30,540
3271,66100,19,2,Salaried,Tier_3,13020,0,2520,8970,5260,2080,3160,1780,1410,940,2150,41290,26.2,17320,24810,390,0,80,270,530,730,950,50,40,30,540
3272,124500,36,1,Self-Employed,Tier_1,40490,0,4550,9420,4870,7230,2500,3870,4130,2290,5530,84880,12.2,15190,39620,1210,0,140,280,490,2530,750,120,120,70,1380
3273,32600,58,2,Retired,Tier_1,9780,0,570,5210,1840,810,390,2130,2220,540,1920,25410,31.7,10330,7190,290,0,20,160,180,280,120,60,70,20,480
3274,94000,41,1,Self-Employed,Tier_3,27920,16030,2640,8160,3980,2990,1330,4660,1380,1140,5170,75400,23.0,21620,18600,840,480,80,240,400,1050,400,140,40,30,1290
3275,92200,30,1,Freelancer,Tier_2,19380,0,2140,12320,6980,4160,3100,2470,4140,4750,2710,62150,13.5,12450,30050,580,0,60,370,700,1460,930,70,120,140,680
3276,79000,40,1,Self-Employed,Tier_1,24930,17150,3560,10320,2420,2220,850,4790,3870,660,3390,74160,15.9,12560,4840,750,510,110,310,240,780,260,140,120,20,850
3277,25800,25,2,Salaried,Tier_1,5930,20,820,2790,2230,630,1270,1100,610,40,660,16100,31.2,8050,9700,180,0,20,80,220,220,380,30,20,0,160
3278,172800,24,0,Business Owner,Tier_1,59090,16100,7960,11900,14180,8140,1760,4100,2990,2130,8620,136970,31.8,54950,35830,1770,480,240,360,1420,2850,530,120,90,60,2160
3279,17700,20,0,Student,Tier_2,2870,0,870,2470,780,530,250,860,900,140,380,10050,27.0,4780,7650,90,0,30,70,80,190,80,30,30,0,100
3280,32500,38,1,Self-Employed,Tier_3,7080,0,1090,2640,1660,2160,1200,1050,1950,430,1230,20490,32.8,10660,12010,210,0,30,80,170,760,360,30,60,10,310
3281,9000,22,0,Student,Tier_2,1940,0,170,630,540,300,140,370,380,40,250,4760,26.9,2420,4240,60,0,10,20,50,100,40,10,10,0,60
3282,8100,30,2,Salaried,Tier_1,1650,1440,90,1260,580,440,200,260,550,900,300,7670,30.5,2470,430,50,40,0,40,60,150,60,10,20,30,80
3283,41200,35,0,Salaried,Tier_2,7000,0,1550,5320,2400,2410,1260,1520,1960,550,1960,25930,32.7,13470,15270,210,0,50,160,240,840,380,50,60,20,490
3284,39100,23,3,Salaried,Tier_3,8200,2430,1170,4340,2270,2030,650,1740,2690,410,1320,27250,20.2,7900,11850,250,70,40,130,230,710,200,50,80,10,330
3285,162000,49,0,Salaried,Tier_1,42190,33350,3500,21220,13580,7960,2670,8910,2110,280,4170,139940,17.3,28030,22060,1270,1000,100,640,1360,2790,800,270,60,10,1040
3286,14200,49,3,Freelancer,Tier_1,4640,1590,470,1390,1270,990,410,1010,760,10,400,12940,31.3,4440,1260,140,50,10,40,130,350,120,30,20,0,100
3287,109600,40,0,Salaried,Tier_2,20650,0,2840,6630,8020,6580,3730,3260,4090,50,5120,60970,29.0,31780,48630,620,0,90,200,800,2300,1120,100,120,0,1280
3288,107300,47,0,Self-Employed,Tier_3,19210,0,3590,11630,5850,3120,5080,3950,5280,310,6340,64360,32.1,34440,42940,580,0,110,350,580,1090,1520,120,160,10,1580
3289,38000,62,2,Salaried,Tier_2,8860,2050,610,5770,2190,3410,780,1870,1670,210,1640,29060,17.8,6760,8940,270,60,20,170,220,1190,230,60,50,10,410
3290,28600,27,1,Salaried,Tier_3,5090,0,360,2590,2140,1950,960,780,1130,200,1480,16680,20.5,5860,11920,150,0,10,80,210,680,290,20,30,10,370
3291,84300,33,2,Salaried,Tier_2,18500,0,4190,9710,4310,7160,2820,5860,3650,8330,3820,68350,26.5,22340,15950,560,0,130,290,430,2510,850,180,110,250,960
3292,40300,22,1,Salaried,Tier_2,8820,7330,550,3710,2550,1090,1690,2330,520,610,1140,30340,12.3,4960,9960,260,220,20,110,260,380,510,70,20,20,280
3293,67900,38,2,Salaried,Tier_1,20340,0,1510,5240,5540,2220,2050,3680,4430,4860,1900,51770,28.3,19220,16130,610,0,50,160,550,780,620,110,130,150,480
3294,246000,36,0,Business Owner,Tier_1,41770,0,7960,19300,12490,18890,4050,12240,6340,3470,5760,132270,29.2,71830,113730,1250,0,240,580,1250,6610,1220,370,190,100,1440
3295,42800,30,0,Self-Employed,Tier_2,8340,1010,810,3680,1850,4050,660,940,570,70,1950,23930,32.0,13700,18870,250,30,20,110,180,1420,200,30,20,0,490
3296,8100,22,0,Student,Tier_1,1220,0,290,590,310,520,320,410,400,60,470,4590,33.6,2720,3510,40,0,10,20,30,180,100,10,10,0,120
3297,113400,30,0,Salaried,Tier_1,36960,1180,2710,7270,7410,6850,1440,5120,3750,660,2400,75750,29.7,33680,37650,1110,40,80,220,740,2400,430,150,110,20,600
3298,244300,27,0,Business Owner,Tier_1,69120,5770,10520,28840,12370,23080,3550,6510,8600,3420,14000,185780,9.6,23450,58520,2070,170,320,870,1240,8080,1060,200,260,100,3500
3299,59300,19,1,Self-Employed,Tier_1,14140,7280,1630,6860,2790,6180,1760,3570,980,100,1840,47130,11.0,6520,12170,420,220,50,210,280,2160,530,110,30,0,460
3300,128400,19,1,Salaried,Tier_1,19430,0,4140,17130,6130,9060,3030,6080,7050,1080,7070,80200,33.9,43530,48200,580,0,120,510,610,3170,910,180,210,30,1770
3301,31700,42,2,Business Owner,Tier_1,5580,0,560,4360,2320,2030,330,1870,1860,3240,1770,23920,22.9,7260,7780,170,0,20,130,230,710,100,60,60,100,440
3302,101400,42,0,Salaried,Tier_2,29240,0,3150,8770,6400,2740,2520,3850,1440,1790,3820,63720,20.2,20480,37680,880,0,90,260,640,960,760,120,40,50,960
3303,61300,19,0,Self-Employed,Tier_3,8140,0,2350,4190,1960,2360,2480,1840,2060,1020,3030,29430,14.3,8770,31870,240,0,70,130,200,830,740,60,60,30,760
3304,115000,25,1,Salaried,Tier_1,33040,23560,4150,13030,9590,9700,3120,2490,6340,660,3500,109180,20.6,23690,5820,990,710,120,390,960,3400,940,70,190,20,880
3305,105300,24,1,Salaried,Tier_2,30200,5490,3540,9380,7870,3350,2730,4160,2370,1690,2510,73290,34.0,35800,32010,910,160,110,280,790,1170,820,120,70,50,630
3306,75800,36,4,Self-Employed,Tier_2,13250,0,3540,13220,4880,7190,2630,3850,3360,930,1790,54640,18.0,13640,21160,400,0,110,400,490,2520,790,120,100,30,450
3307,40500,42,1,Self-Employed,Tier_3,5450,0,800,6010,3430,3260,1200,1650,2190,2630,1880,28500,29.2,11830,12000,160,0,20,180,340,1140,360,50,70,80,470
3308,109800,37,0,Business Owner,Tier_2,28570,22990,1720,9390,5260,10160,1330,5010,5800,1870,4980,97080,8.7,9550,12720,860,690,50,280,530,3560,400,150,170,60,1240
3309,107300,60,0,Retired,Tier_1,24050,0,5090,14150,8460,7710,4220,5840,3870,1450,4100,78940,20.4,21890,28360,720,0,150,420,850,2700,1270,180,120,40,1020
3310,57300,34,1,Self-Employed,Tier_1,19770,10360,1510,7080,4980,3760,2860,1710,2160,4350,2890,61430,8.9,5100,-4130,590,310,50,210,500,1320,860,50,60,130,720
3311,66100,37,4,Freelancer,Tier_1,20720,0,1790,8360,3010,3050,2710,1900,1760,1970,2510,47780,32.7,21610,18320,620,0,50,250,300,1070,810,60,50,60,630
3312,111300,29,1,Freelancer,Tier_1,23610,0,3220,10320,8260,9300,1160,3640,4300,1790,2890,68490,22.5,25040,42810,710,0,100,310,830,3260,350,110,130,50,720
3313,69500,49,2,Freelancer,Tier_1,23060,2650,2040,10790,5330,4720,2290,3910,2790,5670,1680,64930,28.4,19740,4570,690,80,60,320,530,1650,690,120,80,170,420
3314,66800,29,2,Salaried,Tier_2,18230,6850,1800,10470,4070,5090,2390,3360,3060,1190,3710,60220,13.7,9150,6580,550,210,50,310,410,1780,720,100,90,40,930
3315,102600,56,1,Business Owner,Tier_1,35310,7450,2910,14680,3440,8400,3870,4030,5090,5960,3730,94870,21.7,22260,7730,1060,220,90,440,340,2940,1160,120,150,180,930
3316,66900,31,0,Self-Employed,Tier_2,13630,5560,730,4380,4830,2040,3220,2250,850,540,2790,40820,23.5,15720,26080,410,170,20,130,480,710,970,70,30,20,700
3317,90600,21,1,Self-Employed,Tier_3,11820,10900,1620,13160,4200,3750,1130,5430,3530,1120,4900,61560,24.0,21740,29040,350,330,50,390,420,1310,340,160,110,30,1220
3318,40000,60,1,Retired,Tier_1,9580,0,710,5150,1360,1990,1230,1140,450,4620,1130,27360,27.8,11120,12640,290,0,20,150,140,700,370,30,10,140,280
3319,53000,43,1,Salaried,Tier_3,14110,6820,1640,5540,2020,2030,2480,2080,3300,740,1520,42280,30.0,15900,10720,420,200,50,170,200,710,740,60,100,20,380
3320,129100,30,1,Self-Employed,Tier_2,21560,5600,6030,18560,9720,4250,6170,7090,3730,2790,4940,90440,26.7,34470,38660,650,170,180,560,970,1490,1850,210,110,80,1240
3321,132000,43,0,Salaried,Tier_1,41680,10630,2640,10910,9000,10320,4380,6040,2740,1050,5720,105110,20.2,26660,26890,1250,320,80,330,900,3610,1310,180,80,30,1430
3322,121800,30,1,Salaried,Tier_1,38250,11590,5560,8680,6220,9500,5560,6940,2210,9920,7100,111530,34.4,41900,10270,1150,350,170,260,620,3320,1670,210,70,300,1780
3323,293500,20,1,Business Owner,Tier_2,47990,38150,11170,20230,22670,19410,9710,11830,14660,940,6060,202820,29.9,87760,90680,1440,1140,340,610,2270,6790,2910,350,440,30,1520
3324,84900,55,3,Salaried,Tier_3,18120,16020,1820,11440,5630,4640,1550,4110,2520,5000,2270,73120,15.8,13410,11780,540,480,50,340,560,1620,460,120,80,150,570
3325,41600,36,0,Salaried,Tier_3,7020,0,1140,3340,1640,2160,1080,1270,2330,130,1740,21850,20.9,8690,19750,210,0,30,100,160,760,320,40,70,0,440
3326,111200,47,1,Salaried,Tier_1,28260,14250,2060,15190,5150,2540,1160,3210,5290,1900,6530,85540,33.4,37140,25660,850,430,60,460,520,890,350,100,160,60,1630
3327,95800,27,4,Business Owner,Tier_1,13940,4890,4640,11460,3120,2650,3990,3450,2160,1070,4220,55590,25.2,24140,40210,420,150,140,340,310,930,1200,100,60,30,1060
3328,38600,31,2,Salaried,Tier_2,7970,8320,1320,2870,2320,1580,570,2260,2140,1440,1060,31850,19.3,7450,6750,240,250,40,90,230,550,170,70,60,40,260
3329,42200,24,1,Salaried,Tier_3,5090,2160,880,4380,3040,2090,1690,2010,1690,200,1250,24480,10.0,4220,17720,150,60,30,130,300,730,510,60,50,10,310
3330,55000,33,1,Freelancer,Tier_1,9040,0,1430,5020,2780,2600,1900,3500,3530,4060,2760,36620,20.9,11500,18380,270,0,40,150,280,910,570,100,110,120,690
3331,41400,76,2,Retired,Tier_3,6740,4100,600,3240,3620,3560,450,2570,2240,1190,2420,30730,22.1,9150,10670,200,120,20,100,360,1250,140,80,70,40,600
3332,69100,38,0,Self-Employed,Tier_1,11310,2340,1360,7860,5120,2120,2220,2740,3770,990,1530,41360,21.4,14790,27740,340,70,40,240,510,740,670,80,110,30,380
3333,71400,45,4,Salaried,Tier_1,15540,0,2520,7260,3760,6260,2410,2920,1630,1050,1920,45270,11.7,8350,26130,470,0,80,220,380,2190,720,90,50,30,480
3334,16300,18,0,Student,Tier_1,3050,0,190,2130,1160,570,250,760,430,30,750,9320,33.0,5380,6980,90,0,10,60,120,200,80,20,10,0,190
3335,24400,20,0,Student,Tier_2,5660,0,1030,2820,1800,1370,330,1210,1110,410,770,16510,32.6,7950,7890,170,0,30,80,180,480,100,40,30,10,190
3336,74900,23,1,Business Owner,Tier_1,13850,13360,2220,5900,4550,5000,1200,4080,1700,660,2280,54800,22.8,17080,20100,420,400,70,180,460,1750,360,120,50,20,570
3337,15800,23,0,Freelancer,Tier_3,2130,3270,380,1920,1040,630,620,410,940,260,610,12210,14.0,2210,3590,60,100,10,60,100,220,190,10,30,10,150
3338,87900,39,2,Salaried,Tier_2,13920,0,2120,14190,5000,5650,3770,2930,3780,970,5170,57500,13.3,11690,30400,420,0,60,430,500,1980,1130,90,110,30,1290
3339,22100,19,0,Student,Tier_1,4200,0,840,2410,1250,990,610,760,340,350,520,12270,24.8,5480,9830,130,0,30,70,120,350,180,20,10,10,130
3340,72500,48,0,Salaried,Tier_2,16950,12710,1700,5060,3630,4250,1050,3700,3290,320,2210,54870,10.1,7320,17630,510,380,50,150,360,1490,320,110,100,10,550
3341,83800,43,1,Salaried,Tier_1,13860,0,4000,7080,6630,7530,3690,4090,4410,60,4360,55710,22.6,18940,28090,420,0,120,210,660,2640,1110,120,130,0,1090
3342,38700,19,0,Business Owner,Tier_3,4760,0,1030,3200,3390,2250,740,1690,1570,600,1260,20490,19.6,7590,18210,140,0,30,100,340,790,220,50,50,20,320
3343,6000,18,0,Student,Tier_2,740,820,190,640,250,480,140,320,130,100,210,4020,11.5,690,1980,20,20,10,20,20,170,40,10,0,0,50
3344,6000,22,2,Business Owner,Tier_2,1460,170,230,460,270,620,60,250,180,20,160,3880,24.2,1450,2120,40,10,10,10,30,220,20,10,10,0,40
3345,39500,62,2,Retired,Tier_3,10180,8520,930,6400,2100,3080,1620,2420,2580,570,1750,40150,12.0,4740,-650,310,260,30,190,210,1080,490,70,80,20,440
3346,19500,46,0,Business Owner,Tier_3,4190,20,550,1480,770,530,200,800,950,190,1060,10740,25.8,5030,8760,130,0,20,40,80,190,60,20,30,10,260
3347,11000,20,0,Student,Tier_1,1570,0,360,1130,770,390,450,490,110,170,540,5980,12.4,1360,5020,50,0,10,30,80,140,140,10,0,10,140
3348,4500,21,0,Student,Tier_3,1330,900,70,630,290,290,80,190,60,70,240,4150,10.6,480,350,40,30,0,20,30,100,20,10,0,0,60
3349,147900,41,3,Salaried,Tier_1,38760,0,3270,18080,4670,12670,5270,8800,7170,1790,8590,109070,30.5,45110,38830,1160,0,100,540,470,4430,1580,260,220,50,2150
3350,58600,30,0,Salaried,Tier_3,10560,0,2290,7220,4250,2310,900,1680,1540,850,1560,33160,10.1,5920,25440,320,0,70,220,420,810,270,50,50,30,390
3351,6800,20,0,Student,Tier_2,1000,0,100,830,580,310,230,210,170,110,210,3750,14.0,950,3050,30,0,0,20,60,110,70,10,10,0,50
3352,5900,43,2,Self-Employed,Tier_3,1610,1290,60,950,320,360,180,400,340,500,170,6180,8.8,520,-280,50,40,0,30,30,130,50,10,10,20,40
3353,54500,46,3,Self-Employed,Tier_2,8590,1430,2340,4610,2330,3660,1760,1630,1160,2100,2050,31660,22.0,11990,22840,260,40,70,140,230,1280,530,50,30,60,510
3354,58400,42,2,Salaried,Tier_2,16680,0,1590,5230,5190,1750,890,3590,3750,140,2140,40950,10.1,5900,17450,500,0,50,160,520,610,270,110,110,0,540
3355,91900,39,1,Salaried,Tier_2,23520,0,970,12030,3350,5940,2230,2480,2270,500,2300,55590,22.6,20770,36310,710,0,30,360,340,2080,670,70,70,20,580
3356,6000,28,3,Salaried,Tier_2,1470,0,120,510,400,230,160,300,360,20,320,3890,26.0,1560,2110,40,0,0,20,40,80,50,10,10,0,80
3357,72700,33,0,Business Owner,Tier_2,14270,0,2800,6850,2820,4750,3060,3440,4080,1290,2400,45760,26.7,19410,26940,430,0,80,210,280,1660,920,100,120,40,600
3358,27800,30,1,Salaried,Tier_2,6730,0,320,3120,1100,2190,780,960,1220,2510,1660,20590,22.7,6310,7210,200,0,10,90,110,770,230,30,40,80,420
3359,70100,30,2,Salaried,Tier_1,10270,0,2080,7390,3140,5950,3120,4780,3830,660,2060,43280,11.5,8060,26820,310,0,60,220,310,2080,940,140,110,20,520
3360,56700,51,2,Salaried,Tier_3,15740,0,2050,7290,5040,4350,2440,1670,3270,3090,2380,47320,32.0,18140,9380,470,0,60,220,500,1520,730,50,100,90,600
3361,90400,33,1,Freelancer,Tier_1,21150,16710,3520,10830,3420,2370,2210,2710,2180,880,2030,68010,23.4,21150,22390,630,500,110,320,340,830,660,80,70,30,510
3362,72000,35,2,Salaried,Tier_1,11780,6090,920,8580,3390,5200,880,2970,4560,3300,3470,51140,19.7,14180,20860,350,180,30,260,340,1820,260,90,140,100,870
3363,153300,48,1,Business Owner,Tier_3,20750,33580,3490,21430,13010,14510,4490,5120,8150,1190,4930,130650,17.8,27290,22650,620,1010,100,640,1300,5080,1350,150,240,40,1230
3364,49100,31,3,Salaried,Tier_2,6130,6130,1160,8100,1640,3170,890,2050,2050,1420,1390,34130,31.3,15370,14970,180,180,30,240,160,1110,270,60,60,40,350
3365,74500,30,2,Salaried,Tier_1,11000,0,760,8600,4080,2170,3140,3910,1000,2200,2200,39060,18.7,13930,35440,330,0,20,260,410,760,940,120,30,70,550
3366,106200,28,3,Freelancer,Tier_1,24230,0,3640,10730,5640,5330,1250,4400,6310,1410,4600,67540,15.5,16460,38660,730,0,110,320,560,1870,380,130,190,40,1150
3367,37500,70,3,Retired,Tier_3,5760,4620,1290,4880,1470,2470,580,1530,2600,300,1210,26710,29.0,10880,10790,170,140,40,150,150,860,170,50,80,10,300
3368,139900,26,3,Self-Employed,Tier_1,20410,0,2700,13640,4310,10940,5370,6110,10200,2290,5960,81930,11.3,15810,57970,610,0,80,410,430,3830,1610,180,310,70,1490
3369,4500,21,0,Student,Tier_3,760,0,80,540,200,170,110,180,140,50,140,2370,32.6,1470,2130,20,0,0,20,20,60,30,10,0,0,40
3370,18600,50,0,Freelancer,Tier_3,5500,2510,460,1810,1290,400,550,990,420,30,860,14820,31.9,5930,3780,160,80,10,50,130,140,160,30,10,0,220
3371,31200,63,0,Retired,Tier_1,7150,430,350,3610,1930,990,500,1760,1220,390,710,19040,20.9,6520,12160,210,10,10,110,190,350,150,50,40,10,180
3372,45200,57,3,Retired,Tier_2,5580,8370,1680,6700,3040,3810,1820,2070,2790,360,2080,38300,26.6,12020,6900,170,250,50,200,300,1330,550,60,80,10,520
3373,120900,25,2,Salaried,Tier_1,27000,15480,1520,17910,4110,9120,5390,5620,5820,380,6800,99150,29.2,35300,21750,810,460,50,540,410,3190,1620,170,170,10,1700
3374,28400,42,3,Freelancer,Tier_1,6850,0,840,3080,1060,1410,880,1560,1940,280,1300,19200,15.2,4320,9200,210,0,30,90,110,490,260,50,60,10,320
3375,67600,23,0,Salaried,Tier_3,19460,0,2870,7360,3840,2610,960,1650,1290,50,3990,44080,22.1,14940,23520,580,0,90,220,380,910,290,50,40,0,1000
3376,22900,27,0,Student,Tier_2,3440,0,930,1760,1750,2050,510,690,260,210,1120,12720,12.3,2820,10180,100,0,30,50,180,720,150,20,10,10,280
3377,94500,30,3,Salaried,Tier_3,17170,0,4440,9080,8230,3950,1650,3400,1640,9890,3060,62510,30.1,28440,31990,520,0,130,270,820,1380,500,100,50,300,760
3378,69000,31,0,Self-Employed,Tier_2,15380,0,2100,7770,3010,6240,2650,1860,2000,40,3660,44710,23.7,16350,24290,460,0,60,230,300,2180,800,60,60,0,920
3379,8100,21,0,Student,Tier_1,2680,0,300,850,500,560,380,250,110,60,350,6040,10.2,830,2060,80,0,10,30,50,200,110,10,0,0,90
3380,36200,59,2,Retired,Tier_2,9770,810,1180,4150,3000,1780,1570,2090,1560,640,1550,28100,30.0,10860,8100,290,20,40,120,300,620,470,60,50,20,390
3381,137400,34,2,Salaried,Tier_1,34340,1040,6220,12650,5540,7740,5850,6140,4520,1600,6710,92350,20.3,27890,45050,1030,30,190,380,550,2710,1760,180,140,50,1680
3382,101100,40,0,Salaried,Tier_2,23830,0,2730,13220,4450,8920,4760,2220,1770,1240,4020,67160,19.1,19310,33940,710,0,80,400,440,3120,1430,70,50,40,1000
3383,56900,35,0,Salaried,Tier_3,12630,0,2570,6510,4090,3650,1540,3040,2100,600,1390,38120,15.5,8820,18780,380,0,80,200,410,1280,460,90,60,20,350
3384,19900,42,0,Business Owner,Tier_1,6600,3850,740,1630,770,1990,410,1030,750,170,900,18840,19.0,3780,1060,200,120,20,50,80,700,120,30,20,10,220
3385,81100,28,0,Salaried,Tier_1,12760,0,2670,5250,6540,4320,2250,4590,2580,470,3790,45220,29.7,24090,35880,380,0,80,160,650,1510,680,140,80,10,950
3386,14000,20,0,Student,Tier_2,3330,0,590,920,740,770,520,760,800,240,650,9320,14.2,1990,4680,100,0,20,30,70,270,160,20,20,10,160
3387,56400,43,3,Self-Employed,Tier_3,13810,0,2310,8100,1940,5760,630,3070,2810,1180,3070,42680,22.2,12520,13720,410,0,70,240,190,2020,190,90,80,40,770
3388,47400,55,1,Retired,Tier_3,8470,5420,1340,6630,1670,3910,650,1140,2270,4080,2540,38120,23.7,11230,9280,250,160,40,200,170,1370,200,30,70,120,640
3389,8000,42,0,Self-Employed,Tier_2,1910,570,180,660,430,820,280,280,410,130,390,6060,9.3,740,1940,60,20,10,20,40,290,80,10,10,0,100
3390,127000,25,2,Salaried,Tier_2,36550,22740,3900,12740,9100,9910,4880,8490,7280,1130,6990,123710,14.1,17910,3290,1100,680,120,380,910,3470,1460,250,220,30,1750
3391,61300,19,0,Freelancer,Tier_2,10700,0,2510,5420,3180,2730,1160,1380,750,150,2230,30210,19.6,12010,31090,320,0,80,160,320,960,350,40,20,0,560
3392,23800,25,4,Self-Employed,Tier_2,5100,5040,410,2820,900,770,620,880,1270,210,710,18730,20.2,4810,5070,150,150,10,80,90,270,190,30,40,10,180
3393,39700,35,1,Salaried,Tier_2,7740,0,850,4550,1600,3020,970,1430,2090,620,1090,23960,29.9,11870,15740,230,0,30,140,160,1060,290,40,60,20,270
3394,43500,21,0,Student,Tier_1,14150,0,670,5680,3250,1730,1510,1050,2060,250,930,31280,9.3,4050,12220,420,0,20,170,320,610,450,30,60,10,230
3395,24700,29,1,Freelancer,Tier_2,5490,0,680,2630,1820,1570,1140,1140,1500,600,790,17360,18.0,4450,7340,160,0,20,80,180,550,340,30,40,20,200
3396,8100,21,1,Salaried,Tier_1,1870,0,140,730,270,590,270,390,440,110,370,5180,28.7,2320,2920,60,0,0,20,30,210,80,10,10,0,90
3397,153600,41,1,Self-Employed,Tier_1,49520,4960,7280,19710,9080,10840,1990,7210,7300,2510,6780,127180,8.8,13520,26420,1490,150,220,590,910,3790,600,220,220,80,1700
3398,62300,28,0,Freelancer,Tier_1,12340,0,2990,5240,4340,5310,1100,3690,2220,820,1730,39780,10.4,6480,22520,370,0,90,160,430,1860,330,110,70,20,430
3399,11600,19,0,Student,Tier_1,3510,0,260,900,490,970,170,580,660,20,430,7990,13.0,1510,3610,110,0,10,30,50,340,50,20,20,0,110
3400,10100,18,0,Student,Tier_3,2770,0,260,1350,570,410,290,320,490,170,530,7160,28.5,2880,2940,80,0,10,40,60,140,90,10,10,10,130
3401,75200,25,0,Salaried,Tier_2,9320,0,2430,6430,5410,2340,2110,1820,2100,1230,2990,36180,27.0,20300,39020,280,0,70,190,540,820,630,50,60,40,750
3402,144700,22,2,Self-Employed,Tier_2,43400,7600,1650,10830,11900,8310,2890,4450,3110,1010,6610,101760,34.5,49920,42940,1300,230,50,320,1190,2910,870,130,90,30,1650
3403,6000,50,0,Business Owner,Tier_2,1580,0,110,590,540,340,250,310,270,50,150,4190,19.9,1190,1810,50,0,0,20,50,120,80,10,10,0,40
3404,49200,68,1,Retired,Tier_2,8300,4690,1570,4920,3510,2980,570,2010,3010,5840,2780,40180,35.0,17220,9020,250,140,50,150,350,1040,170,60,90,180,700
3405,68300,36,1,Salaried,Tier_1,18210,0,2460,4540,5510,4970,1940,1800,2320,1670,2060,45480,23.3,15910,22820,550,0,70,140,550,1740,580,50,70,50,520
3406,41900,41,2,Salaried,Tier_3,5100,2770,1000,6730,1540,890,600,2400,1730,360,1260,24380,8.3,3480,17520,150,80,30,200,150,310,180,70,50,10,320
3407,19100,36,3,Salaried,Tier_2,4700,1540,690,3240,1430,550,910,1390,820,1830,1130,18230,11.9,2270,870,140,50,20,100,140,190,270,40,20,50,280
3408,62900,40,5,Salaried,Tier_2,14090,5810,1690,11060,2490,2650,830,4330,3990,440,3760,51140,23.9,15030,11760,420,170,50,330,250,930,250,130,120,10,940
3409,43900,30,1,Salaried,Tier_1,9250,5860,1840,5510,3890,2190,1540,1830,2700,120,2200,36930,30.0,13170,6970,280,180,60,170,390,770,460,50,80,0,550
3410,53600,55,1,Retired,Tier_1,9640,7770,1580,6310,2470,2130,2680,2220,2610,5790,1940,45140,28.7,15380,8460,290,230,50,190,250,750,800,70,80,170,480
3411,54200,19,1,Self-Employed,Tier_2,9580,2990,2650,4590,3930,3130,1390,2990,2700,600,2950,37500,11.9,6450,16700,290,90,80,140,390,1100,420,90,80,20,740
3412,87100,22,2,Salaried,Tier_1,22860,1000,3160,12490,2690,5120,1070,3750,2720,930,4340,60130,26.5,23080,26970,690,30,90,370,270,1790,320,110,80,30,1080
3413,47800,56,2,Retired,Tier_2,8620,7760,1690,4260,4170,3370,500,1460,2110,5150,2760,41850,32.9,15730,5950,260,230,50,130,420,1180,150,40,60,150,690
3414,167400,43,0,Salaried,Tier_1,57210,0,5190,21400,5570,5040,6710,6500,8310,130,5550,121610,16.3,27290,45790,1720,0,160,640,560,1760,2010,200,250,0,1390
3415,112200,28,2,Business Owner,Tier_1,26980,7850,1710,15360,7630,7360,2350,3120,6220,1320,6000,85900,18.0,20200,26300,810,240,50,460,760,2580,700,90,190,40,1500
3416,19300,21,0,Student,Tier_2,5010,0,430,2390,1240,810,850,940,250,100,540,12560,17.9,3450,6740,150,0,10,70,120,280,260,30,10,0,140
3417,145200,49,1,Business Owner,Tier_1,24600,0,7100,20810,8030,14170,5050,5770,2620,600,4520,93270,27.4,39780,51930,740,0,210,620,800,4960,1520,170,80,20,1130
3418,4500,31,2,Business Owner,Tier_3,1090,40,150,710,230,380,210,180,130,330,210,3660,34.1,1530,840,30,0,0,20,20,130,60,10,0,10,50
3419,6000,19,0,Student,Tier_2,1240,0,100,440,360,300,60,180,150,50,140,3020,18.5,1110,2980,40,0,0,10,40,100,20,10,0,0,40
3420,105600,36,1,Salaried,Tier_1,30580,0,4070,9740,7610,6800,1480,3120,1320,2760,2470,69950,10.2,10770,35650,920,0,120,290,760,2380,440,90,40,80,620
3421,113600,34,2,Salaried,Tier_2,33050,0,1750,18260,4220,9140,3020,6310,7620,620,4820,88810,16.8,19080,24790,990,0,50,550,420,3200,910,190,230,20,1200
3422,68000,35,0,Salaried,Tier_2,14870,11900,870,8620,4960,4390,760,2340,1210,460,1600,51980,31.0,21080,16020,450,360,30,260,500,1540,230,70,40,10,400
3423,24700,33,1,Salaried,Tier_3,6910,0,310,1710,2100,730,760,1040,650,1280,1420,16910,8.6,2120,7790,210,0,10,50,210,260,230,30,20,40,360
3424,7100,19,0,Student,Tier_2,1280,0,350,850,620,560,280,250,420,110,280,5000,30.0,2130,2100,40,0,10,30,60,200,80,10,10,0,70
3425,91500,35,2,Self-Employed,Tier_1,22180,0,2080,8640,5740,8000,4440,5110,5010,8450,5210,74860,20.1,18390,16640,670,0,60,260,570,2800,1330,150,150,250,1300
3426,19700,46,2,Freelancer,Tier_3,5280,0,310,2650,930,1720,890,1190,940,80,1130,15120,22.6,4450,4580,160,0,10,80,90,600,270,40,30,0,280
3427,13000,30,0,Business Owner,Tier_2,3250,2080,590,1440,460,730,300,310,720,0,520,10400,24.9,3240,2600,100,60,20,40,50,260,90,10,20,0,130
3428,60000,41,2,Freelancer,Tier_2,13840,6770,1530,4450,4380,3160,2240,2640,1020,2610,3340,45980,18.4,11040,14020,420,200,50,130,440,1110,670,80,30,80,840
3429,77100,57,1,Retired,Tier_1,22400,0,2180,10290,5180,5320,3840,4100,3250,170,3780,60510,32.9,25370,16590,670,0,70,310,520,1860,1150,120,100,10,940
3430,86700,19,0,Salaried,Tier_1,14260,16020,3780,10500,3300,5950,3410,1920,1290,1330,1820,63580,20.6,17860,23120,430,480,110,320,330,2080,1020,60,40,40,460
3431,70800,35,2,Salaried,Tier_1,15910,9720,1900,9220,6040,3630,720,4730,1190,650,4200,57910,24.8,17560,12890,480,290,60,280,600,1270,220,140,40,20,1050
3432,8600,18,0,Student,Tier_1,1690,0,200,600,690,440,410,260,510,120,200,5120,29.8,2560,3480,50,0,10,20,70,150,120,10,20,0,50
3433,64100,35,3,Salaried,Tier_1,15930,0,3110,8890,3110,3940,1360,3580,1920,2880,2380,47100,18.9,12110,17000,480,0,90,270,310,1380,410,110,60,90,600
3434,50200,43,0,Self-Employed,Tier_1,8840,0,910,6770,3470,5070,970,2980,700,60,1730,31500,17.6,8840,18700,270,0,30,200,350,1770,290,90,20,0,430
3435,16400,19,3,Salaried,Tier_1,3040,3460,390,1320,1200,980,410,630,350,250,690,12720,20.3,3330,3680,90,100,10,40,120,340,120,20,10,10,170
3436,66000,42,2,Salaried,Tier_2,14830,0,3010,5540,5390,1660,1910,1890,2110,1520,3800,41660,14.5,9570,24340,440,0,90,170,540,580,570,60,60,50,950
3437,93400,50,0,Business Owner,Tier_3,24530,0,3270,11730,6980,9190,2500,4030,3250,790,5100,71370,24.7,23070,22030,740,0,100,350,700,3220,750,120,100,20,1280
3438,96500,37,2,Salaried,Tier_1,28700,0,3940,8460,6340,2610,1830,5250,3760,4120,4860,69870,16.1,15540,26630,860,0,120,250,630,910,550,160,110,120,1220
3439,50700,20,1,Salaried,Tier_3,7990,8650,640,3410,2120,1560,2080,3280,1370,120,1400,32620,32.9,16680,18080,240,260,20,100,210,550,620,100,40,0,350
3440,55600,39,2,Salaried,Tier_3,9220,0,900,5780,2130,1640,720,2900,3790,60,1790,28930,10.1,5620,26670,280,0,30,170,210,570,220,90,110,0,450
3441,50100,23,2,Salaried,Tier_2,14880,0,2280,4990,3070,3660,2030,2880,3210,390,2620,40010,31.2,15630,10090,450,0,70,150,310,1280,610,90,100,10,660
3442,4500,23,3,Business Owner,Tier_3,1010,580,90,520,330,120,130,130,160,10,250,3330,25.5,1150,1170,30,20,0,20,30,40,40,0,0,0,60
3443,6900,20,0,Student,Tier_3,1680,0,90,940,270,220,300,220,400,30,260,4410,16.0,1100,2490,50,0,0,30,30,80,90,10,10,0,60
3444,84400,24,0,Salaried,Tier_2,13300,0,3050,11530,5490,2770,3880,2200,2190,1110,3290,48810,16.0,13500,35590,400,0,90,350,550,970,1160,70,70,30,820
3445,56500,29,1,Salaried,Tier_2,14510,1510,1380,5060,3980,1660,660,2060,2150,2460,1930,37360,22.6,12770,19140,440,50,40,150,400,580,200,60,60,70,480
3446,40900,51,3,Salaried,Tier_2,6880,0,1940,4150,2740,1820,1830,2140,1040,2980,2080,27600,10.8,4420,13300,210,0,60,120,270,640,550,60,30,90,520
3447,117100,24,4,Business Owner,Tier_3,31340,0,5090,10290,4820,11220,4780,3720,8640,1600,6840,88340,32.1,37590,28760,940,0,150,310,480,3930,1430,110,260,50,1710
3448,12300,48,2,Salaried,Tier_1,3720,1790,380,1790,530,330,340,820,240,740,250,10930,9.5,1170,1370,110,50,10,50,50,120,100,20,10,20,60
3449,18100,39,1,Salaried,Tier_3,3730,3580,440,1990,580,1350,810,1020,1050,20,1040,15610,19.0,3440,2490,110,110,10,60,60,470,240,30,30,0,260
3450,8500,51,2,Salaried,Tier_3,2360,1440,400,1360,450,630,280,300,430,440,290,8380,33.2,2820,120,70,40,10,40,40,220,80,10,10,10,70
3451,56700,19,2,Self-Employed,Tier_3,10500,0,1050,5880,3750,3310,2070,2940,840,490,2220,33050,19.2,10890,23650,320,0,30,180,380,1160,620,90,30,10,560
3452,58400,36,1,Salaried,Tier_1,18780,4370,660,3840,2230,1320,2580,1980,2130,980,2380,41250,12.3,7180,17150,560,130,20,120,220,460,770,60,60,30,600
3453,126900,27,1,Salaried,Tier_1,40680,0,5720,13760,7650,8410,3720,4240,8210,530,4550,97470,20.9,26520,29430,1220,0,170,410,760,2940,1120,130,250,20,1140
3454,198900,46,0,Business Owner,Tier_2,39700,0,9440,25020,12600,5430,5240,10990,9040,2060,8570,128090,14.8,29440,70810,1190,0,280,750,1260,1900,1570,330,270,60,2140
3455,97500,19,2,Salaried,Tier_1,23210,0,1650,12580,4520,8070,3860,6490,6360,390,2140,69270,12.1,11800,28230,700,0,50,380,450,2820,1160,190,190,10,540
3456,140000,34,2,Salaried,Tier_1,46340,9030,4590,17100,5220,8060,3520,8170,1670,9750,5740,119190,34.4,48160,20810,1390,270,140,510,520,2820,1060,250,50,290,1440
3457,22700,19,0,Student,Tier_2,5680,0,290,2870,1980,1020,340,760,1030,250,510,14730,12.9,2930,7970,170,0,10,90,200,360,100,20,30,10,130
3458,88300,65,2,Retired,Tier_1,24780,9050,1590,12160,7250,2080,1500,5990,3450,10110,5160,83120,14.7,12980,5180,740,270,50,360,720,730,450,180,100,300,1290
3459,8800,18,0,Student,Tier_1,1290,0,310,890,450,630,240,520,190,100,180,4800,21.6,1900,4000,40,0,10,30,40,220,70,20,10,0,40
3460,96400,33,1,Self-Employed,Tier_2,27750,9310,4480,6300,8310,2640,3240,5060,3460,1650,3990,76190,21.8,21020,20210,830,280,130,190,830,920,970,150,100,50,1000
3461,33100,27,0,Salaried,Tier_2,7460,6450,700,3480,1880,1130,350,1000,1660,330,1180,25620,13.5,4470,7480,220,190,20,100,190,400,100,30,50,10,300
3462,80600,63,1,Retired,Tier_1,18660,0,1630,6080,4470,6420,1840,3520,3530,4920,2320,53390,24.2,19510,27210,560,0,50,180,450,2250,550,110,110,150,580
3463,104800,31,3,Salaried,Tier_1,25780,17550,2570,16600,4640,8720,3280,7270,2840,760,2850,92860,9.3,9750,11940,770,530,80,500,460,3050,980,220,90,20,710
3464,76700,37,0,Salaried,Tier_1,21110,0,2640,6800,2700,1820,1680,2660,4360,50,1560,45380,17.5,13420,31320,630,0,80,200,270,640,500,80,130,0,390
3465,6000,25,0,Student,Tier_2,930,0,260,430,270,430,290,170,210,90,180,3260,21.4,1280,2740,30,0,10,10,30,150,90,10,10,0,40
3466,130000,19,1,Freelancer,Tier_1,37590,2890,4580,12390,10180,8150,4080,6520,7330,390,3590,97690,30.3,39390,32310,1130,90,140,370,1020,2850,1220,200,220,10,900
3467,54900,35,1,Business Owner,Tier_3,10570,0,720,3970,4630,5280,2150,2020,3540,980,2870,36730,29.8,16360,18170,320,0,20,120,460,1850,640,60,110,30,720
3468,86700,20,0,Salaried,Tier_2,25120,3220,3260,8760,3900,2540,1820,3030,1460,230,4280,57620,26.1,22630,29080,750,100,100,260,390,890,550,90,40,10,1070
3469,24200,29,1,Salaried,Tier_2,4970,0,660,2480,760,1200,310,790,420,100,790,12480,26.3,6360,11720,150,0,20,70,80,420,90,20,10,0,200
3470,68600,45,2,Salaried,Tier_1,21900,14810,2740,7260,3220,2990,2070,1610,3510,310,1550,61970,11.4,7820,6630,660,440,80,220,320,1050,620,50,110,10,390
3471,76200,19,4,Salaried,Tier_1,17850,10470,1430,10150,4440,5840,3270,5250,1930,310,3820,64760,30.7,23390,11440,540,310,40,300,440,2040,980,160,60,10,960
3472,75600,43,1,Business Owner,Tier_3,11840,0,1200,9430,2570,2200,1340,3940,2860,1160,3560,40100,11.3,8540,35500,360,0,40,280,260,770,400,120,90,30,890
3473,26600,30,2,Salaried,Tier_2,5610,0,280,2100,940,1570,1280,1000,1760,400,640,15580,35.0,9310,11020,170,0,10,60,90,550,380,30,50,10,160
3474,8100,21,0,Student,Tier_1,2270,90,340,960,620,380,170,300,370,70,330,5900,13.2,1070,2200,70,0,10,30,60,130,50,10,10,0,80
3475,114600,25,0,Self-Employed,Tier_1,20920,0,3640,10240,6480,8300,3630,4310,6800,1010,4540,69870,10.9,12490,44730,630,0,110,310,650,2900,1090,130,200,30,1140
3476,94000,25,1,Salaried,Tier_1,20600,7990,1340,10430,6400,4020,2940,4520,1030,1040,4520,64830,25.4,23880,29170,620,240,40,310,640,1410,880,140,30,30,1130
3477,146900,39,2,Salaried,Tier_1,28870,4360,1590,21210,7470,3660,5980,7090,2140,11610,7760,101740,34.3,50390,45160,870,130,50,640,750,1280,1790,210,60,350,1940
3478,52700,28,0,Salaried,Tier_1,13350,10960,2350,5760,4480,3640,1370,2060,2710,580,1450,48710,28.4,14970,3990,400,330,70,170,450,1270,410,60,80,20,360
3479,40700,35,1,Self-Employed,Tier_3,7590,7750,810,4240,3160,1970,540,920,2490,500,1390,31360,20.1,8180,9340,230,230,20,130,320,690,160,30,70,20,350
3480,155400,50,1,Salaried,Tier_1,43470,27890,4500,11320,7740,10650,3340,4380,7260,17630,7010,145190,9.1,14140,10210,1300,840,140,340,770,3730,1000,130,220,530,1750
3481,64100,59,2,Retired,Tier_2,17850,10160,2420,6930,4030,3640,2630,1640,2890,320,2090,54600,27.3,17500,9500,540,300,70,210,400,1270,790,50,90,10,520
3482,4500,21,0,Student,Tier_3,670,0,90,500,200,110,60,130,50,50,120,1980,21.3,960,2520,20,0,0,20,20,40,20,0,0,0,30
3483,48200,36,2,Salaried,Tier_2,11390,8150,770,3910,4210,1900,2280,2960,2180,660,1790,40200,15.0,7230,8000,340,240,20,120,420,660,680,90,70,20,450
3484,123700,42,2,Salaried,Tier_1,37750,9050,4370,19470,10630,6000,4530,3570,2600,12660,2510,113140,31.5,38970,10560,1130,270,130,580,1060,2100,1360,110,80,380,630
3485,184400,28,0,Salaried,Tier_1,50800,830,7730,15170,12470,11380,5760,4850,7950,2850,7190,126980,32.4,59750,57420,1520,20,230,460,1250,3980,1730,150,240,90,1800
3486,113700,25,3,Self-Employed,Tier_1,21590,0,1730,16220,7130,2850,4520,3170,4210,1000,6550,68970,26.6,30240,44730,650,0,50,490,710,1000,1360,100,130,30,1640
3487,38600,56,1,Retired,Tier_2,9690,0,680,4590,3340,2120,1450,1060,1580,40,1110,25660,21.7,8380,12940,290,0,20,140,330,740,440,30,50,0,280
3488,50300,40,0,Business Owner,Tier_3,8310,0,2440,3390,2110,1690,1810,1450,1090,170,1210,23670,32.7,16450,26630,250,0,70,100,210,590,540,40,30,10,300
3489,88500,46,3,Salaried,Tier_1,25550,14800,3540,12450,7670,5200,3060,3220,6400,330,4180,86400,21.1,18670,2100,770,440,110,370,770,1820,920,100,190,10,1040
3490,95300,36,1,Business Owner,Tier_1,25230,0,3190,10550,6810,6840,2870,3220,3690,140,5510,68050,17.0,16200,27250,760,0,100,320,680,2390,860,100,110,0,1380
3491,142000,32,2,Salaried,Tier_1,31800,12230,4050,13550,8720,3440,6160,6790,6800,16500,8100,118140,22.6,32090,23860,950,370,120,410,870,1200,1850,200,200,500,2020
3492,31200,65,2,Retired,Tier_1,7250,5300,1030,2870,970,1180,870,780,800,0,1860,22910,19.6,6120,8290,220,160,30,90,100,410,260,20,20,0,460
3493,149700,26,3,Salaried,Tier_1,39090,0,6200,17900,12530,10060,2790,3860,2340,470,7450,102690,34.4,51500,47010,1170,0,190,540,1250,3520,840,120,70,10,1860
3494,75500,55,0,Retired,Tier_1,19230,4140,1140,4980,3260,5200,2290,3370,4200,90,2730,50630,31.4,23710,24870,580,120,30,150,330,1820,690,100,130,0,680
3495,8100,20,0,Student,Tier_1,1390,0,380,850,600,700,290,280,400,110,350,5350,21.7,1760,2750,40,0,10,30,60,240,90,10,10,0,90
3496,87400,43,1,Business Owner,Tier_2,23730,10960,4010,10500,6860,3660,3280,2140,1180,7610,3790,77720,29.3,25610,9680,710,330,120,320,690,1280,980,60,40,230,950
3497,159700,25,0,Salaried,Tier_1,22910,0,5860,14540,12750,12730,6960,8600,7440,1770,4040,97600,27.6,44080,62100,690,0,180,440,1280,4460,2090,260,220,50,1010
3498,22600,47,0,Self-Employed,Tier_1,4600,4340,640,2230,1840,850,350,830,1240,380,1310,18610,11.0,2490,3990,140,130,20,70,180,300,100,20,40,10,330
3499,102200,59,1,Retired,Tier_1,24520,2130,4200,7980,7010,4340,1790,4210,4650,2600,3310,66740,9.9,10120,35460,740,60,130,240,700,1520,540,130,140,80,830
3500,145500,32,2,Salaried,Tier_2,33650,0,3260,13660,4570,6260,4860,6670,6320,3850,8040,91140,12.6,18330,54360,1010,0,100,410,460,2190,1460,200,190,120,2010
3501,18800,35,1,Self-Employed,Tier_3,3510,3420,200,2280,1540,490,590,740,560,370,490,14190,16.2,3050,4610,110,100,10,70,150,170,180,20,20,10,120
3502,100700,36,3,Freelancer,Tier_2,16830,11560,4960,10450,8950,2360,1310,4510,2110,610,4270,67920,14.4,14500,32780,500,350,150,310,900,830,390,140,60,20,1070
3503,41800,19,1,Business Owner,Tier_3,7450,0,1370,3290,2770,1970,1050,1300,500,440,2070,22210,33.0,13790,19590,220,0,40,100,280,690,320,40,20,10,520
3504,9300,19,0,Salaried,Tier_2,1720,230,350,1280,540,530,250,190,440,30,400,5960,21.4,1990,3340,50,10,10,40,50,190,80,10,10,0,100
3505,93000,37,2,Salaried,Tier_2,13160,7210,1280,10600,4340,7370,1050,4940,6450,1480,4850,62730,30.8,28640,30270,390,220,40,320,430,2580,320,150,190,40,1210
3506,157100,34,2,Self-Employed,Tier_1,41490,0,1610,13490,4890,11240,7610,7510,10370,1990,6040,106240,9.6,15080,50860,1240,0,50,400,490,3930,2280,230,310,60,1510
3507,116900,42,1,Salaried,Tier_1,28250,22730,2090,12530,3980,8870,2130,4080,1840,11050,4770,102320,16.1,18820,14580,850,680,60,380,400,3100,640,120,60,330,1190
3508,55100,28,3,Salaried,Tier_3,7160,9470,1650,8760,2660,1640,770,3460,1470,970,3070,41080,34.5,19010,14020,210,280,50,260,270,570,230,100,40,30,770
3509,24000,20,0,Student,Tier_2,4360,0,530,1840,970,1560,820,1400,1210,150,710,13550,30.7,7370,10450,130,0,20,60,100,550,250,40,40,0,180
3510,91400,47,0,Salaried,Tier_1,13180,0,3250,7490,4120,2640,2690,2310,4440,310,4580,45010,11.7,10690,46390,400,0,100,220,410,920,810,70,130,10,1140
3511,90500,40,1,Salaried,Tier_3,14600,0,3260,6940,5440,5190,3530,5060,4290,10810,4480,63600,8.8,7960,26900,440,0,100,210,540,1820,1060,150,130,320,1120
3512,304900,19,2,Business Owner,Tier_1,97550,54300,7750,37730,21190,20010,11430,13610,6860,770,12800,284000,13.2,40250,20900,2930,1630,230,1130,2120,7000,3430,410,210,20,3200
3513,43000,37,3,Business Owner,Tier_2,7750,9360,1900,5210,3500,2890,1570,1110,2460,3630,1240,40620,24.3,10450,2380,230,280,60,160,350,1010,470,30,70,110,310
3514,84600,40,1,Salaried,Tier_2,16790,0,2810,6090,2810,6900,1200,3560,2370,1070,4110,47710,28.8,24360,36890,500,0,80,180,280,2420,360,110,70,30,1030
3515,95900,55,1,Business Owner,Tier_2,14500,0,4200,12620,6110,4610,1260,3700,4160,850,4420,56430,14.6,14000,39470,440,0,130,380,610,1610,380,110,120,30,1100
3516,182300,31,0,Self-Employed,Tier_1,49910,0,7700,17240,9050,5530,5670,8000,3170,2130,4170,112570,8.8,16040,69730,1500,0,230,520,900,1940,1700,240,100,60,1040
3517,124600,29,0,Salaried,Tier_1,36740,20660,2670,12320,3910,4420,4010,5960,4340,1080,3830,99940,15.9,19810,24660,1100,620,80,370,390,1550,1200,180,130,30,960
3518,21700,19,0,Student,Tier_1,4050,0,560,1650,1550,1590,570,1240,1080,20,1170,13480,12.5,2710,8220,120,0,20,50,160,560,170,40,30,0,290
3519,7800,20,0,Student,Tier_3,1410,0,280,1050,440,360,270,450,160,40,370,4830,21.3,1660,2970,40,0,10,30,40,130,80,10,0,0,90
3520,8100,32,0,Salaried,Tier_1,1540,690,330,990,440,660,180,260,170,40,460,5760,30.9,2500,2340,50,20,10,30,40,230,50,10,10,0,120
3521,48200,70,0,Retired,Tier_1,13010,0,2170,5020,4300,2030,1940,1740,1780,20,1910,33920,16.4,7900,14280,390,0,70,150,430,710,580,50,50,0,480
3522,104100,33,0,Business Owner,Tier_2,21070,510,5190,8940,3360,6240,3020,2640,1440,1660,4920,58990,29.3,30500,45110,630,20,160,270,340,2180,910,80,40,50,1230
3523,46100,25,2,Salaried,Tier_1,10710,5300,1730,4490,3500,3160,1320,2900,2770,320,1230,37430,18.7,8620,8670,320,160,50,130,350,1110,400,90,80,10,310
3524,37200,34,0,Business Owner,Tier_1,8430,0,1790,4730,3260,3970,1110,1900,1270,480,2190,29130,14.8,5510,8070,250,0,50,140,330,1390,330,60,40,10,550
3525,149900,37,0,Salaried,Tier_1,46440,24710,5120,16980,5610,6640,3740,5060,7460,2590,6690,131040,11.8,17690,18860,1390,740,150,510,560,2320,1120,150,220,80,1670
3526,177200,29,1,Business Owner,Tier_1,50390,0,5100,20800,14900,12530,5900,9860,2430,13300,6830,142040,18.4,32600,35160,1510,0,150,620,1490,4390,1770,300,70,400,1710
3527,108000,39,1,Business Owner,Tier_1,31520,0,4060,12650,6630,10270,1430,6150,2200,10920,2450,88280,28.7,31000,19720,950,0,120,380,660,3590,430,180,70,330,610
3528,73500,29,0,Salaried,Tier_2,11130,3810,3480,8190,3570,6490,1960,1810,1990,970,3190,46590,26.0,19110,26910,330,110,100,250,360,2270,590,50,60,30,800
3529,73400,34,1,Self-Employed,Tier_1,11510,4270,2690,7790,5390,4730,1840,4080,3230,510,4400,50440,15.8,11600,22960,350,130,80,230,540,1660,550,120,100,20,1100
3530,73900,33,0,Salaried,Tier_2,14710,10230,1630,6800,6590,1920,2130,2830,3120,330,3190,53480,15.1,11160,20420,440,310,50,200,660,670,640,80,90,10,800
3531,37600,43,3,Salaried,Tier_1,6550,0,460,5070,2670,1620,1730,1070,470,2790,1430,23860,30.4,11430,13740,200,0,10,150,270,570,520,30,10,80,360
3532,79500,47,0,Salaried,Tier_3,13640,6190,2540,5050,7010,7120,3300,3240,4710,660,2200,55660,10.7,8510,23840,410,190,80,150,700,2490,990,100,140,20,550
3533,52100,67,1,Retired,Tier_1,9280,8620,1930,4000,4020,4600,570,2940,1480,5580,2100,45120,19.0,9900,6980,280,260,60,120,400,1610,170,90,40,170,520
3534,48000,35,1,Freelancer,Tier_3,12760,2760,1320,4720,1520,2170,1590,1550,2240,50,2000,32680,23.4,11230,15320,380,80,40,140,150,760,480,50,70,0,500
3535,45300,32,2,Self-Employed,Tier_2,8100,1260,940,5710,1580,4530,1460,1540,1950,3170,1230,31470,22.0,9970,13830,240,40,30,170,160,1590,440,50,60,100,310
3536,62000,26,2,Self-Employed,Tier_2,12510,0,2330,8510,4140,3480,1910,1530,4110,360,2950,41830,25.8,16000,20170,380,0,70,260,410,1220,570,50,120,10,740
3537,120500,21,2,Salaried,Tier_1,41230,0,2670,13710,10780,5600,2500,7640,7510,50,2660,94350,33.0,39760,26150,1240,0,80,410,1080,1960,750,230,230,0,660
3538,92800,35,0,Business Owner,Tier_2,23510,3200,3940,5940,5760,4740,4040,3060,3140,920,1940,60190,22.4,20790,32610,710,100,120,180,580,1660,1210,90,90,30,480
3539,195400,24,3,Salaried,Tier_1,64180,39310,3360,22220,15550,9880,7380,5200,4180,3510,11180,185950,10.2,19930,9450,1930,1180,100,670,1560,3460,2210,160,130,110,2800
3540,125600,19,0,Business Owner,Tier_2,27250,0,4320,10810,7060,3650,3150,5390,2750,410,3210,68000,13.2,16580,57600,820,0,130,320,710,1280,940,160,80,10,800
3541,72100,33,0,Self-Employed,Tier_3,21010,760,2890,10040,4220,2450,980,1930,3770,180,2780,51010,12.8,9230,21090,630,20,90,300,420,860,290,60,110,10,700
3542,27700,19,1,Salaried,Tier_3,8300,0,1010,2380,2470,2310,290,1450,1110,120,880,20320,23.8,6590,7380,250,0,30,70,250,810,90,40,30,0,220
3543,8100,24,2,Salaried,Tier_1,1370,1300,400,1120,720,710,350,410,500,70,200,7150,18.4,1490,950,40,40,10,30,70,250,100,10,20,0,50
3544,107200,31,1,Salaried,Tier_2,17160,11140,3780,14610,7580,8640,1160,6040,6860,10030,2980,89980,15.7,16830,17220,510,330,110,440,760,3020,350,180,210,300,740
3545,59400,50,2,Salaried,Tier_1,10680,1190,2000,6030,4030,3960,2730,3940,1900,580,3050,40090,31.7,18830,19310,320,40,60,180,400,1390,820,120,60,20,760
3546,30400,28,0,Salaried,Tier_3,7880,0,1170,2370,1150,2060,570,1600,1370,530,1310,20010,31.9,9700,10390,240,0,40,70,120,720,170,50,40,20,330
3547,114400,37,0,Salaried,Tier_1,16020,2100,4240,8940,7400,4970,2170,6740,2230,280,5330,60420,17.7,20250,53980,480,60,130,270,740,1740,650,200,70,10,1330
3548,8100,39,3,Freelancer,Tier_1,1770,590,360,650,670,540,330,360,570,910,350,7100,9.8,790,1000,50,20,10,20,70,190,100,10,20,30,90
3549,8100,18,0,Student,Tier_1,1780,0,300,810,390,240,210,220,200,10,300,4460,22.8,1850,3640,50,0,10,20,40,80,60,10,10,0,80
3550,111700,46,0,Business Owner,Tier_2,26280,0,2860,12020,6610,3200,3100,5920,2790,2000,2690,67470,32.4,36190,44230,790,0,90,360,660,1120,930,180,80,60,670
3551,124000,19,0,Salaried,Tier_2,17890,0,5120,14590,8010,9180,4920,3690,5670,300,5630,75000,8.8,10910,49000,540,0,150,440,800,3210,1480,110,170,10,1410
3552,62600,48,2,Salaried,Tier_2,11970,4370,1600,9480,4210,5380,2520,3490,4110,420,2880,50430,33.1,20720,12170,360,130,50,280,420,1880,760,100,120,10,720
3553,59700,35,1,Freelancer,Tier_1,17300,0,2840,4370,3810,3790,600,2900,3210,5340,1600,45760,15.3,9130,13940,520,0,90,130,380,1330,180,90,100,160,400
3554,85500,44,0,Salaried,Tier_2,23310,0,1690,10350,6310,6940,3720,1980,4460,1130,2510,62400,21.4,18300,23100,700,0,50,310,630,2430,1120,60,130,30,630
3555,36400,39,1,Salaried,Tier_3,6440,0,1080,3330,3260,960,1140,1450,2010,1650,2060,23380,11.0,4000,13020,190,0,30,100,330,340,340,40,60,50,520
3556,79200,45,2,Salaried,Tier_3,13180,0,2610,9610,6920,3260,2990,5190,1500,7270,3780,56310,17.6,13940,22890,400,0,80,290,690,1140,900,160,40,220,940
3557,83000,35,1,Self-Employed,Tier_1,28510,15930,960,12300,4230,2270,3000,4570,3470,6890,3380,85510,8.8,7300,-2510,860,480,30,370,420,790,900,140,100,210,840
3558,79400,28,1,Salaried,Tier_1,13800,5520,1620,8540,2380,4840,2200,3980,4070,930,3980,51860,9.9,7860,27540,410,170,50,260,240,1690,660,120,120,30,1000
3559,139500,36,2,Salaried,Tier_1,34280,0,1880,18070,7470,11940,4810,6320,7740,2340,7700,102550,31.7,44220,36950,1030,0,60,540,750,4180,1440,190,230,70,1920
3560,28300,28,0,Freelancer,Tier_3,8350,2490,390,2980,2140,1190,960,980,1340,420,1340,22580,30.2,8550,5720,250,70,10,90,210,420,290,30,40,10,340
3561,72900,28,0,Salaried,Tier_1,24130,6190,1080,6330,2500,4850,3350,3990,3940,290,4120,60770,14.2,10350,12130,720,190,30,190,250,1700,1000,120,120,10,1030
3562,87800,20,2,Salaried,Tier_2,11160,15950,1240,9040,7030,1820,1080,4020,3220,740,3090,58390,26.4,23180,29410,330,480,40,270,700,640,320,120,100,20,770
3563,76200,65,0,Salaried,Tier_2,13090,0,920,7930,6500,6700,1640,2420,1150,1100,3060,44510,12.6,9600,31690,390,0,30,240,650,2340,490,70,30,30,760
3564,12400,31,0,Self-Employed,Tier_3,2870,0,540,1680,690,1090,530,540,220,60,620,8840,29.5,3660,3560,90,0,20,50,70,380,160,20,10,0,160
3565,57800,19,1,Salaried,Tier_2,9210,0,1390,6630,2420,2190,2400,1720,3660,570,1360,31550,21.2,12250,26250,280,0,40,200,240,770,720,50,110,20,340
3566,18200,37,1,Salaried,Tier_1,4820,3010,730,2170,740,1190,510,800,660,110,850,15590,19.9,3620,2610,140,90,20,70,70,420,150,20,20,0,210
3567,27800,47,2,Freelancer,Tier_1,4430,0,1190,3050,1860,2150,930,1850,1070,480,1430,18440,11.6,3220,9360,130,0,40,90,190,750,280,60,30,10,360
3568,95200,39,0,Salaried,Tier_2,27040,6550,1350,7880,6240,3570,1720,2750,4530,1490,4250,67370,30.0,28560,27830,810,200,40,240,620,1250,520,80,140,40,1060
3569,50700,55,2,Salaried,Tier_1,14200,0,2180,6240,4340,1980,1770,3520,2400,480,1090,38200,24.6,12470,12500,430,0,70,190,430,690,530,110,70,10,270
3570,110600,34,0,Freelancer,Tier_2,29780,3460,2790,13910,5480,9120,5370,2810,4410,1680,2810,81620,20.5,22670,28980,890,100,80,420,550,3190,1610,80,130,50,700
3571,78300,32,1,Self-Employed,Tier_2,20880,15200,1480,9520,2780,4520,1020,5010,1940,5310,3570,71230,24.5,19180,7070,630,460,40,290,280,1580,310,150,60,160,890
3572,126400,27,0,Salaried,Tier_1,30980,0,2850,10250,7520,3020,5620,7210,6590,1270,4980,80290,14.4,18200,46110,930,0,90,310,750,1060,1690,220,200,40,1240
3573,183700,37,0,Business Owner,Tier_2,43450,0,4710,14830,14020,11390,2910,7670,3320,280,8530,111110,28.2,51800,72590,1300,0,140,440,1400,3990,870,230,100,10,2130
3574,8100,47,1,Self-Employed,Tier_1,2070,1340,230,650,710,400,220,440,200,910,480,7650,27.5,2230,450,60,40,10,20,70,140,70,10,10,30,120
3575,4500,42,0,Freelancer,Tier_3,670,510,70,440,190,330,180,140,240,70,120,2960,21.0,940,1540,20,20,0,10,20,120,50,0,10,0,30
3576,123100,32,1,Self-Employed,Tier_2,20750,0,3700,8840,3880,6910,5330,6510,4960,12230,7040,80150,25.2,31020,42950,620,0,110,270,390,2420,1600,200,150,370,1760
3577,33200,33,1,Salaried,Tier_2,9410,2470,1260,2250,2280,2120,620,1490,890,1500,1390,25680,26.2,8700,7520,280,70,40,70,230,740,190,40,30,40,350
3578,91100,24,2,Salaried,Tier_1,14210,0,1040,7920,7850,7140,1350,3250,2190,420,4370,49740,20.4,18580,41360,430,0,30,240,780,2500,400,100,70,10,1090
3579,61100,59,0,Retired,Tier_2,12990,11430,1440,6510,4300,2980,2160,2500,1250,740,3400,49700,28.3,17290,11400,390,340,40,200,430,1040,650,80,40,20,850
3580,8100,32,1,Business Owner,Tier_1,1590,0,250,1130,360,360,200,260,310,870,410,5740,32.4,2620,2360,50,0,10,30,40,130,60,10,10,30,100
3581,65200,42,4,Salaried,Tier_2,13370,0,1270,8830,3180,2130,2700,2800,1120,6500,1410,43310,11.8,7690,21890,400,0,40,260,320,750,810,80,30,200,350
3582,143500,47,2,Salaried,Tier_1,41900,2770,6800,20820,7540,4180,2900,7230,8810,1570,3880,108400,12.9,18510,35100,1260,80,200,620,750,1460,870,220,260,50,970
3583,30000,61,0,Retired,Tier_2,7060,3810,610,3180,1170,1470,1180,980,460,290,1440,21650,33.8,10140,8350,210,110,20,100,120,510,350,30,10,10,360
3584,118900,27,1,Salaried,Tier_1,35610,4350,4360,15330,7460,7120,3140,3370,7220,330,6910,95200,22.8,27110,23700,1070,130,130,460,750,2490,940,100,220,10,1730
3585,8100,35,3,Freelancer,Tier_1,1210,570,130,1310,500,220,310,420,530,60,220,5480,14.8,1200,2620,40,20,0,40,50,80,90,10,20,0,60
3586,45100,24,1,Salaried,Tier_2,8070,5030,1810,3940,1380,2800,2200,1680,870,370,1750,29900,25.1,11320,15200,240,150,50,120,140,980,660,50,30,10,440
3587,88700,37,2,Self-Employed,Tier_1,22140,0,1150,9800,3410,4350,980,3890,4760,6710,4270,61460,20.0,17740,27240,660,0,30,290,340,1520,290,120,140,200,1070
3588,83300,25,2,Business Owner,Tier_2,24030,5500,3500,12540,4630,4700,2830,4820,1890,860,1740,67040,33.9,28240,16260,720,160,100,380,460,1640,850,140,60,30,440
3589,86700,36,1,Salaried,Tier_3,24110,14630,2070,6920,6170,6360,1300,2090,5480,1540,3520,74190,30.3,26270,12510,720,440,60,210,620,2230,390,60,160,50,880
3590,23700,33,0,Freelancer,Tier_3,6690,3740,540,2410,1250,1460,940,1300,270,190,530,19320,26.7,6330,4380,200,110,20,70,120,510,280,40,10,10,130
3591,123100,37,1,Self-Employed,Tier_1,28300,8240,3700,13420,10930,3070,4320,4780,5910,14620,6430,103720,19.6,24130,19380,850,250,110,400,1090,1070,1300,140,180,440,1610
3592,112500,70,0,Retired,Tier_1,25700,0,3760,15520,5510,9310,5150,5500,3170,330,2900,76850,21.3,23960,35650,770,0,110,470,550,3260,1540,160,100,10,720
3593,69500,19,0,Self-Employed,Tier_2,17390,0,1750,8660,4900,4640,1130,3650,2390,980,3040,48530,19.0,13200,20970,520,0,50,260,490,1620,340,110,70,30,760
3594,8100,19,1,Self-Employed,Tier_2,1150,1640,100,1140,570,590,130,410,180,130,410,6450,12.0,970,1650,30,50,0,30,60,210,40,10,10,0,100
3595,98300,43,2,Salaried,Tier_2,28460,0,3980,11270,7360,2260,3200,4520,2530,8570,3630,75780,21.0,20640,22520,850,0,120,340,740,790,960,140,80,260,910
3596,168200,38,3,Salaried,Tier_2,42030,6400,3710,28450,5910,6090,5350,9320,6700,970,3370,118300,32.0,53820,49900,1260,190,110,850,590,2130,1600,280,200,30,840
3597,92900,32,2,Salaried,Tier_3,11770,0,2520,13670,5520,2590,1210,6280,3990,940,3930,52420,27.1,25180,40480,350,0,80,410,550,910,360,190,120,30,980
3598,28500,24,0,Student,Tier_1,6150,1920,510,2320,1490,1860,780,1710,1320,290,920,19270,22.5,6410,9230,180,60,20,70,150,650,230,50,40,10,230
3599,151400,28,2,Self-Employed,Tier_1,36210,0,3350,22190,10020,14440,4330,9720,2210,2630,3940,109040,25.6,38760,42360,1090,0,100,670,1000,5050,1300,290,70,80,980
3600,78200,21,0,Self-Employed,Tier_2,12850,2060,3690,9000,5160,3970,3490,1660,2940,1280,2870,48970,9.4,7350,29230,390,60,110,270,520,1390,1050,50,90,40,720
3601,105400,51,2,Freelancer,Tier_1,17880,22450,2860,15990,5250,8030,4050,3710,3320,2050,4780,90370,25.4,26770,15030,540,670,90,480,520,2810,1220,110,100,60,1200
3602,62100,33,2,Salaried,Tier_1,16640,6120,2230,8290,2360,1390,1320,4240,1250,1000,1660,46500,34.1,21180,15600,500,180,70,250,240,490,400,130,40,30,420
3603,48100,40,3,Self-Employed,Tier_3,11540,90,1280,4150,4110,2780,1130,3420,1790,550,1630,32470,32.7,15730,15630,350,0,40,120,410,970,340,100,50,20,410
3604,66600,19,0,Salaried,Tier_1,9960,14040,2460,4270,3600,1470,1790,3150,3200,580,3460,47980,25.3,16850,18620,300,420,70,130,360,510,540,90,100,20,860
3605,61400,51,2,Salaried,Tier_2,17360,5740,1220,7740,5140,3350,950,4120,1580,650,3560,51410,8.4,5160,9990,520,170,40,230,510,1170,280,120,50,20,890
3606,95300,19,0,Business Owner,Tier_2,26460,12090,4040,7230,2900,7570,3290,2330,2530,720,2070,71230,15.3,14580,24070,790,360,120,220,290,2650,990,70,80,20,520
3607,91000,37,2,Self-Employed,Tier_1,29070,9710,1120,7910,3020,7740,4330,6080,2980,7130,2220,81310,22.7,20660,9690,870,290,30,240,300,2710,1300,180,90,210,560
3608,9700,21,0,Student,Tier_2,1620,0,230,1100,800,330,170,430,430,40,440,5590,10.3,1000,4110,50,0,10,30,80,120,50,10,10,0,110
3609,68900,39,1,Salaried,Tier_1,12400,10500,1290,8210,3050,2050,2040,2750,2900,1100,3640,49930,26.2,18050,18970,370,320,40,250,300,720,610,80,90,30,910
3610,76700,27,4,Self-Employed,Tier_2,16290,0,860,12080,6490,6490,810,4970,3840,580,2700,55110,22.2,17030,21590,490,0,30,360,650,2270,240,150,120,20,680
3611,83400,32,2,Salaried,Tier_3,20190,8440,1830,9330,6410,5630,2530,5610,1190,1980,4950,68090,31.4,26190,15310,610,250,50,280,640,1970,760,170,40,60,1240
3612,58800,31,0,Salaried,Tier_1,19760,12020,820,7960,4570,2800,2470,2890,2860,590,3290,60030,15.8,9290,-1230,590,360,20,240,460,980,740,90,90,20,820
3613,6000,18,0,Student,Tier_2,1630,0,120,670,470,450,60,230,130,100,220,4080,24.7,1480,1920,50,0,0,20,50,160,20,10,0,0,60
3614,72700,44,2,Salaried,Tier_3,12680,230,2440,8360,2540,6010,740,2320,1840,5500,3500,46160,34.6,25150,26540,380,10,70,250,250,2100,220,70,60,160,880
3615,80200,25,2,Self-Employed,Tier_3,18740,0,3180,10090,5650,5450,1100,4960,1230,1270,1720,53390,12.3,9860,26810,560,0,100,300,560,1910,330,150,40,40,430
3616,74100,23,1,Self-Employed,Tier_3,11720,4770,1350,5620,5650,7250,1420,1720,1050,70,3650,44270,12.5,9260,29830,350,140,40,170,560,2540,430,50,30,0,910
3617,92600,39,1,Salaried,Tier_1,25090,540,1010,9620,3630,1980,3500,3300,2960,2350,3750,57730,19.7,18240,34870,750,20,30,290,360,690,1050,100,90,70,940
3618,22200,34,2,Salaried,Tier_1,4360,1130,980,1560,970,990,590,1490,790,40,1100,14000,34.7,7700,8200,130,30,30,50,100,350,180,40,20,0,280
3619,49300,46,0,Self-Employed,Tier_2,9820,4180,2420,3980,3100,2140,1630,1530,2640,200,1970,33610,28.9,14250,15690,290,130,70,120,310,750,490,50,80,10,490
3620,53200,43,1,Self-Employed,Tier_1,9930,0,1540,6030,2110,4010,1040,2940,2640,2950,2160,35350,23.8,12660,17850,300,0,50,180,210,1400,310,90,80,90,540
3621,6000,20,0,Student,Tier_2,1560,0,150,680,360,200,190,200,80,80,130,3630,15.7,940,2370,50,0,0,20,40,70,60,10,0,0,30
3622,79700,19,0,Salaried,Tier_1,16810,0,1630,10640,6350,2640,3460,4560,2860,20,3550,52520,27.6,22000,27180,500,0,50,320,640,920,1040,140,90,0,890
3623,29800,37,2,Business Owner,Tier_2,7160,2380,610,2450,2330,1750,940,750,1080,40,1000,20490,18.5,5510,9310,210,70,20,70,230,610,280,20,30,0,250
3624,49100,37,1,Business Owner,Tier_3,9110,1310,1800,5970,1850,4520,940,2460,2790,5750,1240,37740,15.6,7660,11360,270,40,50,180,180,1580,280,70,80,170,310
3625,65800,24,3,Business Owner,Tier_1,21190,8380,1360,10620,3070,2120,1250,2370,1040,840,2070,54310,15.8,10400,11490,640,250,40,320,310,740,380,70,30,30,520
3626,283400,32,0,Business Owner,Tier_1,61730,0,8580,37790,9430,24080,13180,14250,4360,2190,9030,184620,9.4,26640,98780,1850,0,260,1130,940,8430,3950,430,130,70,2260
3627,52700,34,2,Freelancer,Tier_3,12220,0,1600,3750,4030,3030,2310,1460,2220,3420,2330,36370,18.5,9750,16330,370,0,50,110,400,1060,690,40,70,100,580
3628,33100,21,0,Student,Tier_1,8670,0,410,4010,1160,2480,570,1630,1120,90,1690,21830,16.4,5430,11270,260,0,10,120,120,870,170,50,30,0,420
3629,109300,24,2,Salaried,Tier_1,28220,0,2970,12210,7920,6660,4090,5360,2690,1100,5790,77010,25.8,28200,32290,850,0,90,370,790,2330,1230,160,80,30,1450
3630,73300,28,1,Salaried,Tier_2,9860,0,3390,9150,3440,4130,1070,3900,860,570,2100,38470,25.0,18320,34830,300,0,100,270,340,1450,320,120,30,20,520
3631,69600,19,2,Freelancer,Tier_1,21620,11430,1000,7540,3490,4600,2410,2900,1000,870,1760,58620,26.9,18720,10980,650,340,30,230,350,1610,720,90,30,30,440
3632,79900,23,1,Business Owner,Tier_1,11500,0,3980,12000,3940,6060,1380,4640,1250,350,4090,49190,15.6,12460,30710,340,0,120,360,390,2120,410,140,40,10,1020
3633,87500,32,0,Self-Employed,Tier_2,14750,0,2110,6290,7090,3980,3590,4330,3870,180,2520,48710,13.9,12160,38790,440,0,60,190,710,1390,1080,130,120,10,630
3634,8100,25,0,Student,Tier_1,2100,0,190,520,370,600,200,260,490,110,380,5220,11.7,950,2880,60,0,10,20,40,210,60,10,10,0,100
3635,52300,60,1,Retired,Tier_1,12010,0,1460,6310,3610,2050,2260,2020,970,370,2330,33390,21.3,11140,18910,360,0,40,190,360,720,680,60,30,10,580
3636,43700,52,1,Freelancer,Tier_1,6660,4420,1580,5050,3180,3230,1770,2360,2730,550,980,32510,17.9,7820,11190,200,130,50,150,320,1130,530,70,80,20,240
3637,84200,23,2,Salaried,Tier_3,17400,0,2740,10060,7110,2610,3450,4470,3780,300,1990,53910,12.6,10610,30290,520,0,80,300,710,910,1040,130,110,10,500
3638,20500,43,2,Salaried,Tier_3,4390,1880,360,3130,1810,1410,280,860,740,1340,740,16940,34.7,7110,3560,130,60,10,90,180,490,80,30,20,40,180
3639,49200,29,0,Salaried,Tier_2,12520,10070,810,4330,2620,3800,1740,2400,2510,540,2080,43420,29.7,14610,5780,380,300,20,130,260,1330,520,70,80,20,520
3640,56500,45,1,Self-Employed,Tier_3,8830,0,1090,7420,2340,1910,1120,1510,2730,700,2240,29890,9.4,5310,26610,260,0,30,220,230,670,340,50,80,20,560
3641,8100,26,4,Business Owner,Tier_1,2080,0,350,880,520,610,110,320,500,30,320,5720,24.5,1980,2380,60,0,10,30,50,210,30,10,20,0,80
3642,52100,29,1,Salaried,Tier_3,6740,0,1110,3400,2220,1150,2090,2210,1760,4470,1220,26370,34.0,17710,25730,200,0,30,100,220,400,630,70,50,130,300
3643,59300,31,1,Salaried,Tier_2,10110,10660,1790,7230,2160,2460,1300,3740,1420,810,3390,45070,30.6,18150,14230,300,320,50,220,220,860,390,110,40,20,850
3644,13700,46,1,Salaried,Tier_2,2210,620,430,960,1110,1010,410,660,530,70,740,8750,13.6,1860,4950,70,20,10,30,110,350,120,20,20,0,180
3645,197000,40,1,Business Owner,Tier_3,36120,0,5140,17110,13840,13240,5960,5220,9150,2110,7730,115620,29.2,57520,81380,1080,0,150,510,1380,4630,1790,160,270,60,1930
3646,44100,64,2,Retired,Tier_1,11590,0,680,5880,2790,3600,1450,2870,3010,4450,1370,37690,24.8,10940,6410,350,0,20,180,280,1260,440,90,90,130,340
3647,86700,32,1,Self-Employed,Tier_3,19800,0,2330,6460,5790,2340,3970,3820,1660,1210,2250,49630,30.9,26790,37070,590,0,70,190,580,820,1190,110,50,40,560
3648,33400,37,2,Self-Employed,Tier_2,8170,2450,510,4300,1060,980,1060,2190,2010,1780,730,25240,24.7,8250,8160,250,70,20,130,110,340,320,70,60,50,180
3649,23800,36,1,Salaried,Tier_3,6660,2860,980,2510,980,490,830,1350,900,260,600,18420,32.7,7780,5380,200,90,30,80,100,170,250,40,30,10,150
3650,28100,40,2,Salaried,Tier_2,5910,4780,1140,4500,1520,2240,1000,1210,430,2360,1400,26490,32.8,9220,1610,180,140,30,140,150,780,300,40,10,70,350
3651,123800,33,3,Salaried,Tier_1,22340,15210,1250,13550,5230,5540,5780,3130,4300,7920,4310,88560,13.1,16220,35240,670,460,40,410,520,1940,1730,90,130,240,1080
3652,162200,40,0,Business Owner,Tier_1,53120,32560,8100,15460,9930,6870,7840,8430,4780,290,6630,154010,34.3,55630,8190,1590,980,240,460,990,2400,2350,250,140,10,1660
3653,45100,42,0,Salaried,Tier_1,12760,5920,1710,5430,3100,2060,920,2210,2170,480,2270,39030,19.5,8790,6070,380,180,50,160,310,720,280,70,70,10,570
3654,120100,23,4,Salaried,Tier_2,29770,0,5670,21190,9330,8510,3890,6400,7190,1100,3800,96850,27.3,32790,23250,890,0,170,640,930,2980,1170,190,220,30,950
3655,36500,36,2,Salaried,Tier_3,6430,0,1230,4680,1440,1130,950,1830,720,500,1050,19960,27.9,10180,16540,190,0,40,140,140,400,280,50,20,20,260
3656,15900,25,0,Student,Tier_2,2900,0,190,1850,690,980,210,430,810,100,890,9050,8.6,1370,6850,90,0,10,60,70,340,60,10,20,0,220
3657,41900,44,0,Freelancer,Tier_1,12680,0,1890,4570,2520,2470,1890,2220,2310,160,2260,32970,24.4,10220,8930,380,0,60,140,250,860,570,70,70,0,560
3658,91800,33,0,Salaried,Tier_2,13260,13410,1500,11620,7120,5610,1320,4620,5330,1370,4930,70090,16.6,15240,21710,400,400,40,350,710,1960,400,140,160,40,1230
3659,4500,51,0,Freelancer,Tier_3,670,10,60,430,270,270,190,200,90,20,130,2340,30.1,1350,2160,20,0,0,10,30,90,60,10,0,0,30
3660,99900,44,2,Salaried,Tier_3,24890,0,1370,11880,4650,5460,3320,2400,2030,1210,5390,62600,15.8,15780,37300,750,0,40,360,460,1910,1000,70,60,40,1350
3661,65400,42,1,Self-Employed,Tier_1,15300,14050,3230,4360,2580,6020,3160,2690,3630,7310,2210,64540,9.1,5950,860,460,420,100,130,260,2110,950,80,110,220,550
3662,91200,44,2,Freelancer,Tier_2,26910,0,4460,13430,6480,5290,2230,2370,4820,10230,4100,80320,27.5,25080,10880,810,0,130,400,650,1850,670,70,140,310,1020
3663,106400,24,1,Salaried,Tier_1,34140,23330,4240,14370,5040,4530,3350,2780,5790,1280,2870,101720,29.9,31810,4680,1020,700,130,430,500,1590,1000,80,170,40,720
3664,22200,22,0,Student,Tier_1,3200,0,290,2190,1900,1550,720,460,1290,190,1070,12860,8.3,1840,9340,100,0,10,70,190,540,220,10,40,10,270
3665,112400,58,3,Retired,Tier_1,17320,0,4730,15550,3620,6970,1920,7510,6870,2980,6210,73680,26.9,30240,38720,520,0,140,470,360,2440,580,230,210,90,1550
3666,120200,40,0,Business Owner,Tier_2,23500,0,2930,13140,10070,4180,2190,6470,5980,1870,3590,73920,9.9,11900,46280,700,0,90,390,1010,1460,660,190,180,60,900
3667,106600,28,2,Salaried,Tier_2,26340,12570,4440,8510,9290,7230,3980,3800,1670,1170,3890,82890,13.8,14710,23710,790,380,130,260,930,2530,1190,110,50,40,970
3668,34600,52,2,Salaried,Tier_1,6380,0,410,5210,3060,2210,1230,1190,890,2510,1910,25000,31.1,10760,9600,190,0,10,160,310,770,370,40,30,80,480
3669,60300,28,2,Salaried,Tier_2,7830,8910,2530,8320,3600,2620,2860,3690,910,170,1350,42790,31.2,18810,17510,230,270,80,250,360,920,860,110,30,10,340
3670,94100,46,3,Self-Employed,Tier_1,13960,0,3000,14450,2900,3960,3990,4720,3130,1830,2300,54240,14.8,13930,39860,420,0,90,430,290,1390,1200,140,90,50,580
3671,174600,43,0,Self-Employed,Tier_1,29330,0,8570,13410,6870,5930,4630,3540,4540,2380,8190,87390,18.0,31430,87210,880,0,260,400,690,2080,1390,110,140,70,2050
3672,80000,19,3,Freelancer,Tier_1,21320,0,2750,7380,6190,7170,1730,4420,4780,20,1670,57430,15.9,12720,22570,640,0,80,220,620,2510,520,130,140,0,420
3673,111700,30,2,Salaried,Tier_1,36770,0,2710,12800,8830,8370,2480,6030,6020,3360,3410,90780,23.5,26250,20920,1100,0,80,380,880,2930,740,180,180,100,850
3674,52000,30,2,Salaried,Tier_1,10410,0,1560,5490,2890,1310,2340,1470,2200,800,2860,31330,30.8,16020,20670,310,0,50,160,290,460,700,40,70,20,720
3675,101100,34,0,Salaried,Tier_2,14910,0,1780,9090,5650,5310,4490,3300,1590,1600,2810,50530,24.7,24970,50570,450,0,50,270,560,1860,1350,100,50,50,700
3676,15300,20,0,Student,Tier_2,3030,1090,430,2140,930,410,350,530,340,150,590,9990,33.5,5130,5310,90,30,10,60,90,140,100,20,10,0,150
3677,24300,19,0,Student,Tier_2,5090,0,400,1770,1870,2170,1000,1210,1210,10,590,15320,16.7,4060,8980,150,0,10,50,190,760,300,40,40,0,150
3678,16500,22,0,Student,Tier_1,3180,0,550,1940,820,920,290,910,220,150,600,9580,8.3,1370,6920,100,0,20,60,80,320,90,30,10,0,150
3679,84200,28,2,Salaried,Tier_2,13260,17100,4140,7790,3510,3930,960,5090,4380,220,4240,64620,26.4,22230,19580,400,510,120,230,350,1380,290,150,130,10,1060
3680,18400,42,0,Salaried,Tier_1,3210,960,810,1630,700,670,200,440,530,30,410,9590,8.9,1640,8810,100,30,20,50,70,230,60,10,20,0,100
3681,85100,44,0,Freelancer,Tier_1,14520,0,4000,5160,4360,6210,2070,1950,4420,1010,3820,47520,14.1,12000,37580,440,0,120,150,440,2170,620,60,130,30,960
3682,8100,20,0,Student,Tier_1,2590,0,400,1010,520,210,230,170,310,100,220,5760,21.2,1720,2340,80,0,10,30,50,70,70,10,10,0,60
3683,24300,25,1,Business Owner,Tier_3,4830,0,360,1740,1390,2040,960,1570,600,50,1300,14840,17.7,4300,9460,140,0,10,50,140,710,290,50,20,0,320
3684,9900,34,3,Salaried,Tier_3,2910,0,170,1660,340,300,310,710,430,20,240,7090,12.9,1280,2810,90,0,10,50,30,100,90,20,10,0,60
3685,70400,32,2,Business Owner,Tier_1,21410,1670,2730,6890,4760,5070,1260,1770,2580,6120,1810,56070,16.4,11550,14330,640,50,80,210,480,1770,380,50,80,180,450
3686,54100,58,2,Retired,Tier_1,13380,2100,1230,4530,3530,2790,1780,1580,3050,1270,1150,36390,25.7,13900,17710,400,60,40,140,350,980,530,50,90,40,290
3687,6000,22,0,Student,Tier_2,810,0,260,430,440,540,80,250,290,40,140,3280,32.6,1960,2720,20,0,10,10,40,190,20,10,10,0,40
3688,4500,19,0,Self-Employed,Tier_3,640,330,80,300,320,190,160,150,50,20,250,2490,24.8,1120,2010,20,10,0,10,30,70,50,0,0,0,60
3689,61400,36,1,Freelancer,Tier_2,14420,5940,2220,6740,5360,1680,1760,1630,3070,6440,2000,51260,24.0,14740,10140,430,180,70,200,540,590,530,50,90,190,500
3690,76700,25,2,Salaried,Tier_1,16780,0,2580,8210,4540,6520,3120,4220,4510,550,3380,54410,20.2,15490,22290,500,0,80,250,450,2280,940,130,140,20,840
3691,252500,19,0,Business Owner,Tier_1,41200,7660,3350,33330,21900,16450,5560,7980,13830,2470,11700,165430,29.6,74740,87070,1240,230,100,1000,2190,5760,1670,240,410,70,2920
3692,98900,38,2,Salaried,Tier_1,13720,0,4620,12070,5830,8550,3480,4200,2450,1480,2490,58890,16.5,16320,40010,410,0,140,360,580,2990,1040,130,70,40,620
3693,12900,19,0,Student,Tier_3,2560,0,620,840,700,1150,160,400,350,130,610,7520,28.2,3640,5380,80,0,20,30,70,400,50,10,10,0,150
3694,69600,38,0,Self-Employed,Tier_2,19650,11230,2770,7020,3300,3740,2090,2950,4140,370,1690,58950,19.3,13430,10650,590,340,80,210,330,1310,630,90,120,10,420
3695,6000,18,0,Student,Tier_2,1090,0,260,400,350,350,110,160,80,40,250,3090,11.0,660,2910,30,0,10,10,40,120,30,0,0,0,60
3696,56600,43,2,Salaried,Tier_1,13990,4240,2260,7040,4820,1380,1220,3030,1890,1000,2830,43700,23.0,13020,12900,420,130,70,210,480,480,370,90,60,30,710
3697,80400,28,3,Salaried,Tier_2,22310,11300,840,6110,3070,2070,1480,2720,5590,1230,2660,59380,33.5,26930,21020,670,340,30,180,310,720,440,80,170,40,660
3698,94100,42,3,Salaried,Tier_2,27640,15060,2700,8450,3460,6050,2110,2880,2160,8670,3300,82480,11.4,10730,11620,830,450,80,250,350,2120,630,90,60,260,820
3699,75100,34,3,Salaried,Tier_2,18150,13030,2060,10130,6460,4730,2760,3610,2250,1100,3120,67400,12.6,9460,7700,540,390,60,300,650,1660,830,110,70,30,780
3700,81100,33,2,Business Owner,Tier_1,15450,6670,2220,11680,3480,6480,2490,3350,3060,5680,1850,62410,28.2,22870,18690,460,200,70,350,350,2270,750,100,90,170,460
3701,101900,30,2,Self-Employed,Tier_3,26790,6970,3650,15710,3770,7870,2200,3630,1990,1760,3100,77440,18.1,18440,24460,800,210,110,470,380,2750,660,110,60,50,780
3702,10100,22,0,Student,Tier_2,2210,0,180,1270,830,620,420,210,470,50,380,6640,34.3,3460,3460,70,0,10,40,80,220,130,10,10,0,100
3703,60200,37,1,Self-Employed,Tier_3,12180,0,1320,9060,5230,4900,2510,3700,820,3590,2510,45820,33.8,20350,14380,370,0,40,270,520,1720,750,110,20,110,630
3704,54100,46,1,Salaried,Tier_1,17680,4650,2490,6540,3870,4750,780,2380,2120,5020,2880,53160,24.3,13150,940,530,140,70,200,390,1660,230,70,60,150,720
3705,54200,36,1,Salaried,Tier_2,12850,0,2290,5220,4510,4070,1080,1750,900,900,2110,35680,23.4,12680,18520,390,0,70,160,450,1420,320,50,30,30,530
3706,120700,55,1,Self-Employed,Tier_1,32190,1380,5060,17590,10200,7640,4520,5730,2840,490,6120,93760,24.5,29570,26940,970,40,150,530,1020,2670,1360,170,90,10,1530
3707,6000,31,1,Freelancer,Tier_2,1690,0,120,480,320,410,70,210,180,10,130,3620,23.7,1420,2380,50,0,0,10,30,140,20,10,10,0,30
3708,109900,46,1,Salaried,Tier_1,33600,12270,3990,14820,3480,4100,5070,4370,1280,6430,4220,93630,14.9,16380,16270,1010,370,120,440,350,1440,1520,130,40,190,1060
3709,16600,27,1,Business Owner,Tier_3,3130,940,670,2070,810,870,550,540,660,150,710,11100,16.3,2710,5500,90,30,20,60,80,300,160,20,20,0,180
3710,48800,34,1,Self-Employed,Tier_1,13890,5340,1790,6060,3270,3490,750,2470,1780,750,1400,40990,16.1,7860,7810,420,160,50,180,330,1220,220,70,50,20,350
3711,137200,27,2,Business Owner,Tier_3,39210,19220,3950,12620,6920,7820,4740,5840,4570,880,7900,113670,9.8,13450,23530,1180,580,120,380,690,2740,1420,180,140,30,1980
3712,142000,26,0,Business Owner,Tier_1,31100,29210,1920,19420,9560,6760,2010,3520,2500,1990,4760,112750,12.7,18030,29250,930,880,60,580,960,2370,600,110,80,60,1190
3713,118900,26,2,Salaried,Tier_1,23980,16580,4220,17720,7890,3280,3680,5660,3800,370,6060,93240,8.1,9630,25660,720,500,130,530,790,1150,1100,170,110,10,1520
3714,76400,23,0,Business Owner,Tier_2,17040,4340,3110,5900,5820,1880,1060,3020,1450,280,3090,46990,8.9,6800,29410,510,130,90,180,580,660,320,90,40,10,770
3715,162800,36,0,Salaried,Tier_1,37660,15000,7940,11230,7260,3950,2690,3280,5590,1990,6900,103490,16.6,27020,59310,1130,450,240,340,730,1380,810,100,170,60,1720
3716,101500,27,3,Business Owner,Tier_2,19640,5590,3860,16230,4800,10830,2010,5280,6720,130,4400,79490,22.3,22630,22010,590,170,120,490,480,3790,600,160,200,0,1100
3717,79400,37,1,Business Owner,Tier_3,23560,0,1970,10680,6820,7830,910,2910,1660,810,2240,59390,20.2,16040,20010,710,0,60,320,680,2740,270,90,50,20,560
3718,53000,36,3,Self-Employed,Tier_2,11890,0,2090,7610,1800,3350,1240,2780,960,1870,1330,34920,27.3,14470,18080,360,0,60,230,180,1170,370,80,30,60,330
3719,31400,36,3,Salaried,Tier_3,5000,4380,530,5090,2690,2460,1300,1260,1160,3450,1810,29130,21.0,6590,2270,150,130,20,150,270,860,390,40,30,100,450
3720,52000,41,2,Self-Employed,Tier_3,12890,8430,1460,7710,2990,4890,2570,3400,2290,470,2870,49970,10.7,5560,2030,390,250,40,230,300,1710,770,100,70,10,720
3721,45100,26,3,Self-Employed,Tier_1,11970,0,1240,4340,2170,3920,1520,2600,2820,150,1140,31870,13.6,6130,13230,360,0,40,130,220,1370,460,80,80,0,280
3722,158800,25,4,Salaried,Tier_1,35630,22090,3130,21530,13660,13850,6200,6100,2870,1500,4440,131000,33.7,53520,27800,1070,660,90,650,1370,4850,1860,180,90,40,1110
3723,22200,63,2,Retired,Tier_2,4610,0,260,2120,1290,730,1040,1460,1340,360,1320,14530,31.6,7020,7670,140,0,10,60,130,260,310,40,40,10,330
3724,14200,19,2,Salaried,Tier_1,4430,2310,160,2290,1020,1030,520,410,260,230,300,12960,24.6,3490,1240,130,70,0,70,100,360,160,10,10,10,80
3725,41400,29,1,Salaried,Tier_3,11000,1540,1040,5590,1870,1660,1290,2240,600,670,2120,29620,27.8,11510,11780,330,50,30,170,190,580,390,70,20,20,530
3726,8100,63,1,Retired,Tier_1,1760,0,100,680,350,350,350,390,460,40,240,4720,11.6,940,3380,50,0,0,20,40,120,100,10,10,0,60
3727,48000,19,1,Business Owner,Tier_2,13100,0,2190,5090,4210,4270,1300,2550,2690,90,2100,37590,28.1,13490,10410,390,0,70,150,420,1490,390,80,80,0,520
3728,26800,38,1,Self-Employed,Tier_2,4180,3210,1020,3300,2220,1170,580,1450,350,430,710,18620,33.8,9060,8180,130,100,30,100,220,410,170,40,10,10,180
3729,50700,19,3,Freelancer,Tier_2,12860,0,1870,7140,2900,2310,640,1620,2970,840,1650,34800,13.9,7050,15900,390,0,60,210,290,810,190,50,90,30,410
3730,50800,36,2,Self-Employed,Tier_3,7890,350,2000,5270,1530,5180,880,3420,1290,3560,1300,32670,26.2,13310,18130,240,10,60,160,150,1810,260,100,40,110,320
3731,164700,23,0,Salaried,Tier_1,37210,850,6880,21280,5380,8210,3710,3640,7820,2290,5080,102350,32.9,54190,62350,1120,30,210,640,540,2870,1110,110,230,70,1270
3732,38400,67,0,Retired,Tier_3,9190,1290,740,2460,3420,2180,700,1980,1490,450,2170,26070,15.2,5840,12330,280,40,20,70,340,760,210,60,40,10,540
3733,68900,36,1,Salaried,Tier_1,16850,13220,740,8700,6070,4680,1430,4440,780,0,4110,61020,19.7,13570,7880,510,400,20,260,610,1640,430,130,20,0,1030
3734,46100,56,1,Retired,Tier_2,13090,3820,1020,6870,1810,3970,1980,2160,2560,2900,2390,42570,26.8,12350,3530,390,110,30,210,180,1390,590,60,80,90,600
3735,6000,58,2,Salaried,Tier_2,1260,0,210,960,250,270,90,360,300,80,200,3980,28.9,1730,2020,40,0,10,30,20,90,30,10,10,0,50
3736,120300,29,0,Business Owner,Tier_1,29800,26340,1370,14410,5820,7530,1510,3660,3440,510,5670,100060,26.8,32240,20240,890,790,40,430,580,2640,450,110,100,20,1420
3737,38000,37,1,Salaried,Tier_3,5710,8160,1130,4570,1260,3280,1560,2230,1880,330,1860,31970,28.5,10830,6030,170,240,30,140,130,1150,470,70,60,10,460
3738,91800,38,0,Freelancer,Tier_2,22920,0,1760,6810,3560,3390,1410,5080,1330,1490,2890,50640,18.6,17070,41160,690,0,50,200,360,1190,420,150,40,40,720
3739,60000,55,1,Retired,Tier_2,8060,0,1100,6750,4150,3920,2590,3160,900,560,3050,34240,18.9,11340,25760,240,0,30,200,420,1370,780,90,30,20,760
3740,120800,53,0,Business Owner,Tier_1,34350,19020,4400,12970,5730,5850,4580,2800,3590,510,5530,99330,27.6,33340,21470,1030,570,130,390,570,2050,1370,80,110,20,1380
3741,114500,34,3,Salaried,Tier_1,37360,20210,5610,13480,5420,9210,3330,4360,3270,7390,2800,112440,28.6,32750,2060,1120,610,170,400,540,3220,1000,130,100,220,700
3742,18700,38,0,Salaried,Tier_2,5470,0,250,2470,720,1040,890,1070,760,50,800,13520,11.2,2090,5180,160,0,10,70,70,360,270,30,20,0,200
3743,145300,45,1,Salaried,Tier_1,47720,20160,2750,10190,5610,6550,3600,5210,6310,6290,6380,120770,12.9,18740,24530,1430,600,80,310,560,2290,1080,160,190,190,1600
3744,16100,41,1,Freelancer,Tier_3,3140,2670,350,1240,1070,1280,710,740,880,1190,590,13860,29.7,4780,2240,90,80,10,40,110,450,210,20,30,40,150
3745,49600,36,1,Salaried,Tier_3,12230,6890,500,3800,2120,3300,990,2590,1140,610,2420,36590,15.0,7440,13010,370,210,20,110,210,1160,300,80,30,20,600
3746,41500,31,2,Salaried,Tier_2,10240,0,1830,3200,2230,3630,690,1570,2670,4580,1110,31750,33.9,14070,9750,310,0,50,100,220,1270,210,50,80,140,280
3747,10500,23,0,Student,Tier_2,2630,0,130,1390,550,250,300,290,560,0,610,6710,17.5,1840,3790,80,0,0,40,60,90,90,10,20,0,150
3748,126600,31,1,Salaried,Tier_2,23630,19250,2990,15920,7840,9010,1590,4730,7780,1430,3320,97490,27.3,34560,29110,710,580,90,480,780,3150,480,140,230,40,830
3749,116600,29,0,Salaried,Tier_1,31520,0,4450,9970,10260,8180,4350,6820,1470,1700,3560,82280,22.2,25890,34320,950,0,130,300,1030,2860,1300,200,40,50,890
3750,59700,28,3,Salaried,Tier_3,14430,0,2290,8300,4260,3720,1000,3030,2920,220,2460,42630,25.6,15280,17070,430,0,70,250,430,1300,300,90,90,10,620
3751,114800,21,3,Self-Employed,Tier_2,28690,4870,1400,12190,6520,5450,5300,3810,3470,560,2950,75210,23.2,26630,39590,860,150,40,370,650,1910,1590,110,100,20,740
3752,56000,27,1,Freelancer,Tier_1,12310,12070,2730,3950,3860,1830,1540,2670,3210,110,2090,46370,26.6,14900,9630,370,360,80,120,390,640,460,80,100,0,520
3753,92600,37,1,Self-Employed,Tier_2,17040,980,3560,8200,3110,9840,960,4710,2560,9990,5140,66090,19.3,17870,26510,510,30,110,250,310,3440,290,140,80,300,1280
3754,6000,50,3,Business Owner,Tier_2,740,610,70,940,230,480,290,270,220,210,300,4360,19.3,1160,1640,20,20,0,30,20,170,90,10,10,10,80
3755,73300,36,1,Salaried,Tier_2,10500,0,1080,6300,3620,5640,1090,3070,4460,850,3370,39980,28.3,20740,33320,320,0,30,190,360,1970,330,90,130,30,840
3756,47300,37,1,Business Owner,Tier_3,7570,8970,990,5950,3930,4650,2060,1620,550,550,1500,38340,13.4,6340,8960,230,270,30,180,390,1630,620,50,20,20,380
3757,78300,37,0,Salaried,Tier_3,11450,0,1200,7830,3800,6440,1220,1920,1550,190,3060,38660,31.1,24350,39640,340,0,40,230,380,2250,370,60,50,10,760
3758,27300,21,0,Student,Tier_2,4880,0,700,3690,2300,1520,1140,1350,460,290,1010,17340,27.0,7370,9960,150,0,20,110,230,530,340,40,10,10,250
3759,49900,45,1,Freelancer,Tier_2,6250,0,2370,4100,2440,2740,960,2690,2010,3210,2770,29540,14.4,7190,20360,190,0,70,120,240,960,290,80,60,100,690
3760,177200,53,1,Self-Employed,Tier_1,45360,0,4010,25500,14930,7880,8220,5310,3540,850,7990,123590,14.7,26050,53610,1360,0,120,760,1490,2760,2470,160,110,30,2000
3761,20100,63,0,Retired,Tier_3,3510,960,620,1240,990,780,800,940,380,350,410,10980,29.2,5870,9120,110,30,20,40,100,270,240,30,10,10,100
3762,125200,19,0,Salaried,Tier_2,30570,0,4240,11500,10870,5630,2830,3240,6050,120,2980,78030,22.2,27790,47170,920,0,130,340,1090,1970,850,100,180,0,740
3763,83200,30,4,Salaried,Tier_1,23960,0,3160,14720,4100,3460,2190,3680,2930,940,4450,63590,12.7,10570,19610,720,0,90,440,410,1210,660,110,90,30,1110
3764,37900,19,3,Salaried,Tier_3,8900,4630,610,4150,2310,1470,430,2140,2760,460,1630,29490,17.3,6560,8410,270,140,20,120,230,510,130,60,80,10,410
3765,6000,46,1,Business Owner,Tier_2,1060,910,290,730,370,160,240,310,360,260,260,4950,29.1,1750,1050,30,30,10,20,40,60,70,10,10,10,60
3766,53900,32,2,Salaried,Tier_1,8960,8530,1220,6420,2440,3300,830,1370,760,4440,1900,40170,8.6,4640,13730,270,260,40,190,240,1160,250,40,20,130,480
3767,37500,43,0,Salaried,Tier_2,7840,6110,1250,2390,2430,1970,750,1420,1030,240,1920,27350,24.8,9300,10150,240,180,40,70,240,690,220,40,30,10,480
3768,163700,28,0,Salaried,Tier_1,25710,14420,6930,12480,6670,14530,7010,9640,6210,490,9070,113160,25.6,41910,50540,770,430,210,370,670,5090,2100,290,190,10,2270
3769,134900,19,2,Self-Employed,Tier_2,36160,0,5510,21730,7720,4720,3260,3750,2170,2110,4460,91590,28.0,37770,43310,1080,0,170,650,770,1650,980,110,70,60,1120
3770,8100,40,1,Salaried,Tier_1,2240,600,290,560,530,680,160,250,120,180,230,5840,19.0,1540,2260,70,20,10,20,50,240,50,10,0,10,60
3771,18100,30,0,Freelancer,Tier_2,4040,1820,290,2340,970,1320,370,580,830,120,370,13050,20.8,3760,5050,120,50,10,70,100,460,110,20,20,0,90
3772,24800,33,1,Salaried,Tier_3,6800,3650,1160,1890,1460,1790,800,1290,750,1190,1360,22140,17.7,4390,2660,200,110,30,60,150,630,240,40,20,40,340
3773,112000,46,0,Salaried,Tier_2,25130,0,3900,9260,3910,7650,4710,6180,1660,1060,4430,67890,26.6,29790,44110,750,0,120,280,390,2680,1410,190,50,30,1110
3774,61200,50,3,Self-Employed,Tier_2,13470,0,2930,6760,3800,5910,2370,3830,770,3060,3280,46180,8.9,5450,15020,400,0,90,200,380,2070,710,110,20,90,820
3775,10800,19,0,Student,Tier_2,1730,0,460,1040,450,280,170,340,470,140,640,5720,22.5,2430,5080,50,0,10,30,40,100,50,10,10,0,160
3776,38300,26,0,Salaried,Tier_3,8220,0,1220,2470,3400,3110,920,1060,2250,70,2250,24970,27.6,10570,13330,250,0,40,70,340,1090,280,30,70,0,560
3777,69100,44,1,Salaried,Tier_3,13090,12520,2270,8420,3140,5040,1750,4070,1840,670,2770,55580,32.0,22110,13520,390,380,70,250,310,1760,520,120,60,20,690
3778,19300,21,0,Student,Tier_3,5080,0,210,1450,1200,1530,240,390,1110,40,750,12000,11.1,2140,7300,150,0,10,40,120,540,70,10,30,0,190
3779,14600,31,0,Freelancer,Tier_3,2150,1920,590,1900,1280,400,360,310,200,200,410,9720,34.2,4990,4880,60,60,20,60,130,140,110,10,10,10,100
3780,6000,43,2,Freelancer,Tier_2,1300,960,190,850,500,440,230,250,70,700,320,5810,27.1,1630,190,40,30,10,30,50,150,70,10,0,20,80
3781,9300,24,0,Student,Tier_3,1300,0,240,650,740,320,390,300,520,80,480,5020,13.0,1210,4280,40,0,10,20,70,110,120,10,20,0,120
3782,59700,35,0,Salaried,Tier_1,9770,2380,1990,8330,3980,1240,860,1600,1330,1030,2820,35330,8.4,5010,24370,290,70,60,250,400,430,260,50,40,30,700
3783,42400,19,0,Student,Tier_1,10740,0,1890,4580,2350,850,1540,2270,2220,690,2440,29570,20.5,8690,12830,320,0,60,140,240,300,460,70,70,20,610
3784,75200,41,1,Freelancer,Tier_2,15840,0,880,6500,6350,5030,2530,3660,4150,830,3790,49560,28.5,21430,25640,480,0,30,200,640,1760,760,110,120,20,950
3785,95300,37,0,Salaried,Tier_1,17520,0,3410,6510,4700,5300,4490,2660,1760,370,5280,52000,9.9,9430,43300,530,0,100,200,470,1850,1350,80,50,10,1320
3786,45300,19,3,Self-Employed,Tier_2,13310,2460,1210,3660,3730,1820,630,2230,1480,110,1720,32360,22.7,10280,12940,400,70,40,110,370,640,190,70,40,0,430
3787,70400,33,4,Salaried,Tier_1,19050,0,1530,7860,5450,4360,1550,3810,2490,250,2210,48560,10.7,7530,21840,570,0,50,240,540,1530,460,110,70,10,550
3788,6000,20,0,Student,Tier_2,1310,570,200,540,190,270,70,150,170,80,310,3860,16.1,970,2140,40,20,10,20,20,90,20,0,10,0,80
3789,154000,44,0,Salaried,Tier_2,25270,25180,6560,11600,5550,5600,3150,8700,6090,1360,6660,105720,12.0,18480,48280,760,760,200,350,560,1960,940,260,180,40,1660
3790,38500,49,1,Salaried,Tier_1,12230,7540,1170,5080,1900,2930,1350,970,1700,2380,1810,39060,12.0,4620,-560,370,230,40,150,190,1030,400,30,50,70,450
3791,77700,68,1,Freelancer,Tier_2,16750,0,2300,10620,4340,3780,2090,1960,2500,3090,3570,51000,9.8,7610,26700,500,0,70,320,430,1320,630,60,80,90,890
3792,213300,19,1,Salaried,Tier_1,68110,0,2240,25910,13240,10330,10260,5500,13370,980,10110,160050,19.6,41810,53250,2040,0,70,780,1320,3620,3080,160,400,30,2530
3793,48500,32,1,Salaried,Tier_1,13440,8440,1210,3710,4280,1120,1350,2010,960,490,2600,39610,27.9,13530,8890,400,250,40,110,430,390,400,60,30,10,650
3794,10800,21,0,Student,Tier_2,2820,0,130,710,700,490,250,260,150,60,510,6080,31.6,3410,4720,80,0,0,20,70,170,80,10,0,0,130
3795,84800,33,0,Salaried,Tier_2,13250,12960,3330,10280,3180,3980,860,4570,2710,140,2150,57410,19.2,16280,27390,400,390,100,310,320,1390,260,140,80,0,540
3796,67900,19,0,Salaried,Tier_1,9440,0,1230,7110,2270,2510,1530,2280,3290,230,3080,32970,16.4,11140,34930,280,0,40,210,230,880,460,70,100,10,770
3797,135300,25,0,Salaried,Tier_1,28780,22010,3930,18780,8640,3560,2430,7220,4350,2380,6240,108320,17.2,23270,26980,860,660,120,560,860,1250,730,220,130,70,1560
3798,79900,19,0,Freelancer,Tier_3,15080,0,1630,5270,6290,5160,3840,3560,1210,100,3770,45910,28.1,22450,33990,450,0,50,160,630,1810,1150,110,40,0,940
3799,47300,41,0,Freelancer,Tier_1,8330,8970,690,3440,3380,3800,1860,1960,2240,140,1120,35930,17.4,8230,11370,250,270,20,100,340,1330,560,60,70,0,280
3800,7100,19,0,Student,Tier_2,970,0,270,800,590,240,330,220,320,90,190,4020,9.6,680,3080,30,0,10,20,60,80,100,10,10,0,50
3801,19600,22,0,Self-Employed,Tier_3,4410,0,660,1600,1450,1700,740,460,810,160,580,12570,28.7,5630,7030,130,0,20,50,140,600,220,10,20,0,140
3802,105700,52,0,Salaried,Tier_2,16810,8700,2400,14710,5000,3690,2850,5870,4190,140,3330,67690,26.1,27590,38010,500,260,70,440,500,1290,860,180,130,0,830
3803,22700,21,0,Student,Tier_1,6720,0,670,1540,1130,810,1020,460,440,10,830,13630,34.9,7920,9070,200,0,20,50,110,280,310,10,10,0,210
3804,55000,22,0,Salaried,Tier_2,8860,0,790,6680,2860,3390,1520,3170,3100,200,2270,32840,21.5,11820,22160,270,0,20,200,290,1190,460,100,90,10,570
3805,17900,37,1,Salaried,Tier_3,3270,0,740,2370,1430,1230,400,1070,300,490,770,12070,30.3,5420,5830,100,0,20,70,140,430,120,30,10,10,190
3806,29700,28,0,Freelancer,Tier_2,5460,0,1380,2140,1040,940,400,1770,410,20,1240,14800,30.1,8940,14900,160,0,40,60,100,330,120,50,10,0,310
3807,113500,28,1,Business Owner,Tier_2,21230,19670,4960,10710,9070,9500,5070,2570,5660,620,3860,92920,32.0,36320,20580,640,590,150,320,910,3320,1520,80,170,20,960
3808,4500,22,0,Student,Tier_3,790,0,50,440,300,320,80,140,250,20,200,2590,22.7,1020,1910,20,0,0,10,30,110,20,0,10,0,50
3809,74000,25,1,Salaried,Tier_3,18110,5310,2390,4960,6180,3280,3480,2710,3820,560,3720,54520,17.1,12650,19480,540,160,70,150,620,1150,1040,80,110,20,930
3810,37600,36,3,Salaried,Tier_3,8780,1840,790,3970,2180,3080,1720,2130,1660,4130,1780,32060,9.7,3650,5540,260,60,20,120,220,1080,520,60,50,120,440
3811,18100,22,0,Student,Tier_3,3210,0,850,2500,640,510,830,550,640,210,430,10370,11.9,2150,7730,100,0,30,80,60,180,250,20,20,10,110
3812,168100,19,3,Business Owner,Tier_2,30260,21290,5520,24810,6520,18140,2110,8020,4920,1130,6010,128730,34.2,57490,39370,910,640,170,740,650,6350,630,240,150,30,1500
3813,76500,35,0,Self-Employed,Tier_1,20660,1540,2900,7280,5580,6930,1050,3080,4590,1200,1890,56700,11.5,8800,19800,620,50,90,220,560,2430,320,90,140,40,470
3814,26600,31,2,Salaried,Tier_2,6660,0,980,4320,1200,1670,830,1180,1700,1770,870,21180,15.3,4070,5420,200,0,30,130,120,580,250,40,50,50,220
3815,72200,31,2,Salaried,Tier_1,17410,13270,3530,5350,3700,3500,1390,4450,4820,780,3440,61640,25.0,18050,10560,520,400,110,160,370,1220,420,130,140,20,860
3816,57200,61,0,Retired,Tier_1,12310,9750,2300,6130,3350,3370,1150,3100,2070,170,3020,46720,22.1,12640,10480,370,290,70,180,340,1180,340,90,60,10,760
3817,79900,37,2,Salaried,Tier_2,16910,13500,2780,10020,4490,2420,1370,5050,1410,9550,3940,71440,32.9,26290,8460,510,400,80,300,450,850,410,150,40,290,980
3818,19300,19,2,Business Owner,Tier_2,2900,2290,590,2410,960,1390,500,840,400,100,1080,13460,17.7,3420,5840,90,70,20,70,100,490,150,30,10,0,270
3819,21100,21,0,Student,Tier_2,3200,0,690,1870,1170,1550,490,710,280,160,730,10850,23.9,5040,10250,100,0,20,60,120,540,150,20,10,0,180
3820,58800,47,1,Salaried,Tier_1,18750,3070,2640,8870,5290,2200,1360,2570,3580,5410,2040,55780,22.7,13350,3020,560,90,80,270,530,770,410,80,110,160,510
3821,36100,28,0,Freelancer,Tier_2,5010,2260,890,2400,2940,1800,1030,1200,1100,430,2000,21060,10.7,3860,15040,150,70,30,70,290,630,310,40,30,10,500
3822,26000,23,0,Student,Tier_2,5260,2010,650,3550,1160,2330,1180,1110,620,220,1210,19300,23.7,6160,6700,160,60,20,110,120,820,350,30,20,10,300
3823,136800,42,1,Freelancer,Tier_1,40300,0,1410,14760,10500,9550,4210,4360,4260,13790,5620,108760,10.2,13950,28040,1210,0,40,440,1050,3340,1260,130,130,410,1400
3824,121000,41,0,Business Owner,Tier_1,21530,0,5570,9750,6490,12310,2410,5860,1640,2130,4720,72410,19.9,24080,48590,650,0,170,290,650,4310,720,180,50,60,1180
3825,99700,23,0,Self-Employed,Tier_1,24210,19980,3520,9420,3250,5650,1660,4830,1400,1110,5570,80600,15.4,15350,19100,730,600,110,280,320,1980,500,140,40,30,1390
3826,30100,25,0,Student,Tier_1,4150,0,370,1900,920,680,940,790,1720,370,820,12660,33.7,10140,17440,120,0,10,60,90,240,280,20,50,10,200
3827,9500,21,2,Salaried,Tier_2,2650,0,330,1170,740,300,150,400,460,70,460,6730,17.4,1650,2770,80,0,10,40,70,100,40,10,10,0,120
3828,75100,21,0,Salaried,Tier_1,12650,5800,2550,5260,3000,6540,2630,4020,3690,40,3970,50150,32.3,24260,24950,380,170,80,160,300,2290,790,120,110,0,990
3829,5700,61,2,Retired,Tier_3,1570,0,250,420,440,300,240,210,90,290,320,4130,12.1,690,1570,50,0,10,10,40,100,70,10,0,10,80
3830,77400,51,0,Salaried,Tier_1,23830,0,3550,7620,2690,5020,2780,3690,2400,1020,3080,55680,16.7,12930,21720,710,0,110,230,270,1760,830,110,70,30,770
3831,109800,39,0,Self-Employed,Tier_1,30360,0,2540,6850,3860,5360,4940,2260,2650,30,2610,61460,34.4,37770,48340,910,0,80,210,390,1880,1480,70,80,0,650
3832,79300,31,1,Business Owner,Tier_2,15520,0,1170,11110,4830,5970,1840,1840,2650,930,1860,47720,24.5,19430,31580,470,0,40,330,480,2090,550,60,80,30,460
3833,147200,37,0,Business Owner,Tier_2,21300,11700,4120,16050,5790,13820,3760,6620,5780,2390,6780,98110,15.6,22960,49090,640,350,120,480,580,4840,1130,200,170,70,1700
3834,71200,47,3,Salaried,Tier_2,16930,8120,3040,9850,5540,5700,2360,5250,3920,550,4240,65500,21.6,15380,5700,510,240,90,300,550,1990,710,160,120,20,1060
3835,81700,39,1,Self-Employed,Tier_2,12650,17160,2740,7020,6460,8720,4050,2390,2600,5860,4040,73690,15.8,12910,8010,380,510,80,210,650,3050,1220,70,80,180,1010
3836,57300,29,0,Salaried,Tier_1,11930,4020,1400,5880,4680,1770,2060,1770,2190,460,2920,39080,34.4,19710,18220,360,120,40,180,470,620,620,50,70,10,730
3837,135700,19,1,Self-Employed,Tier_3,28430,4470,2220,12930,12160,13860,3400,8080,4880,1350,3090,94870,30.6,41520,40830,850,130,70,390,1220,4850,1020,240,150,40,770
3838,145300,19,0,Salaried,Tier_1,45030,7000,7140,14540,10830,5110,3530,5730,3080,2060,6710,110760,12.1,17580,34540,1350,210,210,440,1080,1790,1060,170,90,60,1680
3839,57300,30,3,Salaried,Tier_2,10720,0,2220,5530,3550,2790,1820,1510,880,3150,1860,34030,11.3,6470,23270,320,0,70,170,360,980,550,50,30,90,460
3840,85600,31,3,Salaried,Tier_2,24500,12310,940,8050,7190,3180,3110,5760,3580,9980,3300,81900,12.7,10870,3700,740,370,30,240,720,1110,930,170,110,300,820
3841,8100,21,0,Salaried,Tier_1,2780,0,220,980,260,540,370,360,200,90,280,6080,17.7,1430,2020,80,0,10,30,30,190,110,10,10,0,70
3842,78200,27,3,Self-Employed,Tier_3,15940,0,1310,12460,2490,5530,1150,3930,3370,1410,1920,49510,26.2,20490,28690,480,0,40,370,250,1940,340,120,100,40,480
3843,24400,47,1,Business Owner,Tier_1,7310,2930,820,2870,860,980,1150,660,800,80,1440,19900,22.9,5590,4500,220,90,20,90,90,340,340,20,20,0,360
3844,108700,39,0,Self-Employed,Tier_1,30270,0,2010,13440,4090,11440,4320,6400,6280,480,6420,85150,15.8,17170,23550,910,0,60,400,410,4000,1300,190,190,10,1600
3845,35500,20,0,Student,Tier_1,7490,0,650,4550,2560,1570,630,1890,1790,240,1570,22940,31.9,11320,12560,220,0,20,140,260,550,190,60,50,10,390
3846,143800,25,1,Business Owner,Tier_3,28280,0,1920,19860,5060,14650,5180,8600,2930,1780,5470,93730,9.5,13660,50070,850,0,60,600,510,5130,1550,260,90,50,1370
3847,73300,25,1,Salaried,Tier_1,18730,0,1190,6120,5190,5130,3170,2470,4630,850,2430,49910,33.1,24260,23390,560,0,40,180,520,1800,950,70,140,30,610
3848,52200,66,4,Retired,Tier_1,11840,10860,2460,6360,2470,3490,2110,3890,820,3060,1530,48890,25.4,13260,3310,360,330,70,190,250,1220,630,120,20,90,380
3849,170000,29,0,Business Owner,Tier_2,30080,0,6730,20190,15010,4120,3530,4760,2340,310,4520,91590,32.6,55420,78410,900,0,200,610,1500,1440,1060,140,70,10,1130
3850,50100,40,4,Salaried,Tier_2,9630,0,1280,5690,1580,2590,1820,2830,1430,770,1560,29180,11.8,5910,20920,290,0,40,170,160,910,550,80,40,20,390
3851,109400,19,1,Salaried,Tier_1,28030,6390,4120,14990,8930,9050,4100,4360,6830,730,3310,90840,12.6,13780,18560,840,190,120,450,890,3170,1230,130,200,20,830
3852,133100,33,2,Salaried,Tier_1,22590,80,4360,17260,9600,11570,2870,6550,7830,7280,4920,94910,30.2,40200,38190,680,0,130,520,960,4050,860,200,230,220,1230
3853,97300,43,0,Business Owner,Tier_2,21320,9720,4340,6500,6910,7230,4230,5730,5800,290,3960,76030,33.5,32600,21270,640,290,130,200,690,2530,1270,170,170,10,990
3854,7500,28,2,Salaried,Tier_3,1230,0,270,580,600,450,240,460,480,80,180,4570,20.0,1500,2930,40,0,10,20,60,160,70,10,10,0,40
3855,72600,28,1,Salaried,Tier_2,10290,5510,810,8900,4720,5990,1900,2940,980,1060,4180,47280,15.0,10890,25320,310,170,20,270,470,2100,570,90,30,30,1040
3856,166200,49,2,Business Owner,Tier_2,40770,0,1930,23200,5870,10060,7750,7060,10990,360,8220,116210,9.8,16290,49990,1220,0,60,700,590,3520,2320,210,330,10,2060
3857,4500,32,2,Business Owner,Tier_3,1100,0,90,660,160,160,50,270,180,30,270,2970,15.5,700,1530,30,0,0,20,20,60,20,10,10,0,70
3858,109600,37,1,Salaried,Tier_1,35980,22410,3970,8070,7650,7860,2300,5560,1770,10090,2500,108160,21.6,23670,1440,1080,670,120,240,760,2750,690,170,50,300,620
3859,45900,39,1,Salaried,Tier_1,15740,0,1750,5610,3080,2490,2080,1940,880,90,1620,35280,15.8,7250,10620,470,0,50,170,310,870,620,60,30,0,400
3860,9600,20,0,Student,Tier_1,1860,0,280,990,720,210,420,480,190,30,410,5590,34.5,3310,4010,60,0,10,30,70,70,130,10,10,0,100
3861,69200,31,0,Salaried,Tier_1,21730,0,740,5850,5920,5040,820,4130,2410,930,2050,49620,31.6,21870,19580,650,0,20,180,590,1760,250,120,70,30,510
3862,119500,30,0,Business Owner,Tier_1,19950,13110,2100,15730,9430,5980,2130,3940,4020,1190,5660,83240,11.2,13380,36260,600,390,60,470,940,2090,640,120,120,40,1420
3863,52400,19,2,Salaried,Tier_3,13030,2490,1600,6190,3370,3690,2110,2300,950,890,2480,39100,32.3,16930,13300,390,70,50,190,340,1290,630,70,30,30,620
3864,69500,65,0,Retired,Tier_2,17230,1890,1430,7010,4770,4940,3430,3510,3560,610,1750,50130,26.4,18350,19370,520,60,40,210,480,1730,1030,110,110,20,440
3865,57900,36,0,Self-Employed,Tier_1,17630,12020,1640,4330,2630,3510,2450,1620,2590,170,1430,50020,31.6,18300,7880,530,360,50,130,260,1230,740,50,80,10,360
3866,8100,20,0,Student,Tier_1,2000,880,210,570,260,730,260,470,170,140,170,5860,23.6,1910,2240,60,30,10,20,30,260,80,10,10,0,40
3867,167000,40,0,Self-Employed,Tier_1,29210,0,1840,11920,14540,13510,2720,6960,4610,2720,3840,91870,17.7,29560,75130,880,0,60,360,1450,4730,820,210,140,80,960
3868,80700,42,1,Self-Employed,Tier_2,19210,760,2070,10890,4970,3840,2790,3170,1590,1170,3280,53740,13.1,10570,26960,580,20,60,330,500,1340,840,100,50,40,820
3869,50200,27,0,Salaried,Tier_2,14590,2290,600,3790,3400,2340,1010,1650,1990,500,2890,35050,21.1,10590,15150,440,70,20,110,340,820,300,50,60,20,720
3870,136100,38,0,Salaried,Tier_1,38040,5750,5470,19030,11320,8960,5010,2820,6460,2220,3190,108270,27.1,36880,27830,1140,170,160,570,1130,3140,1500,80,190,70,800
3871,178300,27,4,Salaried,Tier_2,28110,16100,2490,27680,12870,5340,5130,7430,5100,280,4020,114550,8.4,14980,63750,840,480,70,830,1290,1870,1540,220,150,10,1000
3872,118000,42,0,Self-Employed,Tier_1,26760,4480,3770,14770,9400,7570,4210,2850,4390,1870,7030,87100,19.0,22420,30900,800,130,110,440,940,2650,1260,90,130,60,1760
3873,130600,36,2,Salaried,Tier_1,22500,24010,6010,14190,8040,9850,2030,7120,6970,2100,5550,108370,27.8,36310,22230,680,720,180,430,800,3450,610,210,210,60,1390
3874,61000,24,2,Self-Employed,Tier_1,9270,0,2550,8320,5210,1830,1690,3310,2040,230,3580,38030,9.2,5610,22970,280,0,80,250,520,640,510,100,60,10,900
3875,9700,30,3,Self-Employed,Tier_1,2720,470,130,850,630,260,270,700,710,30,230,7000,22.8,2210,2700,80,10,0,30,60,90,80,20,20,0,60
3876,86500,27,2,Salaried,Tier_3,22920,0,1240,11710,3750,3410,4090,3880,5690,270,3520,60480,29.9,25860,26020,690,0,40,350,380,1190,1230,120,170,10,880
3877,101800,36,2,Self-Employed,Tier_1,31770,0,4920,12690,5560,3530,5070,4900,3660,2990,6090,81180,14.4,14660,20620,950,0,150,380,560,1240,1520,150,110,90,1520
3878,51000,34,0,Self-Employed,Tier_1,17410,0,640,3610,4130,3940,650,1820,2460,340,1240,36240,9.9,5050,14760,520,0,20,110,410,1380,200,50,70,10,310
3879,65100,43,3,Salaried,Tier_2,19360,6160,2280,6670,4380,4300,2360,3660,4480,6240,1320,61210,14.5,9440,3890,580,180,70,200,440,1500,710,110,130,190,330
3880,111900,34,1,Salaried,Tier_1,37720,0,3910,11050,5010,5800,4850,6660,4240,5490,5220,89950,34.9,39050,21950,1130,0,120,330,500,2030,1460,200,130,160,1300
3881,26500,33,0,Freelancer,Tier_2,7870,4760,450,2910,990,1010,1030,890,910,180,1220,22220,14.9,3950,4280,240,140,10,90,100,350,310,30,30,10,300
3882,17600,20,0,Student,Tier_2,2480,870,750,2060,1230,930,880,630,720,270,960,11780,27.6,4860,5820,70,30,20,60,120,330,260,20,20,10,240
3883,18700,19,0,Student,Tier_2,5550,0,390,1250,930,1570,470,950,340,40,710,12200,15.4,2880,6500,170,0,10,40,90,550,140,30,10,0,180
3884,68400,19,2,Salaried,Tier_2,13900,11460,3230,5160,3850,3010,3410,4160,3000,520,2580,54280,28.6,19560,14120,420,340,100,150,380,1050,1020,120,90,20,640
3885,144300,19,1,Salaried,Tier_1,45110,0,4100,20530,9510,3000,4330,7020,5280,2520,2960,104360,31.4,45310,39940,1350,0,120,620,950,1050,1300,210,160,80,740
3886,90500,28,1,Salaried,Tier_3,23110,18160,1760,8140,7330,7980,1320,1960,1830,120,3850,75560,9.9,8960,14940,690,540,50,240,730,2790,400,60,50,0,960
3887,45200,47,2,Salaried,Tier_3,13020,4560,1790,5650,3050,2440,770,1930,1160,460,2560,37390,14.0,6330,7810,390,140,50,170,300,850,230,60,30,10,640
3888,17100,21,0,Student,Tier_3,2490,0,440,1210,790,920,380,700,210,120,890,8150,24.0,4100,8950,70,0,10,40,80,320,110,20,10,0,220
3889,22500,33,3,Self-Employed,Tier_2,6200,0,590,3250,1460,2100,960,1560,340,2620,620,19700,30.6,6880,2800,190,0,20,100,150,740,290,50,10,80,160
3890,12200,21,0,Student,Tier_3,3270,0,200,1450,610,740,210,680,300,50,370,7880,10.0,1220,4320,100,0,10,40,60,260,60,20,10,0,90
3891,59300,33,1,Salaried,Tier_2,10790,0,930,3890,4590,2560,2070,3740,1020,1050,2420,33060,28.5,16900,26240,320,0,30,120,460,900,620,110,30,30,600
3892,4500,47,1,Self-Employed,Tier_3,790,0,90,510,220,150,200,120,150,80,100,2410,13.0,580,2090,20,0,0,20,20,50,60,0,0,0,20
3893,65100,49,3,Salaried,Tier_1,18000,0,2600,11130,4440,4110,1520,4110,1820,6070,2030,55830,25.7,16730,9270,540,0,80,330,440,1440,460,120,50,180,510
3894,61000,31,0,Salaried,Tier_1,16560,0,2380,4870,4140,3560,1770,2160,2620,730,2710,41500,15.8,9640,19500,500,0,70,150,410,1250,530,60,80,20,680
3895,25200,24,3,Salaried,Tier_3,3740,3930,690,3010,2250,1910,840,750,1060,430,510,19120,16.5,4160,6080,110,120,20,90,220,670,250,20,30,10,130
3896,78400,34,1,Salaried,Tier_1,11770,0,900,9060,6310,2170,2540,1860,4870,1160,4350,44990,11.0,8620,33410,350,0,30,270,630,760,760,60,150,30,1090
3897,78600,66,0,Retired,Tier_1,12710,5020,2250,8370,3120,3590,3860,4080,4220,1280,2130,50630,15.6,12260,27970,380,150,70,250,310,1260,1160,120,130,40,530
3898,54900,28,1,Salaried,Tier_1,13370,0,1600,6310,2690,2260,2690,1600,2700,850,1890,35960,25.9,14220,18940,400,0,50,190,270,790,810,50,80,30,470
3899,19000,21,0,Student,Tier_2,3350,0,500,1420,1530,1710,890,680,250,170,840,11340,21.8,4140,7660,100,0,20,40,150,600,270,20,10,10,210
3900,66600,35,1,Salaried,Tier_3,8470,0,2370,7790,4900,4770,1890,1570,3310,90,2060,37220,33.6,22380,29380,250,0,70,230,490,1670,570,50,100,0,520
3901,11600,21,0,Student,Tier_2,1760,0,280,960,600,1010,470,680,190,50,610,6610,33.7,3910,4990,50,0,10,30,60,350,140,20,10,0,150
3902,114000,32,2,Business Owner,Tier_2,18630,18440,3760,11380,6600,11450,4410,5710,2020,710,6360,89470,30.3,34540,24530,560,550,110,340,660,4010,1320,170,60,20,1590
3903,87800,27,2,Salaried,Tier_2,12550,10730,2240,12700,3680,4180,1790,4620,4400,910,3380,61180,34.3,30120,26620,380,320,70,380,370,1460,540,140,130,30,840
3904,54500,23,0,Business Owner,Tier_2,10080,3660,2130,6480,2730,2770,2240,1930,2410,90,1490,36010,8.6,4690,18490,300,110,60,190,270,970,670,60,70,0,370
3905,4500,23,0,Student,Tier_3,990,420,200,470,350,180,200,170,50,40,180,3250,21.7,980,1250,30,10,10,10,40,60,60,10,0,0,40
3906,19600,19,3,Self-Employed,Tier_2,3170,3570,680,3280,1460,1950,600,820,1190,50,990,17760,23.0,4510,1840,100,110,20,100,150,680,180,20,40,0,250
3907,79300,32,0,Salaried,Tier_2,23770,5610,2560,10300,5730,5940,1490,3950,3980,90,3900,67320,10.0,7930,11980,710,170,80,310,570,2080,450,120,120,0,980
3908,29400,30,3,Salaried,Tier_1,8740,6120,1010,2730,2510,1430,390,1590,1180,2430,880,29010,16.1,4730,390,260,180,30,80,250,500,120,50,40,70,220
3909,83200,19,1,Salaried,Tier_2,19840,0,840,6230,5920,7400,3260,5290,4930,150,3070,56930,22.5,18720,26270,600,0,30,190,590,2590,980,160,150,0,770
3910,21800,23,0,Freelancer,Tier_2,6270,560,1060,2630,1900,1900,250,900,570,40,1190,17270,28.3,6170,4530,190,20,30,80,190,660,80,30,20,0,300
3911,88300,45,1,Self-Employed,Tier_1,20930,0,2010,9820,7750,2570,3100,2310,4540,940,4460,58430,16.3,14390,29870,630,0,60,290,780,900,930,70,140,30,1120
3912,74200,32,1,Salaried,Tier_3,21570,7090,1190,9310,4330,4200,940,2730,1890,7960,2480,63690,34.2,25380,10510,650,210,40,280,430,1470,280,80,60,240,620
3913,63800,37,0,Business Owner,Tier_1,21900,8310,2710,5510,4800,2960,1850,2080,830,40,2240,53230,25.2,16080,10570,660,250,80,170,480,1040,560,60,20,0,560
3914,49400,24,0,Salaried,Tier_3,9320,0,2440,6280,1500,2050,1190,2270,2640,40,2480,30210,13.5,6670,19190,280,0,70,190,150,720,360,70,80,0,620
3915,71500,51,0,Salaried,Tier_3,17410,0,2960,5610,2520,4390,1280,2890,2490,700,4040,44290,15.2,10870,27210,520,0,90,170,250,1540,380,90,70,20,1010
3916,58200,45,3,Salaried,Tier_3,8490,1420,1850,7700,2190,4280,2290,2010,770,5270,3240,39510,25.9,15070,18690,250,40,60,230,220,1500,690,60,20,160,810
3917,86000,22,2,Salaried,Tier_2,15140,2880,1710,10660,5460,2380,1260,3330,3460,20,5100,51400,13.0,11180,34600,450,90,50,320,550,830,380,100,100,0,1280
3918,38500,46,3,Salaried,Tier_1,13160,1520,640,3330,1390,1440,670,2630,1900,3320,1270,31270,16.9,6510,7230,390,50,20,100,140,500,200,80,60,100,320
3919,135500,43,1,Salaried,Tier_2,29440,0,1930,15220,5810,6430,3570,7960,4360,1410,2820,78950,8.7,11790,56550,880,0,60,460,580,2250,1070,240,130,40,700
3920,66400,22,1,Business Owner,Tier_1,15340,0,1290,5350,2510,2670,1390,4190,1560,30,1990,36320,10.4,6910,30080,460,0,40,160,250,930,420,130,50,0,500
3921,54300,25,2,Salaried,Tier_1,9660,0,1160,4270,3480,1510,1470,1560,2930,80,2230,28350,12.0,6520,25950,290,0,30,130,350,530,440,50,90,0,560
3922,11300,18,0,Student,Tier_3,1630,0,350,810,400,380,330,440,670,120,390,5520,17.7,2000,5780,50,0,10,20,40,130,100,10,20,0,100
3923,130800,30,0,Salaried,Tier_2,29700,6200,6100,10800,8590,11580,5680,6220,1620,2000,5100,93590,33.7,44080,37210,890,190,180,320,860,4050,1700,190,50,60,1280
3924,132700,35,2,Salaried,Tier_1,45320,26070,1690,11450,7210,8430,3200,8890,6220,2020,4880,125380,24.4,32380,7320,1360,780,50,340,720,2950,960,270,190,60,1220
3925,96900,19,3,Salaried,Tier_1,31050,0,1360,8600,5810,6810,1820,5600,2940,30,5550,69570,23.1,22380,27330,930,0,40,260,580,2380,550,170,90,0,1390
3926,97400,31,1,Salaried,Tier_1,19380,0,4030,13120,3680,3830,2280,5210,5360,940,3720,61550,23.1,22500,35850,580,0,120,390,370,1340,680,160,160,30,930
3927,65200,26,3,Self-Employed,Tier_1,13810,8060,2920,9780,5610,6920,1910,2120,2710,500,2850,57190,25.2,16430,8010,410,240,90,290,560,2420,570,60,80,20,710
3928,12900,20,0,Student,Tier_2,3330,0,590,1260,1040,610,610,670,670,80,760,9620,20.9,2700,3280,100,0,20,40,100,210,180,20,20,0,190
3929,104000,41,0,Salaried,Tier_1,19610,13010,3070,8960,3840,2260,3450,5830,4060,1240,6190,71520,22.1,22980,32480,590,390,90,270,380,790,1040,170,120,40,1550
3930,62700,27,0,Business Owner,Tier_3,11850,3360,1610,8580,4570,2720,800,2630,780,660,2510,40070,8.0,5020,22630,360,100,50,260,460,950,240,80,20,20,630
3931,17900,37,1,Self-Employed,Tier_2,2550,0,220,1920,760,1780,560,410,850,30,900,9980,21.1,3780,7920,80,0,10,60,80,620,170,10,30,0,220
3932,102100,48,1,Salaried,Tier_3,22330,6620,3020,14850,9070,6130,4210,2460,5570,1160,4330,79750,26.8,27360,22350,670,200,90,450,910,2150,1260,70,170,30,1080
3933,49100,24,0,Salaried,Tier_2,13460,0,1710,3200,4340,1170,1130,2640,1450,520,1190,30810,30.0,14730,18290,400,0,50,100,430,410,340,80,40,20,300
3934,60700,56,2,Retired,Tier_2,13020,3020,1210,6330,2290,4050,2400,3720,2930,4600,1290,44860,28.1,17060,15840,390,90,40,190,230,1420,720,110,90,140,320
3935,79000,37,2,Salaried,Tier_1,17750,0,1150,12020,6550,5860,3710,2770,1820,940,4190,56760,27.7,21880,22240,530,0,30,360,660,2050,1110,80,50,30,1050
3936,37900,19,2,Salaried,Tier_2,10210,4660,710,3290,1500,810,720,2390,1180,420,1480,27370,23.3,8830,10530,310,140,20,100,150,280,220,70,40,10,370
3937,8100,31,2,Freelancer,Tier_1,2650,50,110,1040,310,390,380,370,140,270,480,6190,16.3,1320,1910,80,0,0,30,30,140,110,10,0,10,120
3938,14600,25,0,Salaried,Tier_1,2200,0,430,1910,940,940,320,700,350,210,320,8320,32.6,4760,6280,70,0,10,60,90,330,100,20,10,10,80
3939,83400,39,0,Salaried,Tier_2,21530,0,3540,6530,6280,7370,2110,2510,2950,620,3030,56470,27.8,23190,26930,650,0,110,200,630,2580,630,80,90,20,760
3940,34800,43,1,Salaried,Tier_1,8340,0,1170,5120,1770,1610,720,1470,490,380,1660,22730,21.3,7410,12070,250,0,40,150,180,560,220,40,10,10,420
3941,74400,46,0,Self-Employed,Tier_2,11430,0,2320,6700,6340,7640,2210,2880,1130,1140,3740,45530,19.6,14580,28870,340,0,70,200,630,2670,660,90,30,30,940
3942,70100,28,1,Salaried,Tier_3,16140,0,2250,10550,4540,2890,3020,2300,4520,970,3910,51090,15.0,10520,19010,480,0,70,320,450,1010,910,70,140,30,980
3943,70300,29,1,Salaried,Tier_1,18500,11580,2470,4670,3680,1580,850,4530,2500,650,3920,54930,32.0,22500,15370,560,350,70,140,370,550,260,140,80,20,980
3944,63900,41,0,Self-Employed,Tier_2,18350,0,1150,4490,3860,4260,2210,3130,2800,790,3820,44860,12.1,7730,19040,550,0,30,130,390,1490,660,90,80,20,960
3945,7700,20,0,Student,Tier_3,1190,0,260,770,280,530,80,220,380,110,420,4240,30.5,2350,3460,40,0,10,20,30,190,20,10,10,0,100
3946,86500,29,3,Salaried,Tier_1,26600,14360,1480,11670,5760,5840,3370,2320,3560,2760,3860,81580,29.9,25860,4920,800,430,40,350,580,2040,1010,70,110,80,960
3947,71600,30,3,Salaried,Tier_2,19870,11410,2280,9240,5910,6270,2440,2160,1410,660,2290,63940,21.1,15110,7660,600,340,70,280,590,2190,730,60,40,20,570
3948,70900,33,1,Salaried,Tier_2,20090,0,2890,5830,6100,4460,1910,3320,1000,7430,1530,54560,16.5,11700,16340,600,0,90,170,610,1560,570,100,30,220,380
3949,95800,29,2,Salaried,Tier_2,21580,0,4330,7200,5430,4750,2510,4940,2520,7160,5330,65750,32.6,31230,30050,650,0,130,220,540,1660,750,150,80,210,1330
3950,48500,24,1,Business Owner,Tier_1,8350,8620,1820,6110,3210,3450,1980,1690,1700,550,2050,39530,26.2,12710,8970,250,260,50,180,320,1210,590,50,50,20,510
3951,27500,21,0,Student,Tier_1,3990,0,1230,2370,1170,2230,580,1030,1390,0,1010,15000,25.6,7040,12500,120,0,40,70,120,780,170,30,40,0,250
3952,4500,21,0,Student,Tier_3,1230,0,170,290,320,310,160,260,230,50,150,3170,10.8,490,1330,40,0,10,10,30,110,50,10,10,0,40
3953,66100,36,2,Salaried,Tier_1,11860,0,960,4730,3330,1940,1880,2050,3910,7060,3030,40750,29.5,19500,25350,360,0,30,140,330,680,560,60,120,210,760
3954,35300,19,2,Salaried,Tier_3,9980,0,580,4080,2970,2090,1480,1900,1000,190,1930,26200,11.9,4200,9100,300,0,20,120,300,730,440,60,30,10,480
3955,8100,21,0,Student,Tier_1,1470,0,270,750,290,300,320,420,140,80,380,4420,33.5,2710,3680,40,0,10,20,30,100,100,10,0,0,100
3956,11000,50,3,Freelancer,Tier_3,2340,1080,410,1500,680,250,420,390,720,190,570,8550,29.5,3240,2450,70,30,10,40,70,90,130,10,20,10,140
3957,60800,31,1,Self-Employed,Tier_2,16550,13290,1040,4450,3420,3500,1300,1600,1980,370,3180,50680,22.8,13860,10120,500,400,30,130,340,1220,390,50,60,10,800
3958,49700,37,1,Salaried,Tier_3,9790,0,1750,6920,3710,1210,780,1300,900,480,2760,29600,16.3,8100,20100,290,0,50,210,370,420,230,40,30,10,690
3959,25500,34,3,Freelancer,Tier_2,6250,1280,910,3340,1540,1760,430,1870,1210,660,1180,20430,27.8,7090,5070,190,40,30,100,150,620,130,60,40,20,300
3960,137800,52,2,Business Owner,Tier_2,19170,23880,3120,15610,8830,7640,6130,3590,3720,1980,4650,98320,22.5,31000,39480,580,720,90,470,880,2670,1840,110,110,60,1160
3961,144500,45,2,Self-Employed,Tier_1,39950,25790,2080,20960,9300,6690,3150,5680,2340,2120,7350,125410,19.2,27740,19090,1200,770,60,630,930,2340,940,170,70,60,1840
3962,101700,19,0,Self-Employed,Tier_3,18990,0,4310,11820,5260,4320,2520,4120,3390,1070,3320,59120,8.1,8240,42580,570,0,130,350,530,1510,760,120,100,30,830
3963,4500,33,2,Freelancer,Tier_3,1180,610,80,570,320,150,120,140,170,200,260,3800,22.9,1030,700,40,20,0,20,30,50,40,0,10,10,60
3964,19600,32,1,Salaried,Tier_3,3410,3210,830,2670,1360,460,390,1090,860,1530,1130,16940,24.1,4720,2660,100,100,20,80,140,160,120,30,30,50,280
3965,57600,28,1,Salaried,Tier_2,16040,4150,630,3940,2170,3450,1280,3390,3110,120,3260,41540,30.3,17450,16060,480,120,20,120,220,1210,380,100,90,0,820
3966,108200,36,3,Business Owner,Tier_2,28500,5810,2770,10650,7130,7620,3310,5860,4200,1030,4250,81130,34.1,36900,27070,860,170,80,320,710,2670,990,180,130,30,1060
3967,155100,44,0,Salaried,Tier_2,23720,0,2060,9480,6450,13010,5630,5590,8620,1170,3440,79170,28.5,44200,75930,710,0,60,280,640,4550,1690,170,260,40,860
3968,87900,19,0,Salaried,Tier_3,22440,12800,2220,9610,4230,5750,3400,1810,2830,970,4000,70060,33.7,29620,17840,670,380,70,290,420,2010,1020,50,80,30,1000
3969,76700,35,2,Salaried,Tier_3,22420,0,870,5480,6120,3020,2080,4480,5240,7390,2240,59340,23.6,18100,17360,670,0,30,160,610,1060,620,130,160,220,560
3970,289300,24,0,Self-Employed,Tier_1,83530,0,10020,40240,18600,23870,13480,9700,10030,3340,9560,222370,9.7,28060,66930,2510,0,300,1210,1860,8350,4040,290,300,100,2390
3971,8300,21,0,Student,Tier_3,1660,0,340,770,580,650,400,220,220,90,170,5100,32.6,2710,3200,50,0,10,20,60,230,120,10,10,0,40
3972,30900,55,0,Retired,Tier_3,6510,6300,1470,2160,2680,1580,1350,1280,1190,110,1400,26030,33.2,10260,4870,200,190,40,60,270,550,400,40,40,0,350
3973,4500,22,0,Student,Tier_3,1170,0,170,570,160,100,150,140,180,70,100,2810,9.8,440,1690,40,0,10,20,20,40,40,0,10,0,20
3974,123500,35,1,Salaried,Tier_1,36580,23980,2880,12440,4270,6050,1370,7890,7150,840,7310,110760,13.0,16060,12740,1100,720,90,370,430,2120,410,240,210,30,1830
3975,30000,40,2,Business Owner,Tier_2,8750,1040,950,3000,2610,2340,940,1900,450,1240,750,23970,24.0,7200,6030,260,30,30,90,260,820,280,60,10,40,190
3976,53800,27,0,Salaried,Tier_3,15990,4400,1960,5010,2840,2900,1480,2500,550,870,1720,40220,32.0,17220,13580,480,130,60,150,280,1010,440,80,20,30,430
3977,14700,20,0,Student,Tier_2,2530,0,720,1250,1120,440,710,870,710,110,850,9310,29.3,4310,5390,80,0,20,40,110,150,210,30,20,0,210
3978,72900,31,0,Self-Employed,Tier_3,19450,0,2090,5390,5710,2480,3130,1490,1150,320,3180,44390,27.1,19760,28510,580,0,60,160,570,870,940,40,30,10,800
3979,94000,30,3,Salaried,Tier_2,12890,4930,4230,7670,4830,6830,4180,2580,4300,140,4460,57040,20.8,19550,36960,390,150,130,230,480,2390,1250,80,130,0,1120
3980,50000,25,0,Salaried,Tier_3,9390,0,1910,4160,2190,1530,740,1390,610,710,2590,25220,11.5,5750,24780,280,0,60,120,220,540,220,40,20,20,650
3981,73100,29,0,Self-Employed,Tier_2,11380,9010,3550,5860,2900,4620,950,3790,2910,1200,3540,49710,16.5,12060,23390,340,270,110,180,290,1620,280,110,90,40,880
3982,83300,44,0,Business Owner,Tier_3,14830,0,4100,7530,5860,5030,2320,4970,2540,730,2160,50070,13.7,11410,33230,440,0,120,230,590,1760,700,150,80,20,540
3983,121700,39,0,Business Owner,Tier_1,25380,0,5290,13110,9760,3170,5320,3560,3790,1280,5530,76190,18.9,23000,45510,760,0,160,390,980,1110,1600,110,110,40,1380
3984,41500,42,4,Salaried,Tier_3,9520,5770,1770,3680,1350,1810,710,2310,1210,540,2360,31030,12.9,5350,10470,290,170,50,110,140,630,210,70,40,20,590
3985,90000,24,2,Salaried,Tier_2,24490,1530,1100,13160,4570,3780,1240,4240,5910,280,3290,63590,24.6,22140,26410,730,50,30,390,460,1320,370,130,180,10,820
3986,66400,28,0,Salaried,Tier_2,18430,13510,1690,4240,2590,1480,3090,2780,1130,380,2340,51660,26.3,17460,14740,550,410,50,130,260,520,930,80,30,10,580
3987,66100,38,3,Business Owner,Tier_1,9640,4340,2020,10930,5490,4520,2780,3590,1150,3700,1340,49500,28.7,18970,16600,290,130,60,330,550,1580,830,110,30,110,340
3988,11100,22,0,Student,Tier_1,3720,0,520,1060,350,280,210,360,190,0,410,7100,17.7,1960,4000,110,0,20,30,40,100,60,10,10,0,100
3989,126800,19,0,Salaried,Tier_1,35460,9260,4050,11220,7940,4110,1780,3410,4510,2180,5220,89140,13.6,17240,37660,1060,280,120,340,790,1440,530,100,140,70,1300
3990,171900,40,2,Salaried,Tier_1,55170,0,3320,15040,6690,14250,7240,6810,2900,19410,5250,136080,14.0,24070,35820,1660,0,100,450,670,4990,2170,200,90,580,1310
3991,112800,46,1,Self-Employed,Tier_1,16620,11130,2450,15030,6340,3540,1620,3510,4660,910,6570,72380,34.2,38580,40420,500,330,70,450,630,1240,490,110,140,30,1640
3992,27600,57,0,Retired,Tier_3,5560,3700,940,2740,2130,720,1190,1330,1020,100,820,20250,13.7,3780,7350,170,110,30,80,210,250,360,40,30,0,200
3993,113900,21,0,Salaried,Tier_1,24110,3280,1770,13190,4470,3310,4970,5100,1700,1000,6610,69510,8.7,9910,44390,720,100,50,400,450,1160,1490,150,50,30,1650
3994,103100,19,2,Salaried,Tier_1,32430,0,2900,13400,4770,6010,3490,3570,5410,210,4390,76580,23.4,24130,26520,970,0,90,400,480,2100,1050,110,160,10,1100
3995,69800,39,1,Self-Employed,Tier_1,15210,9710,1800,9960,5910,6820,730,3050,3050,1190,3640,61070,9.9,6910,8730,460,290,50,300,590,2390,220,90,90,40,910
3996,95300,42,1,Self-Employed,Tier_1,31010,0,1530,10590,3870,8430,2210,3480,3650,550,2630,67950,11.5,10960,27350,930,0,50,320,390,2950,660,100,110,20,660
3997,123200,31,0,Salaried,Tier_1,24540,26520,4740,8930,9420,4770,5250,3980,7380,1110,6780,103420,20.6,25380,19780,740,800,140,270,940,1670,1580,120,220,30,1700
3998,6000,36,2,Salaried,Tier_2,1610,0,210,440,540,450,250,320,370,70,170,4430,31.3,1880,1570,50,0,10,10,50,160,80,10,10,0,40
3999,139100,24,1,Salaried,Tier_1,20490,28230,6920,16930,6960,12260,6660,4910,4250,1600,8170,117380,14.4,20030,21720,610,850,210,510,700,4290,2000,150,130,50,2040
4000,131800,32,5,Salaried,Tier_1,38120,0,5020,21820,8940,11520,5200,10910,4010,4600,2780,112920,25.9,34140,18880,1140,0,150,650,890,4030,1560,330,120,140,700
